drug_name,drug_type,dosage_form,active_ingredient,indication,description,restriction,precautions,source
Aluminium hydroxide + Magnesium hydroxide,,"chewable tab, tab, susp, susp (hosp)",,,หมวดยา: Gastro-intestinal system | หมวดยา: Antacids and other drugs for dyspepsia | ED: ก,,,สำนักงานประสานการพัฒนาบัญชียาหลักแห่งชาติ — ปรับปรุงเมื่อวันที่ 23 พฤษภาคม 2555
Simeticone,,"chewable tab, susp",,,หมวดยา: Gastro-intestinal system | หมวดยา: Antacids and other drugs for dyspepsia | ชื่อพ้อง: Simethicone | ED: ก,,,สำนักงานประสานการพัฒนาบัญชียาหลักแห่งชาติ — ปรับปรุงเมื่อวันที่ 23 พฤษภาคม 2555
Aluminium hydroxide + Magnesium hydroxide + Simeticone 25-50 mg,,"chewable tab, tab",,,หมวดยา: Gastro-intestinal system | หมวดยา: Antacids and other drugs for dyspepsia | ED: ก,,,สำนักงานประสานการพัฒนาบัญชียาหลักแห่งชาติ — ปรับปรุงเมื่อวันที่ 23 พฤษภาคม 2555
Compound Cardamom Mixture เฉพาะสูตรที่ไม่มี sodium bicarbonate,,"mixt, mixt (hosp)",,,หมวดยา: Gastro-intestinal system | หมวดยา: Antacids and other drugs for dyspepsia | ชื่อพ้อง: Mist Carminative | ED: ก,,,สำนักงานประสานการพัฒนาบัญชียาหลักแห่งชาติ — ปรับปรุงเมื่อวันที่ 23 พฤษภาคม 2555
Aluminium hydroxide,,"chewable tab, tab, susp, susp (hosp)",,,หมวดยา: Gastro-intestinal system | หมวดยา: Antacids and other drugs for dyspepsia | ED: ข,,,สำนักงานประสานการพัฒนาบัญชียาหลักแห่งชาติ — ปรับปรุงเมื่อวันที่ 23 พฤษภาคม 2555
Dicycloverine hydrochloride,,tab,,,หมวดยา: Gastro-intestinal system | หมวดยา: Antispasmodics and other drugs altering gut motility | ชื่อพ้อง: Dicyclomine hydrochloride | ED: ก,,,สำนักงานประสานการพัฒนาบัญชียาหลักแห่งชาติ — ปรับปรุงเมื่อวันที่ 23 พฤษภาคม 2555
Domperidone,,"tab (as base/maleate), susp (as base/maleate)",,,หมวดยา: Gastro-intestinal system | หมวดยา: Antispasmodics and other drugs altering gut motility | ED: ก,,,สำนักงานประสานการพัฒนาบัญชียาหลักแห่งชาติ — ปรับปรุงเมื่อวันที่ 23 พฤษภาคม 2555
Hyoscine butylbromide,,"tab, syr, sterile sol",,,หมวดยา: Gastro-intestinal system | หมวดยา: Antispasmodics and other drugs altering gut motility | ชื่อพ้อง: Hyoscine-n-butylbromide | ED: ก,,,สำนักงานประสานการพัฒนาบัญชียาหลักแห่งชาติ — ปรับปรุงเมื่อวันที่ 23 พฤษภาคม 2555
Metoclopramide,,"tab, syr, sterile sol",,,หมวดยา: Gastro-intestinal system | หมวดยา: Antispasmodics and other drugs altering gut motility | ED: ก,,,สำนักงานประสานการพัฒนาบัญชียาหลักแห่งชาติ — ปรับปรุงเมื่อวันที่ 23 พฤษภาคม 2555
Mebeverine hydrochloride,,tab,,,หมวดยา: Gastro-intestinal system | หมวดยา: Antispasmodics and other drugs altering gut motility | ED: ข,,,สำนักงานประสานการพัฒนาบัญชียาหลักแห่งชาติ — ปรับปรุงเมื่อวันที่ 23 พฤษภาคม 2555
Omeprazole,,EC cap (as base),,,หมวดยา: Gastro-intestinal system | หมวดยา: Ulcer-healing drugs and drugs used in variceal bleeding | ED: ก,,,สำนักงานประสานการพัฒนาบัญชียาหลักแห่งชาติ — ปรับปรุงเมื่อวันที่ 23 พฤษภาคม 2555
Ranitidine hydrochloride,,film coated tab,,,หมวดยา: Gastro-intestinal system | หมวดยา: Ulcer-healing drugs and drugs used in variceal bleeding | ED: ก,,,สำนักงานประสานการพัฒนาบัญชียาหลักแห่งชาติ — ปรับปรุงเมื่อวันที่ 23 พฤษภาคม 2555
Omeprazole sodium,,sterile pwdr,,,หมวดยา: Gastro-intestinal system | หมวดยา: Ulcer-healing drugs and drugs used in variceal bleeding | ED: ข,,,สำนักงานประสานการพัฒนาบัญชียาหลักแห่งชาติ — ปรับปรุงเมื่อวันที่ 23 พฤษภาคม 2555
Ranitidine hydrochloride,,sterile sol,,,หมวดยา: Gastro-intestinal system | หมวดยา: Ulcer-healing drugs and drugs used in variceal bleeding | ED: ข,,,สำนักงานประสานการพัฒนาบัญชียาหลักแห่งชาติ — ปรับปรุงเมื่อวันที่ 23 พฤษภาคม 2555
Pantoprazole sodium,,sterile pwdr,,,หมวดยา: Gastro-intestinal system | หมวดยา: Ulcer-healing drugs and drugs used in variceal bleeding | ED: ค,,,สำนักงานประสานการพัฒนาบัญชียาหลักแห่งชาติ — ปรับปรุงเมื่อวันที่ 23 พฤษภาคม 2555
Sucralfate,,"tab, susp",,,หมวดยา: Gastro-intestinal system | หมวดยา: Ulcer-healing drugs and drugs used in variceal bleeding | ED: ค,ใช้เฉพาะกรณีหญิงตั้งครรภ์,,สำนักงานประสานการพัฒนาบัญชียาหลักแห่งชาติ — ปรับปรุงเมื่อวันที่ 23 พฤษภาคม 2555
Bismuth  subsalicylate,,tab,,,หมวดยา: Gastro-intestinal system | หมวดยา: Ulcer-healing drugs and drugs used in variceal bleeding | ED: ง,"1. ใช้เป็น second-line drug  ในการกำจัด H.pyroli
2. ห้ามใช้ในเด็กอายุน้อยกว่า 12 ปี",,สำนักงานประสานการพัฒนาบัญชียาหลักแห่งชาติ — ปรับปรุงเมื่อวันที่ 23 พฤษภาคม 2555
Lauromacrogol 400,,sterile sol,,,หมวดยา: Gastro-intestinal system | หมวดยา: Ulcer-healing drugs and drugs used in variceal bleeding | ชื่อพ้อง: Polidocanol | ED: ง,"1. ใช้ช่วยห้าม variceal bleeding ผ่านทาง endoscopy และใช้สำหรับ sclerotherapy
2. ใช้สำหรับ varicose vein และ hemorrhoid",,สำนักงานประสานการพัฒนาบัญชียาหลักแห่งชาติ — ปรับปรุงเมื่อวันที่ 23 พฤษภาคม 2555
Octreotide acetate,,sterile sol (เฉพาะ 0.1 mg/ 1 ml ) ยกเว้นชนิดออกฤทธิ์นาน,,,หมวดยา: Gastro-intestinal system | หมวดยา: Ulcer-healing drugs and drugs used in variceal bleeding | ED: ง,"1. ใช้สำหรับ high output pancreatic fistula
2. ใช้สำหรับ variceal bleeding ในกรณีที่มีหลักฐานว่าเป็นภาวะเลือดออกจาก portal hypertensive gastropathy โดยใช้ร่วมกับ therapeutic endoscopic intervention",,สำนักงานประสานการพัฒนาบัญชียาหลักแห่งชาติ — ปรับปรุงเมื่อวันที่ 23 พฤษภาคม 2555
Oral rehydration salts,,"oral pwdr, oral pwdr (hosp)","เมื่อผสมน้ำแล้วมีตัวยาสำคัญต่อลิตร ดังนี้    
- Sodium chloride                  2.6 g  
- Trisodium citrate dihydrate   2.9 g
- Potassium chloride             1.5 g
- Glucose                           13.5 g
และมี  molar concentration ต่อลิตรดังนี้   
- Glucose       75 mEq
- Sodium        75 mEq 
- Chloride       65 mEq 
- Potassium   20 mEq 
- Citrate         10 mmol
- Osmolarity 245 mOsm",การชดเชยสารน้ำและเกลือแร่เป็นเป้าหมายสำคัญในการรักษาโรคท้องร่วงเฉียบพลัน การใช้ยาต้านแบคทีเรียในผู้ป่วยส่วนใหญ่เป็นสิ่งไม่จำเป็นและควรหลีกเลี่ยง,หมวดยา: Gastro-intestinal system | หมวดยา: Drugs used in acute diarrhea | ชื่อพ้อง: ORS | ED: ก,,,สำนักงานประสานการพัฒนาบัญชียาหลักแห่งชาติ — ปรับปรุงเมื่อวันที่ 23 พฤษภาคม 2555
Zinc sulfate,,oral sol (hosp),,ปัจจุบันองค์การอนามัยโลกและยูนิเซพแนะนำให้เด็กเล็กอายุต่ำกว่า 5 ขวบทุกคน ที่มีอาการท้องร่วงได้รับธาตุสังกะสีเสริมในกระบวนการรักษา โดยให้ยานาน 10-14 วัน เพราะช่วยลดความรุนแรงของโรค ลดระยะเวลาการเป็นโรคและป้องกันการเกิดท้องร่วงในครั้งถัดไปได้ด้วย,หมวดยา: Gastro-intestinal system | หมวดยา: Drugs used in acute diarrhea | ED: ก,,,สำนักงานประสานการพัฒนาบัญชียาหลักแห่งชาติ — ปรับปรุงเมื่อวันที่ 23 พฤษภาคม 2555
Loperamide hydrochloride,,"cap, tab",,,หมวดยา: Gastro-intestinal system | หมวดยา: Drugs used in acute diarrhea | ED: ข,ห้ามใช้กับเด็กอายุน้อยกว่า 12 ปี ควรใช้กับผู้ใหญ่เฉพาะเมื่อจำเป็นและไม่มีข้อห้ามใช้,,สำนักงานประสานการพัฒนาบัญชียาหลักแห่งชาติ — ปรับปรุงเมื่อวันที่ 23 พฤษภาคม 2555
Sulfasalazine,,"tab, EC tab",,,หมวดยา: Gastro-intestinal system | หมวดยา: Drugs used in chronic bowel disorders | ED: ค,ใช้สำหรับ chronic inflammatory bowel disease,,สำนักงานประสานการพัฒนาบัญชียาหลักแห่งชาติ — ปรับปรุงเมื่อวันที่ 23 พฤษภาคม 2555
Mesalazine,,"EC tab , rectal supp",,,หมวดยา: Gastro-intestinal system | หมวดยา: Drugs used in chronic bowel disorders | ชื่อพ้อง: Mesalamine | ED: ค,"1.ชนิดเม็ด ใช้เป็นทางเลือกของ sulfasalazine ในกรณีผู้ป่วยแพ้ยากลุ่มซัลฟา หรือต้องการลดอาการข้างเคียงจากการใช้ยา
2.ชนิดเหน็บทวารหนัก ใช้สำหรับ ulcerative colitis (บริเวณ sigmoid และ rectum) และ radiation proctitis",,สำนักงานประสานการพัฒนาบัญชียาหลักแห่งชาติ — ปรับปรุงเมื่อวันที่ 23 พฤษภาคม 2555
Bisacodyl,,"EC tab, rectal supp",,,หมวดยา: Gastro-intestinal system | หมวดยา: Laxatives | ED: ก,,,สำนักงานประสานการพัฒนาบัญชียาหลักแห่งชาติ — ปรับปรุงเมื่อวันที่ 23 พฤษภาคม 2555
Castor oil,,oil,,,หมวดยา: Gastro-intestinal system | หมวดยา: Laxatives | ED: ก,,,สำนักงานประสานการพัฒนาบัญชียาหลักแห่งชาติ — ปรับปรุงเมื่อวันที่ 23 พฤษภาคม 2555
Glycerol,,rectal supp,,,หมวดยา: Gastro-intestinal system | หมวดยา: Laxatives | ED: ก,,,สำนักงานประสานการพัฒนาบัญชียาหลักแห่งชาติ — ปรับปรุงเมื่อวันที่ 23 พฤษภาคม 2555
Senna,,tab,,,หมวดยา: Gastro-intestinal system | หมวดยา: Laxatives | ED: ก,,,สำนักงานประสานการพัฒนาบัญชียาหลักแห่งชาติ — ปรับปรุงเมื่อวันที่ 23 พฤษภาคม 2555
Magnesium hydroxide,,"susp, susp (hosp)",,,หมวดยา: Gastro-intestinal system | หมวดยา: Laxatives | ED: ก,,,สำนักงานประสานการพัฒนาบัญชียาหลักแห่งชาติ — ปรับปรุงเมื่อวันที่ 23 พฤษภาคม 2555
Magnesium sulfate,,"mixt, mixt (hosp), sol, sol (hosp)",,,หมวดยา: Gastro-intestinal system | หมวดยา: Laxatives | ED: ก,,,สำนักงานประสานการพัฒนาบัญชียาหลักแห่งชาติ — ปรับปรุงเมื่อวันที่ 23 พฤษภาคม 2555
Sodium phosphates,,enema,"มีตัวยาสำคัญต่อ 100 ml ดังนี้
- Sodium biphosphate 15.2-16.8 g
- Sodium phosphate     5.7-6.3 g",,หมวดยา: Gastro-intestinal system | หมวดยา: Laxatives | ED: ก,,,สำนักงานประสานการพัฒนาบัญชียาหลักแห่งชาติ — ปรับปรุงเมื่อวันที่ 23 พฤษภาคม 2555
Lactulose,,syr,,,หมวดยา: Gastro-intestinal system | หมวดยา: Laxatives | ED: ข,ใช้สำหรับ hepatic encephalopathy หรือ chronic constipation ในเด็กอายุน้อยกว่า 6 ปี หรือใช้เป็นทางเลือกในหญิงตั้งครรภ์,,สำนักงานประสานการพัฒนาบัญชียาหลักแห่งชาติ — ปรับปรุงเมื่อวันที่ 23 พฤษภาคม 2555
Macrogols with electrolytes,,oral pwdr (hosp),,,"หมวดยา: Gastro-intestinal system | หมวดยา: Laxatives | ชื่อพ้อง: Polyethylene glycol, PEG | ED: ค | หมายเหตุ: ไม่แนะนำให้ใช้เป็นยาระบายหรือยาถ่าย",ใช้สำหรับเตรียมลำไส้ใหญ่ก่อนการผ่าตัดหรือตรวจลำไส้,,สำนักงานประสานการพัฒนาบัญชียาหลักแห่งชาติ — ปรับปรุงเมื่อวันที่ 23 พฤษภาคม 2555
Sodium phosphates,,oral sol,"มีตัวยาสำคัญต่อ 5 ml ดังนี้
- Sodium biphosphate  0.9 g
- Sodium phosphate    2.4 g",,หมวดยา: Gastro-intestinal system | หมวดยา: Laxatives | ED: ค,ใช้สำหรับเตรียมลำไส้ใหญ่ก่อนการผ่าตัดหรือตรวจลำไส้,"1. ไม่ควรรับประทานเกินครั้งละ 45 มิลลิลิตร และไม่เกิน 90 มิลลิลิตรภายใน 24 ชั่วโมง  
2. ไม่แนะนำให้ใช้ยานี้เพื่อทดแทนการขาดฟอสเฟต หรือใช้เป็นยาระบายหรือยาถ่าย
3. ควรระวังในผู้ป่วยสูงอายุ ผู้ป่วยโรคไตวาย และผู้ป่วยโรคหัวใจล้มเหลว",สำนักงานประสานการพัฒนาบัญชียาหลักแห่งชาติ — ปรับปรุงเมื่อวันที่ 23 พฤษภาคม 2555
Local anesthetic + Corticosteroid with/without astringent,,"cream, oint, rectal supp",,,หมวดยา: Gastro-intestinal system | หมวดยา: Local preparations for anal and rectal disorders | ED: ข,"1. หนึ่งรูปแบบให้เลือก 1 สูตร 
2. ใช้ไม่เกิน 7 วัน",,สำนักงานประสานการพัฒนาบัญชียาหลักแห่งชาติ — ปรับปรุงเมื่อวันที่ 23 พฤษภาคม 2555
Colestyramine,,oral pwdr,,,หมวดยา: Gastro-intestinal system | หมวดยา: Drugs affecting intestinal secretions | ชื่อพ้อง: Cholestyramine | ED: ข,ใช้สำหรับ bile-acid diarrhea และ short bowel syndrome,,สำนักงานประสานการพัฒนาบัญชียาหลักแห่งชาติ — ปรับปรุงเมื่อวันที่ 23 พฤษภาคม 2555
Pancreatic enzymes,,"cap, tab , EC cap , EC tab","ต้องมี lipase activity ไม่น้อยกว่า 1,200 USP units/cap หรือ tab",,หมวดยา: Gastro-intestinal system | หมวดยา: Drugs affecting intestinal secretions | ED: ง,ใช้เฉพาะผู้ป่วยที่เป็น pancreatic insufficiency เท่านั้น,,สำนักงานประสานการพัฒนาบัญชียาหลักแห่งชาติ — ปรับปรุงเมื่อวันที่ 23 พฤษภาคม 2555
Ursodeoxycholic acid,,cap,,,หมวดยา: Gastro-intestinal system | หมวดยา: Drugs affecting intestinal secretions | ชื่อพ้อง: Ursodiol | ED: ง | หมายเหตุ: ส่วนใหญ่นิ่วในถุงน้ำดีใช้ยานี้ไม่ได้ผล,"ใช้สำหรับ cholestatic liver disease ได้แก่ primary biliary cirrhosis, sclerosing cholangitis, biliary atresia, neonatal hepatitis,chronic cholestasis และ TPN-induced cholestasis",,สำนักงานประสานการพัฒนาบัญชียาหลักแห่งชาติ — ปรับปรุงเมื่อวันที่ 23 พฤษภาคม 2555
Digoxin,,"tab, elixir, sterile sol",,,หมวดยา: Cardiovascular system | หมวดยา: Positive inotropic drugs | ED: ก,,,สำนักงานประสานการพัฒนาบัญชียาหลักแห่งชาติ — ปรับปรุงเมื่อวันที่ 23 พฤษภาคม 2555
Milrinone lactate,,sterile sol,,,หมวดยา: Cardiovascular system | หมวดยา: Positive inotropic drugs | ED: ง,"1. ใช้เพิ่มการบีบตัวของหัวใจในผู้ป่วยหลังการผ่าตัดหัวใจ
2. ใช้ทดแทนหรือเสริม dopamine หรือ dobutamine ใน advanced heart failure
3. ใช้เพื่อเพิ่มการบีบตัวของหัวใจในผู้ป่วย advanced heart failure ที่เคยใช้ beta blocker มาก่อน",,สำนักงานประสานการพัฒนาบัญชียาหลักแห่งชาติ — ปรับปรุงเมื่อวันที่ 23 พฤษภาคม 2555
Furosemide,,"tab, sterile sol",,,หมวดยา: Cardiovascular system | หมวดยา: Diuretics | ED: ก,,,สำนักงานประสานการพัฒนาบัญชียาหลักแห่งชาติ — ปรับปรุงเมื่อวันที่ 23 พฤษภาคม 2555
Hydrochlorothiazide,,tab,,,หมวดยา: Cardiovascular system | หมวดยา: Diuretics | ชื่อพ้อง: HCTZ | ED: ก,,,สำนักงานประสานการพัฒนาบัญชียาหลักแห่งชาติ — ปรับปรุงเมื่อวันที่ 23 พฤษภาคม 2555
Mannitol,,sterile sol,,,หมวดยา: Cardiovascular system | หมวดยา: Diuretics | ED: ก,,,สำนักงานประสานการพัฒนาบัญชียาหลักแห่งชาติ — ปรับปรุงเมื่อวันที่ 23 พฤษภาคม 2555
Spironolactone,,tab,,,หมวดยา: Cardiovascular system | หมวดยา: Diuretics | ED: ก,,,สำนักงานประสานการพัฒนาบัญชียาหลักแห่งชาติ — ปรับปรุงเมื่อวันที่ 23 พฤษภาคม 2555
Amiloride hydrochloride + Hydrochlorothiazide (HCTZ),,tab (เฉพาะ 5 + 50 mg),,,หมวดยา: Cardiovascular system | หมวดยา: Diuretics | ED: ข,,,สำนักงานประสานการพัฒนาบัญชียาหลักแห่งชาติ — ปรับปรุงเมื่อวันที่ 23 พฤษภาคม 2555
Adenosine,,sterile sol,,,หมวดยา: Cardiovascular system | หมวดยา: Anti-arrhythmic drugs | ED: ก,ใช้สำหรับ supraventricular arrhythmias และการตรวจพิเศษทางหัวใจ,,สำนักงานประสานการพัฒนาบัญชียาหลักแห่งชาติ — ปรับปรุงเมื่อวันที่ 23 พฤษภาคม 2555
Atropine sulfate,,sterile sol,,,หมวดยา: Cardiovascular system | หมวดยา: Anti-arrhythmic drugs | ED: ก,ใช้สำหรับ symptomatic bradycardia และการตรวจพิเศษทางหัวใจ,,สำนักงานประสานการพัฒนาบัญชียาหลักแห่งชาติ — ปรับปรุงเมื่อวันที่ 23 พฤษภาคม 2555
Lidocaine hydrochloride (preservative free),ยากำพร้า,"sterile sol (เฉพาะ 1%,2%)/sterile sol (hosp)",,,หมวดยา: Cardiovascular system | หมวดยา: Anti-arrhythmic drugs | ED: ก,ใช้สำหรับ ventricular arrhythmias,,สำนักงานประสานการพัฒนาบัญชียาหลักแห่งชาติ — ปรับปรุงเมื่อวันที่ 23 พฤษภาคม 2555
Magnesium sulfate,,sterile sol,,,หมวดยา: Cardiovascular system | หมวดยา: Anti-arrhythmic drugs | ED: ก,ใช้สำหรับ ventricular tachycardia และ refractory supraventricular tachyarrhythmias,,สำนักงานประสานการพัฒนาบัญชียาหลักแห่งชาติ — ปรับปรุงเมื่อวันที่ 23 พฤษภาคม 2555
Verapamil,,sterile sol,,,หมวดยา: Cardiovascular system | หมวดยา: Anti-arrhythmic drugs | ED: ก,ใช้สำหรับ supraventricular arrhythmias (SVT) และ atrial fibrillation (AF),,สำนักงานประสานการพัฒนาบัญชียาหลักแห่งชาติ — ปรับปรุงเมื่อวันที่ 23 พฤษภาคม 2555
Amiodarone hydrochloride,,"tab, sterile sol",,,หมวดยา: Cardiovascular system | หมวดยา: Anti-arrhythmic drugs | ED: ค,"ใช้สำหรับ supraventricular, ventricular และ atrial arrhythmias",,สำนักงานประสานการพัฒนาบัญชียาหลักแห่งชาติ — ปรับปรุงเมื่อวันที่ 23 พฤษภาคม 2555
Flecainide acetate,,tab,,,หมวดยา: Cardiovascular system | หมวดยา: Anti-arrhythmic drugs | ED: ง,ใช้กับผู้ป่วยที่ใช้ยาอื่นควบคุมจังหวะการเต้นผิดปกติของหัวใจไม่ได้ผล,,สำนักงานประสานการพัฒนาบัญชียาหลักแห่งชาติ — ปรับปรุงเมื่อวันที่ 23 พฤษภาคม 2555
Propafenone hydrochloride,,tab,,,หมวดยา: Cardiovascular system | หมวดยา: Anti-arrhythmic drugs | ED: ง,"1. ใช้กับผู้ป่วยที่ใช้ยาอื่นควบคุมการเต้นของหัวใจไม่ได้ผล
2. ใช้สำหรับ refractory supraventricular tachyarrhythmias",,สำนักงานประสานการพัฒนาบัญชียาหลักแห่งชาติ — ปรับปรุงเมื่อวันที่ 23 พฤษภาคม 2555
Atenolol,,tab,,,หมวดยา: Cardiovascular system | หมวดยา: Beta-adrenoceptor blocking drugs | ED: ก,,,สำนักงานประสานการพัฒนาบัญชียาหลักแห่งชาติ — ปรับปรุงเมื่อวันที่ 23 พฤษภาคม 2555
Metoprolol tartrate,,immediate release tab,,,หมวดยา: Cardiovascular system | หมวดยา: Beta-adrenoceptor blocking drugs | ED: ก,,,สำนักงานประสานการพัฒนาบัญชียาหลักแห่งชาติ — ปรับปรุงเมื่อวันที่ 23 พฤษภาคม 2555
Propranolol hydrochloride,,tab,,,หมวดยา: Cardiovascular system | หมวดยา: Beta-adrenoceptor blocking drugs | ED: ก,,,สำนักงานประสานการพัฒนาบัญชียาหลักแห่งชาติ — ปรับปรุงเมื่อวันที่ 23 พฤษภาคม 2555
Carvedilol,,tab,,,หมวดยา: Cardiovascular system | หมวดยา: Beta-adrenoceptor blocking drugs | ED: ค,ใช้สำหรับ systolic heart failure,,สำนักงานประสานการพัฒนาบัญชียาหลักแห่งชาติ — ปรับปรุงเมื่อวันที่ 23 พฤษภาคม 2555
Labetalol hydrochloride,ยากำพร้า,sterile sol,,,หมวดยา: Cardiovascular system | หมวดยา: Beta-adrenoceptor blocking drugs | ED: ค,ใช้สำหรับ hypertensive emergencies ในหญิงตั้งครรภ์ ในกรณีที่ไม่สามารถใช้ hydralazine hydrochloride ได้,,สำนักงานประสานการพัฒนาบัญชียาหลักแห่งชาติ — ปรับปรุงเมื่อวันที่ 23 พฤษภาคม 2555
Hydralazine hydrochloride,,"tab, sterile pwdr",,,"หมวดยา: Cardiovascular system | หมวดยา: Drugs affecting the renin-angiotensin system and some other antihypertensive drugs | หมวดยา: Vasodilator antihypertensive drugs | ED: ก | Footnote: ¹ hypertensive emergencies  หมายถึงภาวะที่มี target organ damage (TOD) เช่น hypertensive encephalopathy, acute pulmonary edema, eclampsia เป็นต้น โดยส่วนใหญ่ผู้ป่วยจะมีความดัน diastolic ตั้งแต่ 120-130 mmHg และควรใช้ยาฉีดในการรักษา",ชนิดฉีดใช้สำหรับ hypertensive emergencies¹ ในหญิงตั้งครรภ์,,สำนักงานประสานการพัฒนาบัญชียาหลักแห่งชาติ — ปรับปรุงเมื่อวันที่ 23 พฤษภาคม 2555
Sodium nitroprusside,,sterile pwdr,,,หมวดยา: Cardiovascular system | หมวดยา: Drugs affecting the renin-angiotensin system and some other antihypertensive drugs | หมวดยา: Vasodilator antihypertensive drugs | ED: ก,ใช้เป็นมาตรฐานการรักษาใน hypertensive emergencies (ยกเว้นในหญิงตั้งครรภ์),,สำนักงานประสานการพัฒนาบัญชียาหลักแห่งชาติ — ปรับปรุงเมื่อวันที่ 23 พฤษภาคม 2555
Methyldopa,,tab,,,หมวดยา: Cardiovascular system | หมวดยา: Drugs affecting the renin-angiotensin system and some other antihypertensive drugs | หมวดยา: Centrally acting antihypertensive drugs | ED: ก,ใช้สำหรับรักษาความดันเลือดสูงในหญิงตั้งครรภ์,,สำนักงานประสานการพัฒนาบัญชียาหลักแห่งชาติ — ปรับปรุงเมื่อวันที่ 23 พฤษภาคม 2555
Prazosin hydrochloride,,tab,,,หมวดยา: Cardiovascular system | หมวดยา: Drugs affecting the renin-angiotensin system and some other antihypertensive drugs | หมวดยา: Alpha-adrenoceptor blocking drugs | ED: ข,,,สำนักงานประสานการพัฒนาบัญชียาหลักแห่งชาติ — ปรับปรุงเมื่อวันที่ 23 พฤษภาคม 2555
Doxazosin mesilate,,immediate release tab,,,หมวดยา: Cardiovascular system | หมวดยา: Drugs affecting the renin-angiotensin system and some other antihypertensive drugs | หมวดยา: Alpha-adrenoceptor blocking drugs | ED: ค,,,สำนักงานประสานการพัฒนาบัญชียาหลักแห่งชาติ — ปรับปรุงเมื่อวันที่ 23 พฤษภาคม 2555
Enalapril maleate,,tab,,,หมวดยา: Cardiovascular system | หมวดยา: Drugs affecting the renin-angiotensin system and some other antihypertensive drugs | หมวดยา: Angiotensin-converting enzyme inhibitors | ED: ก,,,สำนักงานประสานการพัฒนาบัญชียาหลักแห่งชาติ — ปรับปรุงเมื่อวันที่ 23 พฤษภาคม 2555
Captopril,,tab,,,"หมวดยา: Cardiovascular system | หมวดยา: Drugs affecting the renin-angiotensin system and some other antihypertensive drugs | หมวดยา: Angiotensin-converting enzyme inhibitors | ED: ก | หมายเหตุ: กรณีที่สถานพยาบาลไม่มียาฉีดหรือไม่สามารถใช้ยาฉีดในการรักษา hypertensive emergencies อาจพิจารณาใช้ captopril เป็นทางเลือกในการรักษา | Footnote: 2 hypertensive urgency หมายถึง ภาวะที่มีความดันเลือดสูงรุนแรง (severe elevated blood pressure) ที่ไม่มีภาวะ target organ 
damage (TOD) โดยส่วนใหญ่ผู้ป่วยจะมีความดัน diastolic ตั้งแต่ 120-130 mmHg ผู้ป่วยเหล่านี้ควรใช้ยารับประทานในการรักษา",ใช้สำหรับ hypertensive urgency²,,สำนักงานประสานการพัฒนาบัญชียาหลักแห่งชาติ — ปรับปรุงเมื่อวันที่ 23 พฤษภาคม 2555
Losartan potassium,,"tab (เฉพาะ 50, 100 mg)",,,หมวดยา: Cardiovascular system | หมวดยา: Drugs affecting the renin-angiotensin system and some other antihypertensive drugs | หมวดยา: Angiotensin-II receptor antagonists | ED: ข,ใช้กับผู้ป่วยที่ใช้ยาในกลุ่ม Angiotensin-converting enzyme inhibitors ไม่ได้ เนื่องจากเกิดอาการไม่พึงประสงค์จากการใช้ยาในกลุ่มดังกล่าว,,สำนักงานประสานการพัฒนาบัญชียาหลักแห่งชาติ — ปรับปรุงเมื่อวันที่ 23 พฤษภาคม 2555
Glyceryl trinitrate,,sterile sol,,,"หมวดยา: Cardiovascular system | หมวดยา: Nitrates, calcium-channel blockers and other vasodilators | หมวดยา: Nitrates | ED: ก",ใช้สำหรับ hypertensive emergencies ในกรณีที่มี coronary ischemia,,สำนักงานประสานการพัฒนาบัญชียาหลักแห่งชาติ — ปรับปรุงเมื่อวันที่ 23 พฤษภาคม 2555
Isosorbide dinitrate,,"tab, sublingual tab",,,"หมวดยา: Cardiovascular system | หมวดยา: Nitrates, calcium-channel blockers and other vasodilators | หมวดยา: Nitrates | ED: ก",,,สำนักงานประสานการพัฒนาบัญชียาหลักแห่งชาติ — ปรับปรุงเมื่อวันที่ 23 พฤษภาคม 2555
Isosorbide mononitrate,,tab,,,"หมวดยา: Cardiovascular system | หมวดยา: Nitrates, calcium-channel blockers and other vasodilators | หมวดยา: Nitrates | ED: ก",,,สำนักงานประสานการพัฒนาบัญชียาหลักแห่งชาติ — ปรับปรุงเมื่อวันที่ 23 พฤษภาคม 2555
Amlodipine besilate,,tab,,,"หมวดยา: Cardiovascular system | หมวดยา: Nitrates, calcium-channel blockers and other vasodilators | หมวดยา: Calcium-channel blockers | รายละเอียดกลุ่ม 3: ยากลุ่มนี้ชนิดที่เป็น short-acting dihydropyridine (เช่น nifedipine immediate release) ไม่แนะนำให้ใช้รักษา essential hypertension, hypertensive emergencies , hypertensive urgency และ angina pectoris เนื่องจากมียาอื่นที่ปลอดภัยกว่า | ED: ก",,,สำนักงานประสานการพัฒนาบัญชียาหลักแห่งชาติ — ปรับปรุงเมื่อวันที่ 23 พฤษภาคม 2555
Diltiazem hydrochloride,,slow release cap/tab (เฉพาะ 120 mg)  ไม่รวมชนิด controlled release,,,"หมวดยา: Cardiovascular system | หมวดยา: Nitrates, calcium-channel blockers and other vasodilators | หมวดยา: Calcium-channel blockers | รายละเอียดกลุ่ม 3: ยากลุ่มนี้ชนิดที่เป็น short-acting dihydropyridine (เช่น nifedipine immediate release) ไม่แนะนำให้ใช้รักษา essential hypertension, hypertensive emergencies , hypertensive urgency และ angina pectoris เนื่องจากมียาอื่นที่ปลอดภัยกว่า | ED: ก",ใช้สำหรับ ischemic heart disease (IHD),,สำนักงานประสานการพัฒนาบัญชียาหลักแห่งชาติ — ปรับปรุงเมื่อวันที่ 23 พฤษภาคม 2555
Verapamil hydrochloride,,"tab, SR tab (เฉพาะ 240 mg)",,,"หมวดยา: Cardiovascular system | หมวดยา: Nitrates, calcium-channel blockers and other vasodilators | หมวดยา: Calcium-channel blockers | รายละเอียดกลุ่ม 3: ยากลุ่มนี้ชนิดที่เป็น short-acting dihydropyridine (เช่น nifedipine immediate release) ไม่แนะนำให้ใช้รักษา essential hypertension, hypertensive emergencies , hypertensive urgency และ angina pectoris เนื่องจากมียาอื่นที่ปลอดภัยกว่า | ED: ก",ใช้สำหรับ ischemic heart disease (IHD),,สำนักงานประสานการพัฒนาบัญชียาหลักแห่งชาติ — ปรับปรุงเมื่อวันที่ 23 พฤษภาคม 2555
Diltiazem hydrochloride,,immediate release tab,,,"หมวดยา: Cardiovascular system | หมวดยา: Nitrates, calcium-channel blockers and other vasodilators | หมวดยา: Calcium-channel blockers | รายละเอียดกลุ่ม 3: ยากลุ่มนี้ชนิดที่เป็น short-acting dihydropyridine (เช่น nifedipine immediate release) ไม่แนะนำให้ใช้รักษา essential hypertension, hypertensive emergencies , hypertensive urgency และ angina pectoris เนื่องจากมียาอื่นที่ปลอดภัยกว่า | ED: ข",ใช้สำหรับ ischemic heart disease (IHD) ไม่แนะนำให้ใช้ในการรักษา essential hypertension,,สำนักงานประสานการพัฒนาบัญชียาหลักแห่งชาติ — ปรับปรุงเมื่อวันที่ 23 พฤษภาคม 2555
Nicardipine hydrochloride,,sterile sol,,,"หมวดยา: Cardiovascular system | หมวดยา: Nitrates, calcium-channel blockers and other vasodilators | หมวดยา: Calcium-channel blockers | รายละเอียดกลุ่ม 3: ยากลุ่มนี้ชนิดที่เป็น short-acting dihydropyridine (เช่น nifedipine immediate release) ไม่แนะนำให้ใช้รักษา essential hypertension, hypertensive emergencies , hypertensive urgency และ angina pectoris เนื่องจากมียาอื่นที่ปลอดภัยกว่า | ED: ค","1. ใช้กับผู้ป่วย hypertensive  emergencies ที่ไม่มีภาวะแทรกซ้อนทางหัวใจ 
2. ใช้เป็นยาแทน (alternative drug) ในกรณีที่ไม่สามารถใช้ยา sodium nitroprusside หรือ glyceryl trinitrate (nitroglycerin) ได้",,สำนักงานประสานการพัฒนาบัญชียาหลักแห่งชาติ — ปรับปรุงเมื่อวันที่ 23 พฤษภาคม 2555
Nifedipine,,SR cap/SR tab (เฉพาะ 20 mg),,,"หมวดยา: Cardiovascular system | หมวดยา: Nitrates, calcium-channel blockers and other vasodilators | หมวดยา: Calcium-channel blockers | รายละเอียดกลุ่ม 3: ยากลุ่มนี้ชนิดที่เป็น short-acting dihydropyridine (เช่น nifedipine immediate release) ไม่แนะนำให้ใช้รักษา essential hypertension, hypertensive emergencies , hypertensive urgency และ angina pectoris เนื่องจากมียาอื่นที่ปลอดภัยกว่า | ED: ง","1. ใช้สำหรับความดันเลือดสูงในหญิงตั้งครรภ์ที่ใช้ methyldopa และ hydralazine แล้วไม่ได้ผล
2. ใช้สำหรับ intractable Raynaud’s phenomenon",,สำนักงานประสานการพัฒนาบัญชียาหลักแห่งชาติ — ปรับปรุงเมื่อวันที่ 23 พฤษภาคม 2555
Nimodipine,,"tab, sterile sol",,,"หมวดยา: Cardiovascular system | หมวดยา: Nitrates, calcium-channel blockers and other vasodilators | หมวดยา: Calcium-channel blockers | รายละเอียดกลุ่ม 3: ยากลุ่มนี้ชนิดที่เป็น short-acting dihydropyridine (เช่น nifedipine immediate release) ไม่แนะนำให้ใช้รักษา essential hypertension, hypertensive emergencies , hypertensive urgency และ angina pectoris เนื่องจากมียาอื่นที่ปลอดภัยกว่า | ED: ง",ใช้โดยแพทย์ผู้เชี่ยวชาญด้านประสาทวิทยาและประสาทศัลยศาสตร์สำหรับป้องกันพยาธิสภาพของระบบประสาทที่อาจดำเนินต่อไปจากการหดตัวของหลอดเลือด ภายหลังการเกิด subarachnoid hemorrhage,,สำนักงานประสานการพัฒนาบัญชียาหลักแห่งชาติ — ปรับปรุงเมื่อวันที่ 23 พฤษภาคม 2555
Sildenafil (as citrate),,tab,,,"หมวดยา: Cardiovascular system | หมวดยา: Nitrates, calcium-channel blockers and other vasodilators | หมวดยา: Other vasodilators | ED: ง","1. ใช้สำหรับผู้ป่วยภาวะ pulmonary arterial hypertension (PAH) ที่เกิดจากโรคหัวใจแต่กำเนิด (CHD) ชนิด  systemic-to-pulmonary shunt หรือโรค idiopathic pulmonary arterial hypertension (IPAH) หรือ  PAH associated with connective tissue disease (CNTD) และ
2. อยู่ใน WHO functional classification of PAH ≥ II และ
3. ได้รับการตรวจวินิจฉัยตามขั้นตอนวิธีที่ปรากฏในแนวทางเวชปฏิบัติ 
4. แนะนำให้หยุดยาเมื่อผลการประเมินทุก 3 เดือนมีอาการทรุดลงอย่างต่อเนื่องอย่างน้อย 2 รอบการประเมินเกณฑ์อาการทรุดลงหมายถึงการตรวจพบอย่างน้อย 2 ข้อต่อไปนี้คือ
     4.1 ตรวจร่างกายมีอาการแสดงของ progressive right heart failure
     4.2 WHO functional classification เพิ่มขึ้นกว่าเดิม
     4.3 6MWT ลดลงกว่าเดิม 25%
     4.4 Echocardiography พบลักษณะที่บ่งชี้ว่าอาการทรุดลงเช่น right atrium และ right ventricle โตขึ้นกว่าเดิม, right ventricular systolic pressure (RVSP) สูงขึ้นกว่าเดิม, RV dysfunction, TAPSE < 1.5 cm, RAP > 15 mmHg, CI ≤ 2 L/min/m2, pericardial effusion",,สำนักงานประสานการพัฒนาบัญชียาหลักแห่งชาติ — ปรับปรุงเมื่อวันที่ 23 พฤษภาคม 2555
Dopamine hydrochloride,,sterile sol,,,หมวดยา: Cardiovascular system | หมวดยา: Sympathomimetics | หมวดยา: Inotropic sympathomimetics | ED: ก,,,สำนักงานประสานการพัฒนาบัญชียาหลักแห่งชาติ — ปรับปรุงเมื่อวันที่ 23 พฤษภาคม 2555
Isoprenaline hydrochloride,,sterile sol,,,หมวดยา: Cardiovascular system | หมวดยา: Sympathomimetics | หมวดยา: Inotropic sympathomimetics | ชื่อพ้อง: Isoproterenol hydrochloride | ED: ก,,,สำนักงานประสานการพัฒนาบัญชียาหลักแห่งชาติ — ปรับปรุงเมื่อวันที่ 23 พฤษภาคม 2555
Dobutamine hydrochloride,,sterile sol,,,หมวดยา: Cardiovascular system | หมวดยา: Sympathomimetics | หมวดยา: Inotropic sympathomimetics | ED: ข,,,สำนักงานประสานการพัฒนาบัญชียาหลักแห่งชาติ — ปรับปรุงเมื่อวันที่ 23 พฤษภาคม 2555
Norepinephrine,,sterile sol (as bitartrate or hydrochloride),,,หมวดยา: Cardiovascular system | หมวดยา: Sympathomimetics | หมวดยา: Vasoconstrictor sympathomimetics | ชื่อพ้อง: Noradrenaline | ED: ก,,,สำนักงานประสานการพัฒนาบัญชียาหลักแห่งชาติ — ปรับปรุงเมื่อวันที่ 23 พฤษภาคม 2555
Ephedrine hydrochloride,วัตถุที่ออกฤทธิ์ต่อจิตและประสาทประเภท 2,sterile sol,,,หมวดยา: Cardiovascular system | หมวดยา: Sympathomimetics | หมวดยา: Vasoconstrictor sympathomimetics | ED: ค,,,สำนักงานประสานการพัฒนาบัญชียาหลักแห่งชาติ — ปรับปรุงเมื่อวันที่ 23 พฤษภาคม 2555
Epinephrine,,sterile sol,,,หมวดยา: Cardiovascular system | หมวดยา: Sympathomimetics | หมวดยา: Drugs used in cardiopulmonary resuscitation | ชื่อพ้อง: Adrenaline | ED: ก,,,สำนักงานประสานการพัฒนาบัญชียาหลักแห่งชาติ — ปรับปรุงเมื่อวันที่ 23 พฤษภาคม 2555
Warfarin sodium,,tab,,,หมวดยา: Cardiovascular system | หมวดยา: Anticoagulants | ED: ค,,,สำนักงานประสานการพัฒนาบัญชียาหลักแห่งชาติ — ปรับปรุงเมื่อวันที่ 23 พฤษภาคม 2555
Heparin sodium,,sterile sol,,,หมวดยา: Cardiovascular system | หมวดยา: Anticoagulants | ED: ค,,,สำนักงานประสานการพัฒนาบัญชียาหลักแห่งชาติ — ปรับปรุงเมื่อวันที่ 23 พฤษภาคม 2555
Enoxaparin sodium,,sterile sol,,,หมวดยา: Cardiovascular system | หมวดยา: Anticoagulants | ED: ค | หมายเหตุ: ในกรณี ACS ที่มีแผนการรักษาแบบ conservative ให้ใช้ fondaparinux แทน ซึ่งมีราคายาตามหมายเหตุของรายการยาลำดับที่ 4,"1. ใช้สำหรับ deep vein thrombosis และ pulmonary embolism
2. ใช้สำหรับ venous stroke และ cardioembolic stroke
3. ใช้กับผู้ป่วย acute coronary syndrome (ACS) ที่ต้องรับการรักษาด้วยวิธี Percutaneous Coronary Intervention",,สำนักงานประสานการพัฒนาบัญชียาหลักแห่งชาติ — ปรับปรุงเมื่อวันที่ 23 พฤษภาคม 2555
Fondaparinux sodium,,sterile sol (2.5 mg/0.5 ml),,,หมวดยา: Cardiovascular system | หมวดยา: Anticoagulants | ED: ง | หมายเหตุ: ราคายา fondaparinux sodiumขนาด 2.5 mg (0.5 ml) ที่ต่อรองได้ syringe ละไม่เกิน 208.65 บาท (ราคารวมภาษีมูลค่าเพิ่ม) กำหนดยืนราคา 730 วัน  นับจากวันถัดจากวันประกาศในราชกิจจานุเบกษา เงื่อนไขและรายละเอียดอื่นๆ ให้ดูตามแบบเสนอยาในเว็บไซต์ www.nlem.in.th,ใช้สำหรับ acute coronary syndrome ที่ไม่ต้องทำ Percutaneous Coronary Intervention (conservative management),,สำนักงานประสานการพัฒนาบัญชียาหลักแห่งชาติ — ปรับปรุงเมื่อวันที่ 23 พฤษภาคม 2555
Aspirin,,"tab (เฉพาะ 75-325 mg), EC tab (เฉพาะ 75-325 mg)",,,หมวดยา: Cardiovascular system | หมวดยา: Antiplatelet drugs | ชื่อพ้อง: Acetylsalicylic acid | ED: ก,,,สำนักงานประสานการพัฒนาบัญชียาหลักแห่งชาติ — ปรับปรุงเมื่อวันที่ 23 พฤษภาคม 2555
Clopidogrel bisulfate,,tab,,,หมวดยา: Cardiovascular system | หมวดยา: Antiplatelet drugs | ED: ง | หมายเหตุ: ระมัดระวังการใช้ยา clopidogrel ร่วมกับ aspirin เนื่องจากเพิ่มความเสี่ยงในการเกิดอาการเลือดออกได้มากกว่าการใช้ aspirin หรือ clopidogrel เพียงชนิดเดียว,"1.  ใช้กับผู้ป่วยที่ใช้ aspirin ไม่ได้ เฉพาะกรณีที่ใช้ป้องกันโรคเกี่ยวกับหลอดเลือดหัวใจหรือสมองแบบ
ทุติยภูมิ (secondary prevention)
2.  ให้ร่วมกับ aspirin หลังการใส่ขดลวดค้ำยันผนังหลอดเลือด (stent) เป็นระยะเวลาไม่เกิน 1 ปี
3.  ใช้ในกรณีผู้ป่วยโรคหลอดเลือดหัวใจที่ได้รับ aspirin แล้วยังเกิด acute coronary syndrome หรือ  recurrent thrombotic events
4.  ในกรณีที่ได้รับการวินิจฉัยอย่างชัดเจนแล้วว่าเป็น non-ST elevated acute coronary syndrome ให้ใช้ clopidogrel ร่วมกับ aspirin เป็นระยะเวลาไม่เกิน 1 ปี",,สำนักงานประสานการพัฒนาบัญชียาหลักแห่งชาติ — ปรับปรุงเมื่อวันที่ 23 พฤษภาคม 2555
Dipyridamole,,sterile sol,,,หมวดยา: Cardiovascular system | หมวดยา: Antiplatelet drugs | ED: ง,ใช้สำหรับการตรวจวินิจฉัยเท่านั้น,,สำนักงานประสานการพัฒนาบัญชียาหลักแห่งชาติ — ปรับปรุงเมื่อวันที่ 23 พฤษภาคม 2555
Eptifibatide,,sterile sol,,,หมวดยา: Cardiovascular system | หมวดยา: Antiplatelet drugs | ED: ง,ใช้ร่วมกับการรักษาด้วยสายสวนขยายหลอดเลือดหัวใจเท่านั้น,,สำนักงานประสานการพัฒนาบัญชียาหลักแห่งชาติ — ปรับปรุงเมื่อวันที่ 23 พฤษภาคม 2555
Ticlopidine hydrochloride,,tab,,,หมวดยา: Cardiovascular system | หมวดยา: Antiplatelet drugs | ED: ง,ใช้กับผู้ป่วยที่ไม่สามารถใช้ clopidogrel ได้ยกเว้นกรณี atrial fibrillation,อาจทำให้เกิด neutropenia การสั่งใช้จึงต้องติดตามระดับเม็ดเลือดขาวทุก 2 สัปดาห์ติดต่อกันใน 3 เดือนแรก จากนั้นควรติดตามเป็นระยะร่วมกับการตรวจการทำงานของตับ,สำนักงานประสานการพัฒนาบัญชียาหลักแห่งชาติ — ปรับปรุงเมื่อวันที่ 23 พฤษภาคม 2555
Streptokinase,,sterile pwdr,,,หมวดยา: Cardiovascular system | หมวดยา: Fibrinolytic drugs | ED: ก,,,สำนักงานประสานการพัฒนาบัญชียาหลักแห่งชาติ — ปรับปรุงเมื่อวันที่ 23 พฤษภาคม 2555
Alteplase,,sterile pwdr,,,หมวดยา: Cardiovascular system | หมวดยา: Fibrinolytic drugs | ชื่อพ้อง: Recombinant tissue - type plasminogen activator | ED: ง,"1. ใช้สำหรับ myocardial ischaemia หรือภาวะหลอดเลือดแดงส่วนปลายอุดตัน ในกรณีที่ผู้ป่วยแพ้ streptokinase หรือเคยได้รับ streptokinase ภายใน 1 ปี 
2. ใช้สำหรับ acute arterial ischaemic stroke โดยแพทย์ผู้เชี่ยวชาญด้านระบบประสาท
3. ใช้สำหรับ Massive pulmonary embolism ในผู้ป่วยที่มีความเสี่ยงต่อการเกิด massive bleeding และมี hemodynamic instability
4. ใช้ในกรณีที่มี acute vascular access thombosis (หมายถึง A-V fistula หรือ A-V graft สำหรับทำ hemodialysis)",,สำนักงานประสานการพัฒนาบัญชียาหลักแห่งชาติ — ปรับปรุงเมื่อวันที่ 23 พฤษภาคม 2555
Tranexamic acid,,sterile sol,,,หมวดยา: Cardiovascular system | หมวดยา: Hemostatics | ED: ก | หมายเหตุ: การใช้ tranexamic acid ไม่สามารถทดแทนการรักษาที่จำเป็นอื่นๆ ได้ เช่น การให้เลือด เป็นต้น,,ใช้กับผู้ป่วยที่ประสบอุบัติเหตุและมีภาวะเลือดออกรุนแรง การให้ยาภายใน 3 ชั่วโมงมีประสิทธิผลในการลดอัตราการเสียชีวิต แต่การให้ยาหลังจาก 3 ชั่วโมงอาจเพิ่มอัตราการเสียชีวิตจากภาวะเลือดออก,สำนักงานประสานการพัฒนาบัญชียาหลักแห่งชาติ — ปรับปรุงเมื่อวันที่ 23 พฤษภาคม 2555
Tranexamic acid,,cap,,,หมวดยา: Cardiovascular system | หมวดยา: Hemostatics | ED: ค,,"1.  ใช้ในทางทันตกรรมเฉพาะกรณีห้ามเลือดด้วยวิธีปกติแล้วไม่ได้ผล
2.  ใช้ก่อนทำหัตถการในช่องปากในผู้ป่วยที่มีแนวโน้มเลือดออกแล้วหยุดยาก
3.  ใช้สำหรับภาวะระดูมากผิดปกติ (menorrhagia)",สำนักงานประสานการพัฒนาบัญชียาหลักแห่งชาติ — ปรับปรุงเมื่อวันที่ 23 พฤษภาคม 2555
"Human thrombin + Calcium chloride 
+ Fibrinogen +Tranexamic acid",,sterile sol,,,หมวดยา: Cardiovascular system | หมวดยา: Hemostatics | ED: ง,"1.  ใช้สำหรับภาวะเลือดออกจากอุบัติเหตุ การถอนฟัน การผ่าตัดผู้ป่วยที่มีภาวะเลือดออกแล้วหยุดยาก เช่น hemophilia, thrombocytopenia, platelet dysfunction, von Willebrand's disease และ congenital factor VII deficiency เป็นต้น
2. ใช้กับผู้ป่วยที่ได้รับการผ่าตัดซึ่งไม่สามารถห้ามเลือดด้วยวิธีปกติได้ เช่น การผ่าตัดตับ การผ่าตัดหัวใจ การผ่าตัดปอด เป็นต้น",,สำนักงานประสานการพัฒนาบัญชียาหลักแห่งชาติ — ปรับปรุงเมื่อวันที่ 23 พฤษภาคม 2555
"Factor VIII concentrate, dried",,sterile preparation for intravenous use,,,หมวดยา: Cardiovascular system | หมวดยา: Hemostatics | ED: จ(1),ใช้สำหรับโครงการศึกษาของสำนักงานหลักประกันสุขภาพแห่งชาติ ที่ชื่อว่า “โครงการพัฒนาระบบการบริหารจัดการ การดูแลผู้ป่วยกลุ่มโรคเลือดออกง่ายฮีโมฟีเลีย ในระบบประกันสุขภาพถ้วนหน้า” เท่านั้น,,สำนักงานประสานการพัฒนาบัญชียาหลักแห่งชาติ — ปรับปรุงเมื่อวันที่ 23 พฤษภาคม 2555
"Factor IX concentrate, dried",,sterile preparation for intravenous use,,,หมวดยา: Cardiovascular system | หมวดยา: Hemostatics | ED: จ(1),"เช่นเดียวกับ Factor VIII concentrate, dried",,สำนักงานประสานการพัฒนาบัญชียาหลักแห่งชาติ — ปรับปรุงเมื่อวันที่ 23 พฤษภาคม 2555
"Factor IX complex (coagulation factors II, VII, IX, X) concentrate,  dried",,sterile preparation for intravenous use,,,หมวดยา: Cardiovascular system | หมวดยา: Hemostatics | ED: จ(1),"เช่นเดียวกับ Factor VIII concentrate, dried",,สำนักงานประสานการพัฒนาบัญชียาหลักแห่งชาติ — ปรับปรุงเมื่อวันที่ 23 พฤษภาคม 2555
Gemfibrozil,,"cap (เฉพาะ 300, 600 mg), tab (เฉพาะ 600 mg)",,,หมวดยา: Cardiovascular system | หมวดยา: Lipid-regulating drugs | ED: ก,,,สำนักงานประสานการพัฒนาบัญชียาหลักแห่งชาติ — ปรับปรุงเมื่อวันที่ 23 พฤษภาคม 2555
Nicotinic acid,,immediate release tab,,,หมวดยา: Cardiovascular system | หมวดยา: Lipid-regulating drugs | ED: ก,,,สำนักงานประสานการพัฒนาบัญชียาหลักแห่งชาติ — ปรับปรุงเมื่อวันที่ 23 พฤษภาคม 2555
Simvastatin,,"tab (เฉพาะ 10, 20 และ 40 mg)",,,หมวดยา: Cardiovascular system | หมวดยา: Lipid-regulating drugs | ED: ก,"1. ใช้เป็นยาเสริม (adjunct therapy) สำหรับภาวะไขมันในเลือดผิดปกติ ร่วมกับการควบคุมอาหารและการปรับเปลี่ยนพฤติกรรม 
2. กรณีใช้ป้องกันโรคหลอดเลือดหัวใจและหลอดเลือดสมองเกณฑ์ในการเริ่มใช้ยาและเป้าหมายในการรักษา ต้องเป็นไปตามเกณฑ์ดังนี้
2.1 การป้องกันแบบทุติยภูมิ (secondary prevention)
2.1.1  ผู้ป่วยมีประวัติเกิด cardiovascular event เริ่มใช้ยาเมื่อ LDL-C ≥ 100 mg/dL โดยมีเป้าหมายลดให้ต่ำกว่า 100 mg/dL กรณีมีโรคหัวใจขาดเลือดรุนแรงลดให้ต่ำกว่า 70 mg/dL 
2.1.2  ผู้ป่วยมีโรคหลอดเลือดหัวใจโคโรนารี (coronary heart disease) เริ่มใช้ยาเมื่อ LDL-C ≥ 130 mg/dL โดยมีเป้าหมายลดให้ต่ำกว่า 100 mg/dL
2.2 การป้องกันแบบปฐมภูมิ (primary prevention)
2.2.1 ผู้ป่วยที่มีความเสี่ยงเทียบเท่าผู้เป็นโรคหลอดเลือดหัวใจโคโรนารี (coronary heart disease risk equivalent) เริ่มใช้ยาเมื่อ LDL-C ≥ 130 mg/dL โดยมีเป้าหมายลดให้ต่ำกว่า 100 mg/dL ผู้ป่วยเหล่านี้ได้แก่ 
2.2.1.1  ผู้ป่วยโรคหลอดเลือดแดงส่วนปลาย, abdominal aortic aneurysm หรือ symptomatic carotid artery disease หรือ
2.2.1.2  ผู้ป่วยโรคเบาหวาน หรือ 
2.2.1.3  ผู้มีความเสี่ยงต่อการเป็นโรคหลอดเลือดหัวใจใน 10 ปีจากการคำนวณด้วย Framingham score (general cardiovascular disease: 10-year risk) เกินกว่า 20%
2.2.2. ผู้ป่วยอื่นๆ ให้ดูว่ามีปัจจัยเสี่ยงต่อไปนี้กี่ข้
1)  สูบบุหรี่
2)  ความดันเลือดสูง (ความดันเลือด ≥ 140/90 มิลลิเมตรปรอท หรือกำลังใช้ยาลดความดันเลือดอยู่)
3)  HDL cholesterol น้อยกว่า 40 mg/dL (หาก HDL-C ≥ 60 mg/dL ให้หักลบจำนวนปัจจัยเสี่ยงออกหนี่งข้อ)
4)  มีประวัติครอบครัว (เฉพาะพ่อ แม่ พี่ น้อง) เป็นโรคหลอดเลือดหัวใจ หรือมีการเสียชีวิตอย่างกะทันหัน ในญาติผู้ชายอายุ ≤ 55 ปี หรือ ญาติผู้หญิงอายุ ≤  65 ปี
5)  อายุ  ผู้ชาย ≥ 45 ปี ผู้หญิง ≥ 55 
2.2.2.1 กรณีมีปัจจัยเสี่ยง 0-1 ข้อ เริ่มใช้ยาเมื่อ LDL-C ≥ 190 mg/dL โดยมีเป้าหมายลดให้ต่ำกว่า 160 mg/dL 
2.2.2.2 กรณีมีปัจจัยเสี่ยงตั้งแต่ 2 ข้อขึ้นไป ให้ประเมินความเสี่ยงต่อการเป็นโรคหลอดเลือดหัวใจใน 10 ปีจากการคำนวณด้วย Framingham score 
· ความเสี่ยงต่ำกว่า 10 % เริ่มให้ยาเมื่อ LDL-C ≥ 160 mg/dL โดยมีเป้าหมายลดให้ต่ำกว่า 130 mg/dL
· ความเสี่ยงระหว่าง 10-20 %  เริ่มให้ยาเมื่อ LDL-C ≥ 130 mg/dL โดยมีเป้าหมายลดให้ต่ำกว่า 130 mg/dL
· ความเสี่ยงมากกว่า 20% ใช้หลักเกณฑ์ตามข้อ 2.2.1","1. กรณีผู้ป่วยรายใหม่ไม่ควรให้ยา simvastatin เกินวันละ 40 mg สำหรับผู้ป่วยที่เคยใช้มานานเกิน 1 ปี โดยไม่เกิดผลข้างเคียงให้ใช้ยาในขนาดเดิมต่อไปได้
2. ห้ามใช้ยา simvastatin ร่วมกับ gemfibrozil, cyclosporine, danazol หรือ ยาในกลุ่ม strong CYP3A4 inhibitors เช่น itraconazole, ketoconazole, erythromycin, clarithromycin, telithromycin, HIV protease inhibitors เป็นต้น หากหลีกเลี่ยงไม่ได้ ให้หยุดยา simvastatin ระหว่างใช้ยาดังกล่าว
3. หลีกเลี่ยงการใช้ยา simvastatin 
3.1 ในขนาดเกินวันละ 20 mg เมื่อใช้ร่วมกับยา amlodipine หรือ amiodarone
3.2 ในขนาดเกินวันละ 10 mg เมื่อใช้ร่วมกับยา diltiazem หรือ verapamil",สำนักงานประสานการพัฒนาบัญชียาหลักแห่งชาติ — ปรับปรุงเมื่อวันที่ 23 พฤษภาคม 2555
Colestyramine,,oral pwdr,,,หมวดยา: Cardiovascular system | หมวดยา: Lipid-regulating drugs | ชื่อพ้อง: Cholestyramine | ED: ข,,,สำนักงานประสานการพัฒนาบัญชียาหลักแห่งชาติ — ปรับปรุงเมื่อวันที่ 23 พฤษภาคม 2555
Fenofibrate,,"cap (เฉพาะ 100, 200 
และ 300 mg)",,,หมวดยา: Cardiovascular system | หมวดยา: Lipid-regulating drugs | ED: ค,,,สำนักงานประสานการพัฒนาบัญชียาหลักแห่งชาติ — ปรับปรุงเมื่อวันที่ 23 พฤษภาคม 2555
Atorvastatin,,tab (เฉพาะ 40 mg),,,หมวดยา: Cardiovascular system | หมวดยา: Lipid-regulating drugs | ED: ง,"1. ใช้กับผู้ป่วยที่ใช้ยา simvastatin ในขนาด 40 mg ติดต่อกัน 6 เดือน แล้วยังไม่สามารถควบคุมระดับ LDL-C ได้ถึงค่าเป้าหมาย (ดูเงื่อนไข simvastatin) หรือ
2. ใช้กับผู้ป่วยที่ไม่สามารถใช้ simvastatin ได้กล่าวคือมีผลข้างเคียง ได้แก่ มีค่า alanine aminotransferase (ALT) เพิ่มขึ้น 3 เท่าของค่าสูงสุดของค่าปกติ (upper limit of normal) หรือค่า Creatine phosphokinase (CPK) เพิ่มขึ้นมากกว่า 5 เท่าของค่าสูงสุดของค่าปกติ","1.  หลีกเลี่ยงการใช้ยา atorvastatin ร่วมกับ cyclosporine, HIV protease inhibitor (tipranavir + ritonavir),  
 hepatitis C protease inhibitor (telaprevir)
2.  หลีกเลี่ยงการใช้ยา atorvastatin  
2.1  ในขนาดเกินวันละ 40 mg เมื่อใช้ร่วมกับยา nelfinavir 
2.2  ในขนาดเกินวันละ 20 mg เมื่อใช้ร่วมกับยา clarithromycin, itraconazole, HIV protease inhibitor (saquinavir + ritonavir, darunavir + ritonavir, fosamprenavir, fosamprenavir + ritonavir)
3.  ระมัดระวังการใช้ยา atorvastatin ร่วมกับยา lopinavir + ritonavir โดยให้ใช้ยา atorvastatin ในขนาดต่ำสุดเท่าที่จำเป็น",สำนักงานประสานการพัฒนาบัญชียาหลักแห่งชาติ — ปรับปรุงเมื่อวันที่ 23 พฤษภาคม 2555
Procaterol hydrochloride,,syr,,,หมวดยา: Respiratory system | หมวดยา: Bronchodilators | หมวดยา: Adrenoceptor agonists | ED: ก,,,สำนักงานประสานการพัฒนาบัญชียาหลักแห่งชาติ — ปรับปรุงเมื่อวันที่ 23 พฤษภาคม 2555
Salbutamol sulfate,,"tab, aqueous sol, DPI, MDI, sol for nebulizer",,,หมวดยา: Respiratory system | หมวดยา: Bronchodilators | หมวดยา: Adrenoceptor agonists | ED: ก,,,สำนักงานประสานการพัฒนาบัญชียาหลักแห่งชาติ — ปรับปรุงเมื่อวันที่ 23 พฤษภาคม 2555
Terbutaline sulfate,,"tab, syr, sterile sol",,,หมวดยา: Respiratory system | หมวดยา: Bronchodilators | หมวดยา: Adrenoceptor agonists | ED: ก,,,สำนักงานประสานการพัฒนาบัญชียาหลักแห่งชาติ — ปรับปรุงเมื่อวันที่ 23 พฤษภาคม 2555
Terbutaline sulfate,,sol for nebulizer,,,หมวดยา: Respiratory system | หมวดยา: Bronchodilators | หมวดยา: Adrenoceptor agonists | ED: ก,,,สำนักงานประสานการพัฒนาบัญชียาหลักแห่งชาติ — ปรับปรุงเมื่อวันที่ 23 พฤษภาคม 2555
Procaterol hydrochloride,,tab,,,หมวดยา: Respiratory system | หมวดยา: Bronchodilators | หมวดยา: Adrenoceptor agonists | ED: ข,,,สำนักงานประสานการพัฒนาบัญชียาหลักแห่งชาติ — ปรับปรุงเมื่อวันที่ 23 พฤษภาคม 2555
Ipratropium bromide + Fenoterol hydrobromide,,"MDI, sol for nebulizer",,,หมวดยา: Respiratory system | หมวดยา: Bronchodilators | หมวดยา: Compound antimuscarinic bronchodilators | ED: ก,,,สำนักงานประสานการพัฒนาบัญชียาหลักแห่งชาติ — ปรับปรุงเมื่อวันที่ 23 พฤษภาคม 2555
Aminophylline,,"tab, sterile sol",,,หมวดยา: Respiratory system | หมวดยา: Bronchodilators | หมวดยา: Theophylline | ED: ก,,,สำนักงานประสานการพัฒนาบัญชียาหลักแห่งชาติ — ปรับปรุงเมื่อวันที่ 23 พฤษภาคม 2555
Theophylline,,"SR cap , SR tab",,,หมวดยา: Respiratory system | หมวดยา: Bronchodilators | หมวดยา: Theophylline | ED: ก,,,สำนักงานประสานการพัฒนาบัญชียาหลักแห่งชาติ — ปรับปรุงเมื่อวันที่ 23 พฤษภาคม 2555
Theophylline + Glyceryl guaiacolate,,syr (50+30 mg in 5 ml),,,หมวดยา: Respiratory system | หมวดยา: Bronchodilators | หมวดยา: Theophylline | ED: ก | หมายเหตุ: จะนำออกจากบัญชี เมื่อจัดหา theophylline syr ได้ เพราะไม่มีหลักฐานชัดเจนที่สนับสนุนเหตุผลในการใช้ยาสูตรผสม,,,สำนักงานประสานการพัฒนาบัญชียาหลักแห่งชาติ — ปรับปรุงเมื่อวันที่ 23 พฤษภาคม 2555
Beclometasone dipropionate,,"DPI, MDI",,,หมวดยา: Respiratory system | หมวดยา: Corticosteroids | ED: ก,,,สำนักงานประสานการพัฒนาบัญชียาหลักแห่งชาติ — ปรับปรุงเมื่อวันที่ 23 พฤษภาคม 2555
Budesonide,,"DPI, MDI, susp for nebulizer",,,หมวดยา: Respiratory system | หมวดยา: Corticosteroids | ED: ก,,,สำนักงานประสานการพัฒนาบัญชียาหลักแห่งชาติ — ปรับปรุงเมื่อวันที่ 23 พฤษภาคม 2555
Fluticasone,,susp for nebulizer,,,หมวดยา: Respiratory system | หมวดยา: Corticosteroids | ED: ก,,,สำนักงานประสานการพัฒนาบัญชียาหลักแห่งชาติ — ปรับปรุงเมื่อวันที่ 23 พฤษภาคม 2555
Fluticasone,,MDI,,,หมวดยา: Respiratory system | หมวดยา: Corticosteroids | ED: ค,ใช้เป็นยาทางเลือกกรณีต้องการใช้ยาที่มี potency สูงในการรักษา,,สำนักงานประสานการพัฒนาบัญชียาหลักแห่งชาติ — ปรับปรุงเมื่อวันที่ 23 พฤษภาคม 2555
Budesonide + Formoterol,,DPI,,,"หมวดยา: Respiratory system | หมวดยา: Corticosteroids | ED: ค | หมายเหตุ: 1.  ใช้สำหรับควบคุมอาการเท่านั้น
2.  การใช้ long acting beta2-agonist (LABA) เช่น formoterol และ salmeterol เป็นยาเดี่ยว เพิ่มความเสี่ยงของโรคหืดกำเริบรุนแรงและการเสียชีวิตจากโรคหืด",,,สำนักงานประสานการพัฒนาบัญชียาหลักแห่งชาติ — ปรับปรุงเมื่อวันที่ 23 พฤษภาคม 2555
Fluticasone + Salmeterol,,"DPI, MDI",,,หมวดยา: Respiratory system | หมวดยา: Corticosteroids | ED: ค | หมายเหตุ: เช่นเดียวกับ Budesonide + Formoterol,,,สำนักงานประสานการพัฒนาบัญชียาหลักแห่งชาติ — ปรับปรุงเมื่อวันที่ 23 พฤษภาคม 2555
Montelukast sodium,,"chewable tab ( เฉพาะ 4 และ 5 mg ), film coated tab ( เฉพาะ 10 mg )",,,หมวดยา: Respiratory system | หมวดยา: Leukotriene receptor antagonists | ED: ค,ชนิด chewable tab 4 mg ใช้ในเด็กอายุตั้งแต่ 2-5 ขวบ,ควรติดตามอาการไม่พึงประสงค์ทาง neuropsychiatric จากการใช้ยาอย่างต่อเนื่อง,สำนักงานประสานการพัฒนาบัญชียาหลักแห่งชาติ — ปรับปรุงเมื่อวันที่ 23 พฤษภาคม 2555
Brompheniramine maleate,,"tab, syr",,,หมวดยา: Respiratory system | หมวดยา: Antihistamines | รายละเอียดกลุ่ม 2: ไม่ควรใช้ antihistamines เป็นประจำ (routinely) ในโรคหวัด (common cold) เนื่องจากมีประสิทธิผลไม่แตกต่างจากยาหลอก (placebo) | ED: ก,,,สำนักงานประสานการพัฒนาบัญชียาหลักแห่งชาติ — ปรับปรุงเมื่อวันที่ 23 พฤษภาคม 2555
Chlorpheniramine maleate,,"cap, tab, syr, sterile sol",,,หมวดยา: Respiratory system | หมวดยา: Antihistamines | รายละเอียดกลุ่ม 2: ไม่ควรใช้ antihistamines เป็นประจำ (routinely) ในโรคหวัด (common cold) เนื่องจากมีประสิทธิผลไม่แตกต่างจากยาหลอก (placebo) | ชื่อพ้อง: Chlorphenamine maleate | ED: ก,,,สำนักงานประสานการพัฒนาบัญชียาหลักแห่งชาติ — ปรับปรุงเมื่อวันที่ 23 พฤษภาคม 2555
Diphenhydramine  hydrochloride,,"cap, sterile sol",,,หมวดยา: Respiratory system | หมวดยา: Antihistamines | รายละเอียดกลุ่ม 2: ไม่ควรใช้ antihistamines เป็นประจำ (routinely) ในโรคหวัด (common cold) เนื่องจากมีประสิทธิผลไม่แตกต่างจากยาหลอก (placebo) | ED: ก,,,สำนักงานประสานการพัฒนาบัญชียาหลักแห่งชาติ — ปรับปรุงเมื่อวันที่ 23 พฤษภาคม 2555
Hydroxyzine hydrochloride,,"tab, syr",,,หมวดยา: Respiratory system | หมวดยา: Antihistamines | รายละเอียดกลุ่ม 2: ไม่ควรใช้ antihistamines เป็นประจำ (routinely) ในโรคหวัด (common cold) เนื่องจากมีประสิทธิผลไม่แตกต่างจากยาหลอก (placebo) | ED: ก,,,สำนักงานประสานการพัฒนาบัญชียาหลักแห่งชาติ — ปรับปรุงเมื่อวันที่ 23 พฤษภาคม 2555
Cetirizine hydrochloride,,"tab, syr",,,หมวดยา: Respiratory system | หมวดยา: Antihistamines | รายละเอียดกลุ่ม 2: ไม่ควรใช้ antihistamines เป็นประจำ (routinely) ในโรคหวัด (common cold) เนื่องจากมีประสิทธิผลไม่แตกต่างจากยาหลอก (placebo) | ED: ก,,,สำนักงานประสานการพัฒนาบัญชียาหลักแห่งชาติ — ปรับปรุงเมื่อวันที่ 23 พฤษภาคม 2555
Loratadine,,"tab, syr",,,หมวดยา: Respiratory system | หมวดยา: Antihistamines | รายละเอียดกลุ่ม 2: ไม่ควรใช้ antihistamines เป็นประจำ (routinely) ในโรคหวัด (common cold) เนื่องจากมีประสิทธิผลไม่แตกต่างจากยาหลอก (placebo) | ED: ก,,,สำนักงานประสานการพัฒนาบัญชียาหลักแห่งชาติ — ปรับปรุงเมื่อวันที่ 23 พฤษภาคม 2555
Phospholipids (ชนิด Poractant alfa หรือ Beractant),,sterile intratracheal susp,,,หมวดยา: Respiratory system | หมวดยา: Pulmonary surfactants | ED: ง,"1. ให้เลือกหนึ่งรายการที่จัดซื้อได้ถูกกว่าระหว่าง Poractant alfa กับ Beractant
2. ใช้โดยผู้เชี่ยวชาญกุมารแพทย์",,สำนักงานประสานการพัฒนาบัญชียาหลักแห่งชาติ — ปรับปรุงเมื่อวันที่ 23 พฤษภาคม 2555
"Dextromethorphan 
hydrobromide",,"tab, syr",,,หมวดยา: Respiratory system | หมวดยา: Cough preparations | หมวดยา: Cough suppressants | ED: ก,,,สำนักงานประสานการพัฒนาบัญชียาหลักแห่งชาติ — ปรับปรุงเมื่อวันที่ 23 พฤษภาคม 2555
Opium and Glycyrrhiza Mixture Compound,,mixt (hosp),,,หมวดยา: Respiratory system | หมวดยา: Cough preparations | หมวดยา: Cough suppressants | ชื่อพ้อง: Brown Mixture ; Mist. Tussis | ED: ก,,,สำนักงานประสานการพัฒนาบัญชียาหลักแห่งชาติ — ปรับปรุงเมื่อวันที่ 23 พฤษภาคม 2555
Squill and Ammonia Mixture,,mixt (hosp),,,หมวดยา: Respiratory system | หมวดยา: Cough preparations | หมวดยา: Cough suppressants | ED: ก,,,สำนักงานประสานการพัฒนาบัญชียาหลักแห่งชาติ — ปรับปรุงเมื่อวันที่ 23 พฤษภาคม 2555
Codeine phosphate + Glyceryl guaiacolate,,tab/cap (เฉพาะ 10+100 mg),,,หมวดยา: Respiratory system | หมวดยา: Cough preparations | หมวดยา: Cough suppressants | ED: ค,,,สำนักงานประสานการพัฒนาบัญชียาหลักแห่งชาติ — ปรับปรุงเมื่อวันที่ 23 พฤษภาคม 2555
Ammonium carbonate and senega mixture,,mixt (hosp),,,หมวดยา: Respiratory system | หมวดยา: Cough preparations | หมวดยา: Expectorant and demulcent cough preparations | รายละเอียดกลุ่ม 3: ยาละลายเสมหะ (mucolytics) ไม่จัดเป็นยาในบัญชียาหลักแห่งชาติ เนื่องจากไม่มีประสิทธิผลทางคลินิกที่ชัดเจน | ED: ก,,,สำนักงานประสานการพัฒนาบัญชียาหลักแห่งชาติ — ปรับปรุงเมื่อวันที่ 23 พฤษภาคม 2555
Glyceryl guaiacolate,,"tab, syr",,,หมวดยา: Respiratory system | หมวดยา: Cough preparations | หมวดยา: Expectorant and demulcent cough preparations | รายละเอียดกลุ่ม 3: ยาละลายเสมหะ (mucolytics) ไม่จัดเป็นยาในบัญชียาหลักแห่งชาติ เนื่องจากไม่มีประสิทธิผลทางคลินิกที่ชัดเจน | ED: ก,,,สำนักงานประสานการพัฒนาบัญชียาหลักแห่งชาติ — ปรับปรุงเมื่อวันที่ 23 พฤษภาคม 2555
Pseudoephedrine  hydrochloride,วัตถุที่ออกฤทธิ์ต่อจิตและประสาทประเภท 2,"tab, syr",,,หมวดยา: Respiratory system | หมวดยา: Systemic nasal decongestants | ED: ก,,,สำนักงานประสานการพัฒนาบัญชียาหลักแห่งชาติ — ปรับปรุงเมื่อวันที่ 23 พฤษภาคม 2555
Aromatic Ammonia Spirit,,"spirit ,spirit (hosp)",,,หมวดยา: Respiratory system | หมวดยา: Other respiratory preparations | ED: ก,,,สำนักงานประสานการพัฒนาบัญชียาหลักแห่งชาติ — ปรับปรุงเมื่อวันที่ 23 พฤษภาคม 2555
Chloral hydrate,วัตถุที่ออกฤทธิ์ต่อจิตและประสาทประเภท 4,oral sol (hosp),,,"หมวดยา: Central nervous system | หมวดยา: Hypnotics and anxiolytics | รายละเอียดกลุ่ม 2: ยานอนหลับ (hypnotics) ไม่จัดเป็นยาในบัญชียาหลักแห่งชาติ เนื่องจากควรรักษาที่ต้นเหตุของการนอนไม่หลับ
การใช้ยาเกินความจำเป็นมักนำไปสู่ปัญหาการติดยา | ED: ก",,,สำนักงานประสานการพัฒนาบัญชียาหลักแห่งชาติ — ปรับปรุงเมื่อวันที่ 23 พฤษภาคม 2555
Chlordiazepoxide,วัตถุที่ออกฤทธิ์ต่อจิตและประสาทประเภท 4,"cap,tab",,,"หมวดยา: Central nervous system | หมวดยา: Hypnotics and anxiolytics | รายละเอียดกลุ่ม 2: ยานอนหลับ (hypnotics) ไม่จัดเป็นยาในบัญชียาหลักแห่งชาติ เนื่องจากควรรักษาที่ต้นเหตุของการนอนไม่หลับ
การใช้ยาเกินความจำเป็นมักนำไปสู่ปัญหาการติดยา | ED: ก",,,สำนักงานประสานการพัฒนาบัญชียาหลักแห่งชาติ — ปรับปรุงเมื่อวันที่ 23 พฤษภาคม 2555
Diazepam,วัตถุที่ออกฤทธิ์ต่อจิตและประสาทประเภท 4,"cap, tab, sterile sol",,,"หมวดยา: Central nervous system | หมวดยา: Hypnotics and anxiolytics | รายละเอียดกลุ่ม 2: ยานอนหลับ (hypnotics) ไม่จัดเป็นยาในบัญชียาหลักแห่งชาติ เนื่องจากควรรักษาที่ต้นเหตุของการนอนไม่หลับ
การใช้ยาเกินความจำเป็นมักนำไปสู่ปัญหาการติดยา | ED: ก",,,สำนักงานประสานการพัฒนาบัญชียาหลักแห่งชาติ — ปรับปรุงเมื่อวันที่ 23 พฤษภาคม 2555
Lorazepam,วัตถุที่ออกฤทธิ์ต่อจิตและประสาทประเภท 4,tab,,,"หมวดยา: Central nervous system | หมวดยา: Hypnotics and anxiolytics | รายละเอียดกลุ่ม 2: ยานอนหลับ (hypnotics) ไม่จัดเป็นยาในบัญชียาหลักแห่งชาติ เนื่องจากควรรักษาที่ต้นเหตุของการนอนไม่หลับ
การใช้ยาเกินความจำเป็นมักนำไปสู่ปัญหาการติดยา | ED: ก",,,สำนักงานประสานการพัฒนาบัญชียาหลักแห่งชาติ — ปรับปรุงเมื่อวันที่ 23 พฤษภาคม 2555
Clonazepam,วัตถุที่ออกฤทธิ์ต่อจิตและประสาทประเภท 4,tab,,,"หมวดยา: Central nervous system | หมวดยา: Hypnotics and anxiolytics | รายละเอียดกลุ่ม 2: ยานอนหลับ (hypnotics) ไม่จัดเป็นยาในบัญชียาหลักแห่งชาติ เนื่องจากควรรักษาที่ต้นเหตุของการนอนไม่หลับ
การใช้ยาเกินความจำเป็นมักนำไปสู่ปัญหาการติดยา | ED: ข",,,สำนักงานประสานการพัฒนาบัญชียาหลักแห่งชาติ — ปรับปรุงเมื่อวันที่ 23 พฤษภาคม 2555
Dipotassium clorazepate,วัตถุที่ออกฤทธิ์ต่อจิตและประสาทประเภท 4,"cap, tab",,,"หมวดยา: Central nervous system | หมวดยา: Hypnotics and anxiolytics | รายละเอียดกลุ่ม 2: ยานอนหลับ (hypnotics) ไม่จัดเป็นยาในบัญชียาหลักแห่งชาติ เนื่องจากควรรักษาที่ต้นเหตุของการนอนไม่หลับ
การใช้ยาเกินความจำเป็นมักนำไปสู่ปัญหาการติดยา | ED: ข",,,สำนักงานประสานการพัฒนาบัญชียาหลักแห่งชาติ — ปรับปรุงเมื่อวันที่ 23 พฤษภาคม 2555
Hydroxyzine hydrochloride,,"tab, syr",,,"หมวดยา: Central nervous system | หมวดยา: Hypnotics and anxiolytics | รายละเอียดกลุ่ม 2: ยานอนหลับ (hypnotics) ไม่จัดเป็นยาในบัญชียาหลักแห่งชาติ เนื่องจากควรรักษาที่ต้นเหตุของการนอนไม่หลับ
การใช้ยาเกินความจำเป็นมักนำไปสู่ปัญหาการติดยา | ED: ข",,,สำนักงานประสานการพัฒนาบัญชียาหลักแห่งชาติ — ปรับปรุงเมื่อวันที่ 23 พฤษภาคม 2555
Alprazolam,วัตถุที่ออกฤทธิ์ต่อจิตและประสาทประเภท 4,tab,,,"หมวดยา: Central nervous system | หมวดยา: Hypnotics and anxiolytics | รายละเอียดกลุ่ม 2: ยานอนหลับ (hypnotics) ไม่จัดเป็นยาในบัญชียาหลักแห่งชาติ เนื่องจากควรรักษาที่ต้นเหตุของการนอนไม่หลับ
การใช้ยาเกินความจำเป็นมักนำไปสู่ปัญหาการติดยา | ED: ง",ให้ติดตามการสั่งใช้,,สำนักงานประสานการพัฒนาบัญชียาหลักแห่งชาติ — ปรับปรุงเมื่อวันที่ 23 พฤษภาคม 2555
Chlorpromazine hydrochloride,,"tab, sterile sol",,,หมวดยา: Central nervous system | หมวดยา: Drugs used in psychoses and related disorders | หมวดยา: Antipsychotic drugs | ED: ก,,,สำนักงานประสานการพัฒนาบัญชียาหลักแห่งชาติ — ปรับปรุงเมื่อวันที่ 23 พฤษภาคม 2555
Fluphenazine,,"tab (as hydrochloride), sterile sol (as decanoate)",,,หมวดยา: Central nervous system | หมวดยา: Drugs used in psychoses and related disorders | หมวดยา: Antipsychotic drugs | ED: ก,,,สำนักงานประสานการพัฒนาบัญชียาหลักแห่งชาติ — ปรับปรุงเมื่อวันที่ 23 พฤษภาคม 2555
Haloperidol,,"tab (as base), oral sol (as base), sterile sol (as base or decanoate)",,,หมวดยา: Central nervous system | หมวดยา: Drugs used in psychoses and related disorders | หมวดยา: Antipsychotic drugs | ED: ก,,,สำนักงานประสานการพัฒนาบัญชียาหลักแห่งชาติ — ปรับปรุงเมื่อวันที่ 23 พฤษภาคม 2555
Perphenazine,,tab,,,หมวดยา: Central nervous system | หมวดยา: Drugs used in psychoses and related disorders | หมวดยา: Antipsychotic drugs | ED: ก,,,สำนักงานประสานการพัฒนาบัญชียาหลักแห่งชาติ — ปรับปรุงเมื่อวันที่ 23 พฤษภาคม 2555
Trifluoperazine hydrochloride,,tab,,,หมวดยา: Central nervous system | หมวดยา: Drugs used in psychoses and related disorders | หมวดยา: Antipsychotic drugs | ED: ก,,,สำนักงานประสานการพัฒนาบัญชียาหลักแห่งชาติ — ปรับปรุงเมื่อวันที่ 23 พฤษภาคม 2555
Clozapine,,tab,,,หมวดยา: Central nervous system | หมวดยา: Drugs used in psychoses and related disorders | หมวดยา: Antipsychotic drugs | ED: ค,"1.ไม่ควรใช้เป็นยาตัวแรกในการรักษา
2.ควรได้รับการวินิจฉัย และการรักษาเบื้องต้นโดยแพทย์ผู้เชี่ยวชาญด้านจิตเวชศาสตร์",,สำนักงานประสานการพัฒนาบัญชียาหลักแห่งชาติ — ปรับปรุงเมื่อวันที่ 23 พฤษภาคม 2555
Flupentixol,,"tab (as hydrochloride), sterile sol (as decanoate)",,,หมวดยา: Central nervous system | หมวดยา: Drugs used in psychoses and related disorders | หมวดยา: Antipsychotic drugs | ชื่อพ้อง: Flupenthixol | ED: ค,ใช้ในกรณีใช้ยาอื่นไม่ได้ผล,,สำนักงานประสานการพัฒนาบัญชียาหลักแห่งชาติ — ปรับปรุงเมื่อวันที่ 23 พฤษภาคม 2555
Pimozide,,tab,,,หมวดยา: Central nervous system | หมวดยา: Drugs used in psychoses and related disorders | หมวดยา: Antipsychotic drugs | ED: ค,"1.ไม่ควรใช้เป็นยาตัวแรกในการรักษา
2.ควรได้รับการวินิจฉัย และการรักษาเบื้องต้นโดยแพทย์ผู้เชี่ยวชาญด้านจิตเวชศาสตร์",,สำนักงานประสานการพัฒนาบัญชียาหลักแห่งชาติ — ปรับปรุงเมื่อวันที่ 23 พฤษภาคม 2555
Risperidone,,"tab (ไม่รวมชนิดละลายในปาก) , oral sol, oral sol/syr (hosp)",,,หมวดยา: Central nervous system | หมวดยา: Drugs used in psychoses and related disorders | หมวดยา: Antipsychotic drugs | ED: ค,"1. ไม่ควรใช้เป็นยาตัวแรกในการรักษา
2. ควรได้รับการวินิจฉัย และการรักษาเบื้องต้นโดยแพทย์ผู้เชี่ยวชาญด้านจิตเวชศาสตร์
3.  ชนิดน้ำใช้กับเด็กหรือผู้ที่ไม่สามารถกินยาเม็ดได้",ไม่ควรใช้ในเด็กอายุต่ำกว่า 5 ขวบ,สำนักงานประสานการพัฒนาบัญชียาหลักแห่งชาติ — ปรับปรุงเมื่อวันที่ 23 พฤษภาคม 2555
Thioridazine hydrochloride,,tab,,,หมวดยา: Central nervous system | หมวดยา: Drugs used in psychoses and related disorders | หมวดยา: Antipsychotic drugs | ED: ค,,,สำนักงานประสานการพัฒนาบัญชียาหลักแห่งชาติ — ปรับปรุงเมื่อวันที่ 23 พฤษภาคม 2555
Zuclopenthixol,,"tab (as hydrochloride), sterile sol/sterile emulsion (as acetate or decanoate)",,,หมวดยา: Central nervous system | หมวดยา: Drugs used in psychoses and related disorders | หมวดยา: Antipsychotic drugs | ED: ค,ใช้ในกรณีใช้ยาอื่นไม่ได้ผล,,สำนักงานประสานการพัฒนาบัญชียาหลักแห่งชาติ — ปรับปรุงเมื่อวันที่ 23 พฤษภาคม 2555
Carbamazepine,,tab,,,หมวดยา: Central nervous system | หมวดยา: Drugs used in psychoses and related disorders | หมวดยา: Antimanic drugs | ED: ก,,,สำนักงานประสานการพัฒนาบัญชียาหลักแห่งชาติ — ปรับปรุงเมื่อวันที่ 23 พฤษภาคม 2555
Lithium carbonate,,"cap, tab",,,หมวดยา: Central nervous system | หมวดยา: Drugs used in psychoses and related disorders | หมวดยา: Antimanic drugs | ED: ก,,,สำนักงานประสานการพัฒนาบัญชียาหลักแห่งชาติ — ปรับปรุงเมื่อวันที่ 23 พฤษภาคม 2555
Sodium valproate,,"EC tab, oral sol",,,หมวดยา: Central nervous system | หมวดยา: Drugs used in psychoses and related disorders | หมวดยา: Antimanic drugs | ED: ก,,,สำนักงานประสานการพัฒนาบัญชียาหลักแห่งชาติ — ปรับปรุงเมื่อวันที่ 23 พฤษภาคม 2555
Carbamazepine,,SR tab,,,หมวดยา: Central nervous system | หมวดยา: Drugs used in psychoses and related disorders | หมวดยา: Antimanic drugs | ED: ข,,,สำนักงานประสานการพัฒนาบัญชียาหลักแห่งชาติ — ปรับปรุงเมื่อวันที่ 23 พฤษภาคม 2555
Sodium valproate,,SR tab,,,หมวดยา: Central nervous system | หมวดยา: Drugs used in psychoses and related disorders | หมวดยา: Antimanic drugs | ED: ข,,,สำนักงานประสานการพัฒนาบัญชียาหลักแห่งชาติ — ปรับปรุงเมื่อวันที่ 23 พฤษภาคม 2555
Lamotrigine,,"tab (เฉพาะ 25, 50, 100 mg)",,,หมวดยา: Central nervous system | หมวดยา: Drugs used in psychoses and related disorders | หมวดยา: Antimanic drugs | ED: ค,"1. ใช้สำหรับ rapid cycling mood disorder หรือ recurrent mood disorder ที่ไม่ตอบสนองต่อการรักษาอื่น
2. ใช้ในกรณีป้องกัน depression ใน Bipolar disorder ที่ไม่ตอบสนองต่อการรักษาอื่น",,สำนักงานประสานการพัฒนาบัญชียาหลักแห่งชาติ — ปรับปรุงเมื่อวันที่ 23 พฤษภาคม 2555
Amitriptyline hydrochloride,,film coated tab,,,หมวดยา: Central nervous system | หมวดยา: Antidepressant drugs | ED: ก,,,สำนักงานประสานการพัฒนาบัญชียาหลักแห่งชาติ — ปรับปรุงเมื่อวันที่ 23 พฤษภาคม 2555
Fluoxetine hydrochloride,,"cap, tab",,,หมวดยา: Central nervous system | หมวดยา: Antidepressant drugs | ED: ก,,,สำนักงานประสานการพัฒนาบัญชียาหลักแห่งชาติ — ปรับปรุงเมื่อวันที่ 23 พฤษภาคม 2555
Imipramine hydrochloride,,tab,,,หมวดยา: Central nervous system | หมวดยา: Antidepressant drugs | ED: ก,,,สำนักงานประสานการพัฒนาบัญชียาหลักแห่งชาติ — ปรับปรุงเมื่อวันที่ 23 พฤษภาคม 2555
Nortriptyline hydrochloride,,tab,,,หมวดยา: Central nervous system | หมวดยา: Antidepressant drugs | ED: ก,,,สำนักงานประสานการพัฒนาบัญชียาหลักแห่งชาติ — ปรับปรุงเมื่อวันที่ 23 พฤษภาคม 2555
Mianserin hydrochloride,,tab,,,หมวดยา: Central nervous system | หมวดยา: Antidepressant drugs | ED: ข,,,สำนักงานประสานการพัฒนาบัญชียาหลักแห่งชาติ — ปรับปรุงเมื่อวันที่ 23 พฤษภาคม 2555
Clomipramine hydrochloride,,tab,,,หมวดยา: Central nervous system | หมวดยา: Antidepressant drugs | ED: ค,,,สำนักงานประสานการพัฒนาบัญชียาหลักแห่งชาติ — ปรับปรุงเมื่อวันที่ 23 พฤษภาคม 2555
Sertraline,,tab(เฉพาะ 50 mg),,,หมวดยา: Central nervous system | หมวดยา: Antidepressant drugs | ED: ค,"1. ไม่ควรใช้เป็นยาตัวแรกในการรักษา
2. ควรได้รับการวินิจฉัยและการรักษาเบื้องต้นโดยแพทย์ผู้เชี่ยวชาญด้านจิตเวชศาสตร์",,สำนักงานประสานการพัฒนาบัญชียาหลักแห่งชาติ — ปรับปรุงเมื่อวันที่ 23 พฤษภาคม 2555
Trazodone hydrochloride,,tab,,,หมวดยา: Central nervous system | หมวดยา: Antidepressant drugs | ED: ค,,,สำนักงานประสานการพัฒนาบัญชียาหลักแห่งชาติ — ปรับปรุงเมื่อวันที่ 23 พฤษภาคม 2555
Methylphenidate,วัตถุที่ออกฤทธิ์ต่อจิตและประสาทประเภท 2,tab (เฉพาะ10 mg),,,หมวดยา: Central nervous system | หมวดยา: Central nervous system stimulants | ED: ค,ใช้สำหรับ Attention-Deficit Hyperactivity Disorder (ADHD),,สำนักงานประสานการพัฒนาบัญชียาหลักแห่งชาติ — ปรับปรุงเมื่อวันที่ 23 พฤษภาคม 2555
Domperidone,,"tab (as base/maleate), susp (as base/maleate)",,,หมวดยา: Central nervous system | หมวดยา: Drugs used in nausea and vertigo | หมวดยา: Drugs used in nausea and vomiting | ED: ก,,,สำนักงานประสานการพัฒนาบัญชียาหลักแห่งชาติ — ปรับปรุงเมื่อวันที่ 23 พฤษภาคม 2555
Metoclopramide,,"tab, syr, sterile sol",,,หมวดยา: Central nervous system | หมวดยา: Drugs used in nausea and vertigo | หมวดยา: Drugs used in nausea and vomiting | ED: ก,,,สำนักงานประสานการพัฒนาบัญชียาหลักแห่งชาติ — ปรับปรุงเมื่อวันที่ 23 พฤษภาคม 2555
Ondansetron,,"tab (as base or hydrochloride), sterile sol (hydrochloreide)",,,หมวดยา: Central nervous system | หมวดยา: Drugs used in nausea and vertigo | หมวดยา: Drugs used in nausea and vomiting | ED: ข,,,สำนักงานประสานการพัฒนาบัญชียาหลักแห่งชาติ — ปรับปรุงเมื่อวันที่ 23 พฤษภาคม 2555
Dimenhydrinate,,"compressed tab, film coated tab, syr, sterile sol",,,หมวดยา: Central nervous system | หมวดยา: Drugs used in nausea and vertigo | หมวดยา: Drugs used in vestibular disorders | ED: ก,,,สำนักงานประสานการพัฒนาบัญชียาหลักแห่งชาติ — ปรับปรุงเมื่อวันที่ 23 พฤษภาคม 2555
Betahistine mesilate,,"tab (เฉพาะ 6, 12 mg)",,,หมวดยา: Central nervous system | หมวดยา: Drugs used in nausea and vertigo | หมวดยา: Drugs used in vestibular disorders | ชื่อพ้อง: Betahistine mesylate | ED: ข,,,สำนักงานประสานการพัฒนาบัญชียาหลักแห่งชาติ — ปรับปรุงเมื่อวันที่ 23 พฤษภาคม 2555
Paracetamol,,"tab, syr",,,หมวดยา: Central nervous system | หมวดยา: Analgesics and antipyretics | ชื่อพ้อง: Acetaminophen | ED: ก | หมายเหตุ: แนะนำให้ใช้เป็น first-line drug สำหรับ osteoarthritis,,,สำนักงานประสานการพัฒนาบัญชียาหลักแห่งชาติ — ปรับปรุงเมื่อวันที่ 23 พฤษภาคม 2555
Aspirin,,"compressed tab, film coated tab (เฉพาะขนาด 300 mg ขึ้นไป)",,,หมวดยา: Central nervous system | หมวดยา: Analgesics and antipyretics | ชื่อพ้อง: Acetylsalicylic acid | ED: ก | หมายเหตุ: Aspirin ชนิด EC tab ดูดซึมได้ช้าจึงมีการเริ่มต้นออกฤทธิ์ช้า ไม่เหมาะจะนำมาใช้ในข้อบ่งใช้นี้,,ห้ามใช้ในเด็กและวัยรุ่นอายุต่ำกว่า 18 ปี สำหรับลดไข้ แก้ปวด เพราะเสี่ยงต่อการเกิด Reye's syndrome,สำนักงานประสานการพัฒนาบัญชียาหลักแห่งชาติ — ปรับปรุงเมื่อวันที่ 23 พฤษภาคม 2555
Ibuprofen,,"film coated tab, susp",,,หมวดยา: Central nervous system | หมวดยา: Analgesics and antipyretics | ED: ก,,"1. เมื่อมีข้อบ่งชี้ให้ใช้ NSAIDs แนะนำให้ใช้ ibuprofen เป็นยาขนานแรกสำหรับบรรเทาอาการปวดทางทันตกรรม ปวดประจำเดือน ปวดข้อ และปวดกล้ามเนื้อ
2. ใช้ในเด็กที่มีอายุ 3 เดือนขึ้นไปเท่านั้น
3. ระมัดระวังการใช้ในผู้ป่วยที่มีเกล็ดเลือดต่ำ เช่น ไข้เลือดออก",สำนักงานประสานการพัฒนาบัญชียาหลักแห่งชาติ — ปรับปรุงเมื่อวันที่ 23 พฤษภาคม 2555
Buprenorphine hydrochloride,วัตถุที่ออกฤทธิ์ต่อจิตและประสาทประเภท 2,"sublingual tab, sterile sol",,,หมวดยา: Central nervous system | หมวดยา: Analgesics | หมวดยา: Opioid analgesics | ED: ค,,,สำนักงานประสานการพัฒนาบัญชียาหลักแห่งชาติ — ปรับปรุงเมื่อวันที่ 23 พฤษภาคม 2555
Codeine phosphate,ยาเสพติดให้โทษประเภท 2,tab,,,หมวดยา: Central nervous system | หมวดยา: Analgesics | หมวดยา: Opioid analgesics | ED: ค,,,สำนักงานประสานการพัฒนาบัญชียาหลักแห่งชาติ — ปรับปรุงเมื่อวันที่ 23 พฤษภาคม 2555
Fentanyl,ยาเสพติดให้โทษประเภท 2,"sterile sol (as citrate), transdermal therapeutic system (as base)",,,หมวดยา: Central nervous system | หมวดยา: Analgesics | หมวดยา: Opioid analgesics | ED: ค,ใช้กับผู้ป่วยโรคมะเร็งที่มีความเจ็บปวดรุนแรง,,สำนักงานประสานการพัฒนาบัญชียาหลักแห่งชาติ — ปรับปรุงเมื่อวันที่ 23 พฤษภาคม 2555
Methadone hydrochloride,ยาเสพติดให้โทษประเภท 2,"tab, oral sol",,,หมวดยา: Central nervous system | หมวดยา: Analgesics | หมวดยา: Opioid analgesics | ED: ค,,,สำนักงานประสานการพัฒนาบัญชียาหลักแห่งชาติ — ปรับปรุงเมื่อวันที่ 23 พฤษภาคม 2555
Morphine sulfate,ยาเสพติดให้โทษประเภท 2,"cap, tab, SR cap, SR tab, oral sol, sterile sol",,,หมวดยา: Central nervous system | หมวดยา: Analgesics | หมวดยา: Opioid analgesics | ED: ค,,,สำนักงานประสานการพัฒนาบัญชียาหลักแห่งชาติ — ปรับปรุงเมื่อวันที่ 23 พฤษภาคม 2555
Nalbuphine hydrochloride,,sterile sol,,,หมวดยา: Central nervous system | หมวดยา: Analgesics | หมวดยา: Opioid analgesics | ED: ค,,,สำนักงานประสานการพัฒนาบัญชียาหลักแห่งชาติ — ปรับปรุงเมื่อวันที่ 23 พฤษภาคม 2555
Pethidine hydrochloride,ยาเสพติดให้โทษประเภท 2,sterile sol,,,หมวดยา: Central nervous system | หมวดยา: Analgesics | หมวดยา: Opioid analgesics | ED: ค,,,สำนักงานประสานการพัฒนาบัญชียาหลักแห่งชาติ — ปรับปรุงเมื่อวันที่ 23 พฤษภาคม 2555
Tramadol hydrochloride,,"cap, tab, SR cap, SR tab, sterile sol",,,หมวดยา: Central nervous system | หมวดยา: Analgesics | หมวดยา: Opioid analgesics | ED: ค,,,สำนักงานประสานการพัฒนาบัญชียาหลักแห่งชาติ — ปรับปรุงเมื่อวันที่ 23 พฤษภาคม 2555
Amitriptyline hydrochloride,,film coated tab,,,หมวดยา: Central nervous system | หมวดยา: Analgesics | หมวดยา: Drugs for neuropathic pain | ED: ก,,,สำนักงานประสานการพัฒนาบัญชียาหลักแห่งชาติ — ปรับปรุงเมื่อวันที่ 23 พฤษภาคม 2555
Carbamazepine,,tab,,,หมวดยา: Central nervous system | หมวดยา: Analgesics | หมวดยา: Drugs for neuropathic pain | ED: ก,,,สำนักงานประสานการพัฒนาบัญชียาหลักแห่งชาติ — ปรับปรุงเมื่อวันที่ 23 พฤษภาคม 2555
Nortriptyline hydrochloride,,tab,,,หมวดยา: Central nervous system | หมวดยา: Analgesics | หมวดยา: Drugs for Neuropathic pain | ED: ก,,,สำนักงานประสานการพัฒนาบัญชียาหลักแห่งชาติ — ปรับปรุงเมื่อวันที่ 23 พฤษภาคม 2555
Carbamazepine,,SR tab,,,หมวดยา: Central nervous system | หมวดยา: Analgesics | หมวดยา: Drugs for Neuropathic pain | ED: ข,,,สำนักงานประสานการพัฒนาบัญชียาหลักแห่งชาติ — ปรับปรุงเมื่อวันที่ 23 พฤษภาคม 2555
Gabapentin,,"cap (เฉพาะ 100, 300, 400 mg), tab (เฉพาะ 600 mg)",,,หมวดยา: Central nervous system | หมวดยา: Analgesics | หมวดยา: Drugs for Neuropathic pain | ED: ง | หมายเหตุ: ไม่มีหลักฐานว่ามีประสิทธิผลในการบรรเทาอาการปวดที่เกิดจากความผิดปกติของกล้ามเนื้อ เนื้อเยื่อพังผืด กระดูกและข้อ,ใช้บรรเทาอาการปวดซึ่งเกิดจากความผิดปกติของเส้นประสาทเท่านั้น,,สำนักงานประสานการพัฒนาบัญชียาหลักแห่งชาติ — ปรับปรุงเมื่อวันที่ 23 พฤษภาคม 2555
Paracetamol,,tab,,,หมวดยา: Central nervous system | หมวดยา: Analgesics | หมวดยา: Antimigraine drugs | หมวดยา: Drugs for acute migraine attack | ชื่อพ้อง: Acetaminophen | ED: ก,,,สำนักงานประสานการพัฒนาบัญชียาหลักแห่งชาติ — ปรับปรุงเมื่อวันที่ 23 พฤษภาคม 2555
Aspirin,,"compressed tab, film coated tab (เฉพาะขนาด 300 mg ขึ้นไป)",,,หมวดยา: Central nervous system | หมวดยา: Analgesics | หมวดยา: Antimigraine drugs | หมวดยา: Drugs for acute migraine attack | ชื่อพ้อง: Acetylsalicylic acid | ED: ก | หมายเหตุ: ดูรายละเอียดหัวข้อ 4.6 Analgesics and antipyretics,,ดูรายละเอียดหัวข้อ 4.6 Analgesics and antipyretics,สำนักงานประสานการพัฒนาบัญชียาหลักแห่งชาติ — ปรับปรุงเมื่อวันที่ 23 พฤษภาคม 2555
Ibuprofen,,film coated tab,,,หมวดยา: Central nervous system | หมวดยา: Analgesics | หมวดยา: Antimigraine drugs | หมวดยา: Drugs for acute migraine attack | ED: ก,,,สำนักงานประสานการพัฒนาบัญชียาหลักแห่งชาติ — ปรับปรุงเมื่อวันที่ 23 พฤษภาคม 2555
Ergotamine tartrate + Caffeine,,"compressed tab, film coated tab (เฉพาะ 1 + 100 mg)",,,หมวดยา: Central nervous system | หมวดยา: Analgesics | หมวดยา: Antimigraine drugs | หมวดยา: Drugs for acute migraine attack | ED: ค,,,สำนักงานประสานการพัฒนาบัญชียาหลักแห่งชาติ — ปรับปรุงเมื่อวันที่ 23 พฤษภาคม 2555
Amitriptyline hydrochloride,,film coated tab,,,หมวดยา: Central nervous system | หมวดยา: Analgesics | หมวดยา: Antimigraine drugs | หมวดยา: Drugs used in the prophylaxis of migraine | ED: ก,,,สำนักงานประสานการพัฒนาบัญชียาหลักแห่งชาติ — ปรับปรุงเมื่อวันที่ 23 พฤษภาคม 2555
Propranolol hydrochloride,,tab,,,หมวดยา: Central nervous system | หมวดยา: Analgesics | หมวดยา: Antimigraine drugs | หมวดยา: Drugs used in the prophylaxis of migraine | ED: ก,,,สำนักงานประสานการพัฒนาบัญชียาหลักแห่งชาติ — ปรับปรุงเมื่อวันที่ 23 พฤษภาคม 2555
Cyproheptadine hydrochloride,,tab,,,หมวดยา: Central nervous system | หมวดยา: Analgesics | หมวดยา: Antimigraine drugs | หมวดยา: Drugs used in the prophylaxis of migraine | ED: ข,,,สำนักงานประสานการพัฒนาบัญชียาหลักแห่งชาติ — ปรับปรุงเมื่อวันที่ 23 พฤษภาคม 2555
Sodium valproate,,"EC tab, SR tab",,,หมวดยา: Central nervous system | หมวดยา: Analgesics | หมวดยา: Antimigraine drugs | หมวดยา: Drugs used in the prophylaxis of migraine | ED: ง,ใช้โดยผู้เชี่ยวชาญด้านระบบประสาทเท่านั้น,,สำนักงานประสานการพัฒนาบัญชียาหลักแห่งชาติ — ปรับปรุงเมื่อวันที่ 23 พฤษภาคม 2555
Topiramate,,tab,,,หมวดยา: Central nervous system | หมวดยา: Analgesics | หมวดยา: Antimigraine drugs | หมวดยา: Drugs used in the prophylaxis of migraine | ED: ง,"1. ห้ามใช้เป็นยาตัวแรกในการป้องกันไมเกรน  
2. ใช้ในกรณีใช้ยาอื่นแล้วไม่ได้ผล",,สำนักงานประสานการพัฒนาบัญชียาหลักแห่งชาติ — ปรับปรุงเมื่อวันที่ 23 พฤษภาคม 2555
Carbamazepine,,"tab, syr, susp",,,หมวดยา: Central nervous system | หมวดยา: Antiepileptics | หมวดยา: Drugs used in the control of epilepsy | ED: ก,,,สำนักงานประสานการพัฒนาบัญชียาหลักแห่งชาติ — ปรับปรุงเมื่อวันที่ 23 พฤษภาคม 2555
Magnesium sulfate,,sterile sol,,,หมวดยา: Central nervous system | หมวดยา: Antiepileptics | หมวดยา: Drugs used in the control of epilepsy | ED: ก,,,สำนักงานประสานการพัฒนาบัญชียาหลักแห่งชาติ — ปรับปรุงเมื่อวันที่ 23 พฤษภาคม 2555
Phenobarbital,,tab (as base),,,หมวดยา: Central nervous system | หมวดยา: Antiepileptics | หมวดยา: Drugs used in the control of epilepsy | ED: ก,,,สำนักงานประสานการพัฒนาบัญชียาหลักแห่งชาติ — ปรับปรุงเมื่อวันที่ 23 พฤษภาคม 2555
Phenytoin base,,chewable tab,,,หมวดยา: Central nervous system | หมวดยา: Antiepileptics | หมวดยา: Drugs used in the control of epilepsy | ED: ก,,,สำนักงานประสานการพัฒนาบัญชียาหลักแห่งชาติ — ปรับปรุงเมื่อวันที่ 23 พฤษภาคม 2555
Phenytoin sodium,,"cap, SR cap",,,หมวดยา: Central nervous system | หมวดยา: Antiepileptics | หมวดยา: Drugs used in the control of epilepsy | ED: ก,,,สำนักงานประสานการพัฒนาบัญชียาหลักแห่งชาติ — ปรับปรุงเมื่อวันที่ 23 พฤษภาคม 2555
Sodium valproate,,"EC tab, oral sol",,,หมวดยา: Central nervous system | หมวดยา: Antiepileptics | หมวดยา: Drugs used in the control of epilepsy | ED: ก,ไม่แนะนำให้ใช้สำหรับ post- traumatic seizure,,สำนักงานประสานการพัฒนาบัญชียาหลักแห่งชาติ — ปรับปรุงเมื่อวันที่ 23 พฤษภาคม 2555
Carbamazepine,,SR tab,,,หมวดยา: Central nervous system | หมวดยา: Antiepileptics | หมวดยา: Drugs used in the control of epilepsy | ED: ข,,,สำนักงานประสานการพัฒนาบัญชียาหลักแห่งชาติ — ปรับปรุงเมื่อวันที่ 23 พฤษภาคม 2555
Clonazepam,วัตถุที่ออกฤทธิ์ต่อจิตและประสาทประเภท 4,tab,,,หมวดยา: Central nervous system | หมวดยา: Antiepileptics | หมวดยา: Drugs used in the control of epilepsy | ED: ข,,,สำนักงานประสานการพัฒนาบัญชียาหลักแห่งชาติ — ปรับปรุงเมื่อวันที่ 23 พฤษภาคม 2555
Sodium valproate,,SR tab,,,หมวดยา: Central nervous system | หมวดยา: Antiepileptics | หมวดยา: Drugs used in the control of epilepsy | ED: ข,,,สำนักงานประสานการพัฒนาบัญชียาหลักแห่งชาติ — ปรับปรุงเมื่อวันที่ 23 พฤษภาคม 2555
Lamotrigine,,"tab (เฉพาะ 25, 50, 100 mg)",,,หมวดยา: Central nervous system | หมวดยา: Antiepileptics | หมวดยา: Drugs used in the control of epilepsy | ED: ง,ใช้โดยแพทย์ผู้เชี่ยวชาญด้านระบบประสาทกับผู้ป่วยที่ใช้ยาอื่นไม่ได้หรือไม่ได้ผล,,สำนักงานประสานการพัฒนาบัญชียาหลักแห่งชาติ — ปรับปรุงเมื่อวันที่ 23 พฤษภาคม 2555
Levetiracetam,,tab (เฉพาะ 250 และ 500 mg),,,หมวดยา: Central nervous system | หมวดยา: Antiepileptics | หมวดยา: Drugs used in the control of epilepsy | ED: ง,"1.ใช้กับผู้ป่วยที่มีการทำงานของตับบกพร่อง หรือ 
2.ใช้โดยแพทย์ผู้เชี่ยวชาญด้านระบบประสาทกับผู้ป่วยที่ใช้ยาอื่นไม่ได้หรือไม่ได้ผล",,สำนักงานประสานการพัฒนาบัญชียาหลักแห่งชาติ — ปรับปรุงเมื่อวันที่ 23 พฤษภาคม 2555
Nitrazepam,,tab,,,หมวดยา: Central nervous system | หมวดยา: Antiepileptics | หมวดยา: Drugs used in the control of epilepsy | ED: ง,ใช้โดยแพทย์ผู้เชี่ยวชาญด้านกุมารประสาทวิทยา สำหรับ infantile spasms,,สำนักงานประสานการพัฒนาบัญชียาหลักแห่งชาติ — ปรับปรุงเมื่อวันที่ 23 พฤษภาคม 2555
Topiramate,,"cap, tab",,,หมวดยา: Central nervous system | หมวดยา: Antiepileptics | หมวดยา: Drugs used in the control of epilepsy | ED: ง,ใช้โดยแพทย์ผู้เชี่ยวชาญด้านระบบประสาทกับผู้ป่วยที่ใช้ยาอื่นไม่ได้หรือไม่ได้ผล,,สำนักงานประสานการพัฒนาบัญชียาหลักแห่งชาติ — ปรับปรุงเมื่อวันที่ 23 พฤษภาคม 2555
Vigabatrin,,tab,,,หมวดยา: Central nervous system | หมวดยา: Antiepileptics | หมวดยา: Drugs used in the control of epilepsy | ED: ง,"1. ใช้โดยแพทย์ผู้เชี่ยวชาญด้านระบบประสาท โดยการควบคุมโรคลมชัก
2. ใช้โดยแพทย์ผู้เชี่ยวชาญด้านกุมารประสาทวิทยา สำหรับ infantile spasms",,สำนักงานประสานการพัฒนาบัญชียาหลักแห่งชาติ — ปรับปรุงเมื่อวันที่ 23 พฤษภาคม 2555
Diazepam,วัตถุที่ออกฤทธิ์ต่อจิตและประสาทประเภท 4,sterile sol,,,หมวดยา: Central nervous system | หมวดยา: Antiepileptics | หมวดยา: Drugs used in status epilepticus | ED: ก,,,สำนักงานประสานการพัฒนาบัญชียาหลักแห่งชาติ — ปรับปรุงเมื่อวันที่ 23 พฤษภาคม 2555
Phenobarbital  sodium,วัตถุที่ออกฤทธิ์ต่อจิตและประสาทประเภท 4,"sterile pwdr, sterile sol",,,หมวดยา: Central nervous system | หมวดยา: Antiepileptics | หมวดยา: Drugs used in status epilepticus | ชื่อพ้อง: Phenobarbitone  sodium | ED: ก,,,สำนักงานประสานการพัฒนาบัญชียาหลักแห่งชาติ — ปรับปรุงเมื่อวันที่ 23 พฤษภาคม 2555
Phenytoin sodium,,sterile sol,,,หมวดยา: Central nervous system | หมวดยา: Antiepileptics | หมวดยา: Drugs used in status epilepticus | ED: ก,,,สำนักงานประสานการพัฒนาบัญชียาหลักแห่งชาติ — ปรับปรุงเมื่อวันที่ 23 พฤษภาคม 2555
Sodium valproate,,sterile pwdr,,,หมวดยา: Central nervous system | หมวดยา: Antiepileptics | หมวดยา: Drugs used in status epilepticus | ED: ค,,,สำนักงานประสานการพัฒนาบัญชียาหลักแห่งชาติ — ปรับปรุงเมื่อวันที่ 23 พฤษภาคม 2555
Midazolam hydrochloride,วัตถุที่ออกฤทธิ์ต่อจิตและประสาทประเภท 2,sterile sol,,,หมวดยา: Central nervous system | หมวดยา: Antiepileptics | หมวดยา: Drugs used in status epilepticus | ED: ง,ใช้สำหรับ refractory status epilepticus,,สำนักงานประสานการพัฒนาบัญชียาหลักแห่งชาติ — ปรับปรุงเมื่อวันที่ 23 พฤษภาคม 2555
Diazepam,วัตถุที่ออกฤทธิ์ต่อจิตและประสาทประเภท 4,"cap,tab",,,หมวดยา: Central nervous system | หมวดยา: Drugs used in movement disorders | ED: ก,,,สำนักงานประสานการพัฒนาบัญชียาหลักแห่งชาติ — ปรับปรุงเมื่อวันที่ 23 พฤษภาคม 2555
Levodopa + Benserazide as hydrochloride,,cap/tab (200+50 mg),,,หมวดยา: Central nervous system | หมวดยา: Drugs used in movement disorders | ชื่อพ้อง: Co-beneldopa | ED: ก,,,สำนักงานประสานการพัฒนาบัญชียาหลักแห่งชาติ — ปรับปรุงเมื่อวันที่ 23 พฤษภาคม 2555
Levodopa + Carbidopa as monohydrate,,"tab (100+25 mg, 250+25 mg)",,,หมวดยา: Central nervous system | หมวดยา: Drugs used in movement disorders | ชื่อพ้อง: Co-careldopa | ED: ก,,,สำนักงานประสานการพัฒนาบัญชียาหลักแห่งชาติ — ปรับปรุงเมื่อวันที่ 23 พฤษภาคม 2555
Propranolol hydrochloride,,tab,,,หมวดยา: Central nervous system | หมวดยา: Drugs used in movement disorders | ED: ก,ใช้สำหรับ essential tremor,,สำนักงานประสานการพัฒนาบัญชียาหลักแห่งชาติ — ปรับปรุงเมื่อวันที่ 23 พฤษภาคม 2555
Trihexyphenidyl hydrochloride,,tab,,,หมวดยา: Central nervous system | หมวดยา: Drugs used in movement disorders | ED: ก,,,สำนักงานประสานการพัฒนาบัญชียาหลักแห่งชาติ — ปรับปรุงเมื่อวันที่ 23 พฤษภาคม 2555
Baclofen,,tab,,,หมวดยา: Central nervous system | หมวดยา: Drugs used in movement disorders | ED: ข,,,สำนักงานประสานการพัฒนาบัญชียาหลักแห่งชาติ — ปรับปรุงเมื่อวันที่ 23 พฤษภาคม 2555
Clonazepam,วัตถุที่ออกฤทธิ์ต่อจิตและประสาทประเภท 4,tab,,,หมวดยา: Central nervous system | หมวดยา: Drugs used in movement disorders | ED: ข,,,สำนักงานประสานการพัฒนาบัญชียาหลักแห่งชาติ — ปรับปรุงเมื่อวันที่ 23 พฤษภาคม 2555
Levodopa + Benserazide as hydrochloride,,CR cap/dispersible tab (100+25 mg),,,หมวดยา: Central nervous system | หมวดยา: Drugs used in movement disorders | ชื่อพ้อง: Co-beneldopa | ED: ข,,,สำนักงานประสานการพัฒนาบัญชียาหลักแห่งชาติ — ปรับปรุงเมื่อวันที่ 23 พฤษภาคม 2555
Bromocriptine mesilate,,tab,,,หมวดยา: Central nervous system | หมวดยา: Drugs used in movement disorders | ED: ค,,,สำนักงานประสานการพัฒนาบัญชียาหลักแห่งชาติ — ปรับปรุงเมื่อวันที่ 23 พฤษภาคม 2555
Entacapone,,tab,,,หมวดยา: Central nervous system | หมวดยา: Drugs used in movement disorders | ED: ง,ใช้โดยแพทย์ผู้เชี่ยวชาญในกรณีที่ใช้ยาอื่นไม่ได้ผล,,สำนักงานประสานการพัฒนาบัญชียาหลักแห่งชาติ — ปรับปรุงเมื่อวันที่ 23 พฤษภาคม 2555
Piribedil,,SR tab (เฉพาะ 50 mg),,,หมวดยา: Central nervous system | หมวดยา: Drugs used in movement disorders | ED: ง,ใช้โดยแพทย์ผู้เชี่ยวชาญเท่านั้น,,สำนักงานประสานการพัฒนาบัญชียาหลักแห่งชาติ — ปรับปรุงเมื่อวันที่ 23 พฤษภาคม 2555
Botulinum A toxin,,sterile pwdr (เฉพาะ 100 และ 500 IU),,,หมวดยา: Central nervous system | หมวดยา: Drugs used in movement disorders | ED: จ(2),"1. ใช้สำหรับโรคคอบิด (cervical dystonia) ชนิดไม่ทราบสาเหตุ (idiopathic) โดยมีแนวทางกำกับการใช้ยาเป็นไปตามรายละเอียดในภาคผนวก 3 
2. ใช้สำหรับโรคใบหน้ากระตุกครึ่งซีก (hemifacial spasm) ชนิดไม่ทราบสาเหตุ (idiopathic) โดยมีแนวทางกำกับการใช้ยาเป็นไปตามรายละเอียดในภาคผนวก 3",,สำนักงานประสานการพัฒนาบัญชียาหลักแห่งชาติ — ปรับปรุงเมื่อวันที่ 23 พฤษภาคม 2555
Disulfiram,,tab,,,หมวดยา: Central nervous system | หมวดยา: Drugs used in substance dependence | หมวดยา: Drugs used in alcohol dependence | ED: ค,ใช้กับผู้ป่วยติดแอลกอฮอล์ที่ยินยอมจะใช้ยานี้ร่วมกับวิธีจิตสังคมบำบัดเพื่อเป็นการควบคุมตนเองไม่ให้กลับไปดื่มซ้ำ,การกินยา Disulfiram ร่วมกับแอลกอฮอล์ จะทำให้เกิดอาการไม่สบายเนื่องมาจากการสะสมของ acetaldehyde ในเลือด,สำนักงานประสานการพัฒนาบัญชียาหลักแห่งชาติ — ปรับปรุงเมื่อวันที่ 23 พฤษภาคม 2555
Nortriptyline hydrochloride,,tab,,,หมวดยา: Central nervous system | หมวดยา: Drugs used in substance dependence | หมวดยา: Drugs used in smoking cessation | ED: ก,,,สำนักงานประสานการพัฒนาบัญชียาหลักแห่งชาติ — ปรับปรุงเมื่อวันที่ 23 พฤษภาคม 2555
Clonidine hydrochloride,,tab,,,หมวดยา: Central nervous system | หมวดยา: Drugs used in substance dependence | หมวดยา: Drugs used in opioid dependence | ED: ข,ใช้สำหรับ heroin withdrawal,,สำนักงานประสานการพัฒนาบัญชียาหลักแห่งชาติ — ปรับปรุงเมื่อวันที่ 23 พฤษภาคม 2555
Methadone hydrochloride,ยาเสพติดให้โทษประเภท 2,oral sol,,,หมวดยา: Central nervous system | หมวดยา: Drugs used in substance dependence | หมวดยา: Drugs used in opioid dependence | ED: ง,ใช้สำหรับผู้ป่วยติดเฮโรอีน,,สำนักงานประสานการพัฒนาบัญชียาหลักแห่งชาติ — ปรับปรุงเมื่อวันที่ 23 พฤษภาคม 2555
Amoxicillin trihydrate,,"cap,dry syr",,,หมวดยา: Infections | หมวดยา: Antibacterial drugs | หมวดยา: Penicillins | ED: ก,,,สำนักงานประสานการพัฒนาบัญชียาหลักแห่งชาติ — ปรับปรุงเมื่อวันที่ 23 พฤษภาคม 2555
Ampicillin sodium,,sterile pwdr,,,หมวดยา: Infections | หมวดยา: Antibacterial drugs | หมวดยา: Penicillins | ED: ก,,,สำนักงานประสานการพัฒนาบัญชียาหลักแห่งชาติ — ปรับปรุงเมื่อวันที่ 23 พฤษภาคม 2555
Cloxacillin sodium,,sterile pwdr,,,หมวดยา: Infections | หมวดยา: Antibacterial drugs | หมวดยา: Penicillins | ED: ก,,,สำนักงานประสานการพัฒนาบัญชียาหลักแห่งชาติ — ปรับปรุงเมื่อวันที่ 23 พฤษภาคม 2555
Dicloxacillin sodium,,"cap, dry syr",,,หมวดยา: Infections | หมวดยา: Antibacterial drugs | หมวดยา: Penicillins | ED: ก,,,สำนักงานประสานการพัฒนาบัญชียาหลักแห่งชาติ — ปรับปรุงเมื่อวันที่ 23 พฤษภาคม 2555
Phenoxymethylpenicillin potassium,,"cap, tab, dry syr",,,หมวดยา: Infections | หมวดยา: Antibacterial drugs | หมวดยา: Penicillins | ชื่อพ้อง: Penicillin V | ED: ก,,,สำนักงานประสานการพัฒนาบัญชียาหลักแห่งชาติ — ปรับปรุงเมื่อวันที่ 23 พฤษภาคม 2555
Benzylpenicillin,,sterile pwdr (as sodium or potassium),,,หมวดยา: Infections | หมวดยา: Antibacterial drugs | หมวดยา: Penicillins | ชื่อพ้อง: Penicillin G | ED: ก,,,สำนักงานประสานการพัฒนาบัญชียาหลักแห่งชาติ — ปรับปรุงเมื่อวันที่ 23 พฤษภาคม 2555
Benzathine benzylpenicillin,,sterile pwdr,,,หมวดยา: Infections | หมวดยา: Antibacterial drugs | หมวดยา: Penicillins | ชื่อพ้อง: Penicillin G benzathine | ED: ก,,,สำนักงานประสานการพัฒนาบัญชียาหลักแห่งชาติ — ปรับปรุงเมื่อวันที่ 23 พฤษภาคม 2555
Procaine benzylpenicillin,,"sterile sol, sterile susp",,,หมวดยา: Infections | หมวดยา: Antibacterial drugs | หมวดยา: Penicillins | ชื่อพ้อง: Penicillin G procaine | ED: ก,,,สำนักงานประสานการพัฒนาบัญชียาหลักแห่งชาติ — ปรับปรุงเมื่อวันที่ 23 พฤษภาคม 2555
Amoxicillin trihydrate + Potassium clavulanate,,tab (เฉพาะ 500/125 mg),,,หมวดยา: Infections | หมวดยา: Antibacterial drugs | หมวดยา: Penicillins | ชื่อพ้อง: Co-amoxiclav | ED: ค,ใช้เป็นยาแทน (alternative drug) ของ oral co-trimoxazole ในการรักษา melioidosis,,สำนักงานประสานการพัฒนาบัญชียาหลักแห่งชาติ — ปรับปรุงเมื่อวันที่ 23 พฤษภาคม 2555
Amoxicillin trihydrate + Potassium clavulanate,,"tab (เฉพาะ 500/125, 875/125 mg), dry syr (เฉพาะ 200/28.5, 400/57 mg)",,,หมวดยา: Infections | หมวดยา: Antibacterial drugs | หมวดยา: Penicillins | ชื่อพ้อง: Co-amoxiclav | ED: ค,"1. ใช้สำหรับการติดเชื้อที่สงสัยว่าอาจจะเกิดจากเชื้อ H. influenzae และ/หรือ M. catarrhalis ที่ดื้อต่อ ampicillin
2. ใช้รักษาโรคติดเชื้อผสมระหว่างแบคทีเรียชนิด aerobes และ anaerobes",,สำนักงานประสานการพัฒนาบัญชียาหลักแห่งชาติ — ปรับปรุงเมื่อวันที่ 23 พฤษภาคม 2555
Amoxicillin sodium + Potassium clavulanate,,sterile pwdr,,,หมวดยา: Infections | หมวดยา: Antibacterial drugs | หมวดยา: Penicillins | ชื่อพ้อง: Co-amoxiclav | ED: ค,"1. ใช้รักษาโรคติดเชื้อแบคทีเรียจำเพาะที่ดื้อต่อ ampicillin โดยเฉพาะที่ผลิตเอนไซม์ beta-lactamase
2. ใช้รักษาโรคติดเชื้อผสมระหว่างแบคทีเรียชนิด aerobes และ anaerobes",,สำนักงานประสานการพัฒนาบัญชียาหลักแห่งชาติ — ปรับปรุงเมื่อวันที่ 23 พฤษภาคม 2555
Ampicillin sodium + Sulbactam sodium,,sterile pwdr,,,หมวดยา: Infections | หมวดยา: Antibacterial drugs | หมวดยา: Penicillins | ED: ค,เช่นเดียวกับ Co-amoxiclav sterile pwdr,,สำนักงานประสานการพัฒนาบัญชียาหลักแห่งชาติ — ปรับปรุงเมื่อวันที่ 23 พฤษภาคม 2555
Piperacillin sodium + Tazobactam sodium,,sterile pwdr,,,หมวดยา: Infections | หมวดยา: Antibacterial drugs | หมวดยา: Penicillins | ED: ง,"1. ใช้ในกรณีที่ใช้ยากลุ่ม third generation cephalosporins ไม่ได้ โดยให้พิจารณาเลือกใช้ก่อนยากลุ่ม carbapenems ทั้งใน empiric และspecific therapy สำหรับ nosocomial infection เช่น pneumonia, complicated skin and soft tissue infection, intra-abdominal infection และ febrile neutropenia
2. ใช้ในกรณีพิเศษตามคำแนะนำของแพทย์ผู้เชี่ยวชาญด้านโรคติดเชื้อ",,สำนักงานประสานการพัฒนาบัญชียาหลักแห่งชาติ — ปรับปรุงเมื่อวันที่ 23 พฤษภาคม 2555
Cefalexin,,"cap, dry syr",,,"หมวดยา: Infections | หมวดยา: Antibacterial drugs | หมวดยา: Cephalosporins, cephamycins and other beta-lactams | ชื่อพ้อง: Cephalexin | ED: ก",ใช้สำหรับการติดเชื้อแบคทีเรียกรัมบวกโดยเฉพาะอย่างยิ่ง S. aureus ในผู้ป่วยที่แพ้ penicillin แบบไม่รุนแรง และการติดเชื้อในชุมชนจากแบคทีเรียกรัมลบบางชนิด เช่น E. coli เป็นต้น,,สำนักงานประสานการพัฒนาบัญชียาหลักแห่งชาติ — ปรับปรุงเมื่อวันที่ 23 พฤษภาคม 2555
Cefazolin sodium,,sterile pwdr,,,"หมวดยา: Infections | หมวดยา: Antibacterial drugs | หมวดยา: Cephalosporins, cephamycins and other beta-lactams | ED: ก",ใช้ป้องกันการติดเชื้อภายหลังการผ่าตัด,,สำนักงานประสานการพัฒนาบัญชียาหลักแห่งชาติ — ปรับปรุงเมื่อวันที่ 23 พฤษภาคม 2555
Cefuroxime axetil,,"tab, dry syr",,,"หมวดยา: Infections | หมวดยา: Antibacterial drugs | หมวดยา: Cephalosporins, cephamycins and other beta-lactams | ED: ข","1. ใช้สำหรับการติดเชื้อ H. influenzae ที่ดื้อต่อ ampicillin และ M. catarrhalis
2. ใช้กับผู้ป่วยที่แพ้หรือไม่สามารถใช้ยา co-amoxiclav ได้ หรือแพ้ยากลุ่ม penicillins ชนิดไม่รุนแรง",,สำนักงานประสานการพัฒนาบัญชียาหลักแห่งชาติ — ปรับปรุงเมื่อวันที่ 23 พฤษภาคม 2555
Cefotaxime sodium,,sterile pwdr,,,"หมวดยา: Infections | หมวดยา: Antibacterial drugs | หมวดยา: Cephalosporins, cephamycins and other beta-lactams | ED: ค","1. ใช้สำหรับการติดเชื้อในทารกแรกเกิด เพื่อหลีกเลี่ยงการเกิด kernicterus จากการใช้ยา ceftriaxone
2. ใช้สำหรับโรคติดเชื้อในระบบประสาทส่วนกลางที่เกิดจากแบคทีเรียกรัมลบ ในเด็กอายุน้อยกว่า 1 ปี
3. ใช้เป็นยาแทน (alternative drug) ของ ceftriaxone แต่ต้องให้ยาบ่อยกว่า ceftriaxone",,สำนักงานประสานการพัฒนาบัญชียาหลักแห่งชาติ — ปรับปรุงเมื่อวันที่ 23 พฤษภาคม 2555
Ceftriaxone sodium,,sterile pwdr,,,"หมวดยา: Infections | หมวดยา: Antibacterial drugs | หมวดยา: Cephalosporins, cephamycins and other beta-lactams | ED: ค","1. ใช้สำหรับ serious community acquired bacterial infection ยกเว้นการติดเชื้อ Pseudomonas aeruginosa
2. ใช้สำหรับ gram-negative meningitis ยกเว้นในเด็กอายุน้อยกว่า 1 ปี
3. ใช้สำหรับการติดเชื้อ Penicillin Resistant S. pneumoniae (PRSP)
4. ใช้สำหรับการติดเชื้อแบคทีเรียกรัมลบบางกรณีในผู้ป่วยที่ไตทำงานบกพร่องซึ่งไม่สามารถใช้ยากลุ่ม aminoglycosides ได้
5. ใช้สำหรับการติดเชื้อ Gonococcus",,สำนักงานประสานการพัฒนาบัญชียาหลักแห่งชาติ — ปรับปรุงเมื่อวันที่ 23 พฤษภาคม 2555
Ceftazidime,,sterile pwdr,,,"หมวดยา: Infections | หมวดยา: Antibacterial drugs | หมวดยา: Cephalosporins, cephamycins and other beta-lactams | ED: ค",ใช้เป็น empiric/specific therapy สำหรับการติดเชื้อ P. aeruginosa และ melioidosis,,สำนักงานประสานการพัฒนาบัญชียาหลักแห่งชาติ — ปรับปรุงเมื่อวันที่ 23 พฤษภาคม 2555
Cefixime,,"cap, dry syr",,,"หมวดยา: Infections | หมวดยา: Antibacterial drugs | หมวดยา: Cephalosporins, cephamycins and other beta-lactams | ED: ง","1. ใช้เป็น switch therapy ในการรักษาโรคติดเชื้อแบคทีเรียกรัมลบ
2. ใช้รักษาหนองในแท้เฉพาะที่อวัยวะเพศและทวารหนัก เมื่อไม่สามารถใช้ยา Ceftriaxone ได้",,สำนักงานประสานการพัฒนาบัญชียาหลักแห่งชาติ — ปรับปรุงเมื่อวันที่ 23 พฤษภาคม 2555
Cefoperazone sodium + Sulbactam sodium,,sterile pwdr,,,"หมวดยา: Infections | หมวดยา: Antibacterial drugs | หมวดยา: Cephalosporins, cephamycins and other beta-lactams | ED: ง",ใช้สำหรับ nosocomial infection จากเชื้อแบคทีเรียกรัมลบ โดยเฉพาะการติดเชื้อ Acinetobacter sp.,,สำนักงานประสานการพัฒนาบัญชียาหลักแห่งชาติ — ปรับปรุงเมื่อวันที่ 23 พฤษภาคม 2555
Cefoxitin sodium,,sterile pwdr,,,"หมวดยา: Infections | หมวดยา: Antibacterial drugs | หมวดยา: Cephalosporins, cephamycins and other beta-lactams | ED: ง | หมายเหตุ: ไม่แนะนำให้ใช้รักษาโรคติดเชื้ออื่นๆ เพราะเป็น beta-lactamase inducer","1. ใช้เป็นยาแทน (alternative drug) ของยามาตรฐานในการป้องกันการติดเชื้อจากการผ่าตัดในช่องท้องซึ่งเป็นไปตามแนวทางการใช้ยาต้านจุลชีพ เพื่อป้องกันการติดเชื้อจากการผ่าตัด
2. ใช้สำหรับการติดเชื้อ Non-tuberculosis Mycobacterium sp. (atypical mycobacterium) สำหรับกลุ่ม rapid growers เท่านั้น",,สำนักงานประสานการพัฒนาบัญชียาหลักแห่งชาติ — ปรับปรุงเมื่อวันที่ 23 พฤษภาคม 2555
Ertapenem sodium,,sterile pwdr,,,"หมวดยา: Infections | หมวดยา: Antibacterial drugs | หมวดยา: Cephalosporins, cephamycins and other beta-lactams | ED: ง | หมายเหตุ: ราคายา Ertapenem sodium ขนาด 1 g ที่ต่อรองได้ ขวดละไม่เกิน 984.40 บาท (ราคารวมภาษีมูลค่าเพิ่ม) กำหนดยืนราคา 730 วัน  นับจากวันประกาศในราชกิจจานุเบกษา เงื่อนไขและรายละเอียดอื่นๆ ให้ดูตามแบบเสนอยาในเว็บไซต์ www.nlem.in.th",ใช้เป็น documented therapy สำหรับเชื้อที่สร้าง extended spectrum beta-lactamases (ESBL) เท่านั้น,,สำนักงานประสานการพัฒนาบัญชียาหลักแห่งชาติ — ปรับปรุงเมื่อวันที่ 23 พฤษภาคม 2555
Imipenem + Cilastatin sodium,,sterile pwdr,,,"หมวดยา: Infections | หมวดยา: Antibacterial drugs | หมวดยา: Cephalosporins, cephamycins and other beta-lactams | ED: ง","1. ใช้สำหรับโรคติดเชื้อในโรงพยาบาลที่เกิดจากแบคทีเรียรูปแท่งกรัมลบที่ดื้อยาหลายชนิด (Multiple-Drug- Resistant, MDR) ซึ่งควรมีผลการทดสอบความไวทางห้องปฏิบัติการมายืนยัน
2. ใช้ในกรณีพิเศษตามคำแนะนำของแพทย์ผู้เชี่ยวชาญด้านโรคติดเชื้อ",,สำนักงานประสานการพัฒนาบัญชียาหลักแห่งชาติ — ปรับปรุงเมื่อวันที่ 23 พฤษภาคม 2555
Meropenem,,sterile pwdr,,,"หมวดยา: Infections | หมวดยา: Antibacterial drugs | หมวดยา: Cephalosporins, cephamycins and other beta-lactams | ED: ง",เช่นเดียวกับ Imipenem+Cilastatin sodium,,สำนักงานประสานการพัฒนาบัญชียาหลักแห่งชาติ — ปรับปรุงเมื่อวันที่ 23 พฤษภาคม 2555
Doxycycline hyclate,,"cap, tab",,,หมวดยา: Infections | หมวดยา: Antibacterial drugs | หมวดยา: Tetracyclines | ชื่อพ้อง: Doxycycline hydrochloride | ED: ก,,,สำนักงานประสานการพัฒนาบัญชียาหลักแห่งชาติ — ปรับปรุงเมื่อวันที่ 23 พฤษภาคม 2555
Tetracycline hydrochloride,,"cap, tab",,,หมวดยา: Infections | หมวดยา: Antibacterial drugs | หมวดยา: Tetracyclines | ED: ก,,,สำนักงานประสานการพัฒนาบัญชียาหลักแห่งชาติ — ปรับปรุงเมื่อวันที่ 23 พฤษภาคม 2555
Neomycin sulfate,,tab,,,"หมวดยา: Infections | หมวดยา: Antibacterial drugs | หมวดยา: Aminoglycosides | รายละเอียดกลุ่ม 3: ยา streptomycin sulfate, amikacin sulfate และ kanamycin sulfate ดูที่ Antituberculous drugs | ED: ก | หมายเหตุ: ใช้สำหรับป้องกันการติดเชื้อจากการผ่าตัดสำไส้ใหญ่แบบไม่ฉุกเฉิน",,,สำนักงานประสานการพัฒนาบัญชียาหลักแห่งชาติ — ปรับปรุงเมื่อวันที่ 23 พฤษภาคม 2555
Gentamicin sulfate,,sterile sol,,,"หมวดยา: Infections | หมวดยา: Antibacterial drugs | หมวดยา: Aminoglycosides | รายละเอียดกลุ่ม 3: ยา streptomycin sulfate, amikacin sulfate และ kanamycin sulfate ดูที่ Antituberculous drugs | ED: ก",,,สำนักงานประสานการพัฒนาบัญชียาหลักแห่งชาติ — ปรับปรุงเมื่อวันที่ 23 พฤษภาคม 2555
Amikacin sulfate,,sterile sol,,,"หมวดยา: Infections | หมวดยา: Antibacterial drugs | หมวดยา: Aminoglycosides | รายละเอียดกลุ่ม 3: ยา streptomycin sulfate, amikacin sulfate และ kanamycin sulfate ดูที่ Antituberculous drugs | ED: ข | หมายเหตุ: จัดเป็นบัญชี ค เมื่อใช้รักษา multidrug - resistant tuberculosis (MDR-TB)",ใช้สำหรับการติดเชื้อแบคทีเรียกรัมลบชนิดที่ดื้อต่อ gentamicin และ/หรือ netilmicin,,สำนักงานประสานการพัฒนาบัญชียาหลักแห่งชาติ — ปรับปรุงเมื่อวันที่ 23 พฤษภาคม 2555
Netilmicin sulfate,,sterile sol,,,"หมวดยา: Infections | หมวดยา: Antibacterial drugs | หมวดยา: Aminoglycosides | รายละเอียดกลุ่ม 3: ยา streptomycin sulfate, amikacin sulfate และ kanamycin sulfate ดูที่ Antituberculous drugs | ED: ง",ใช้เฉพาะการติดเชื้อแบคทีเรียกรัมลบที่ดื้อต่อยา gentamicin และ amikacin ซึ่งต้องมีผลการทดสอบความไวทางห้องปฏิบัติการมายืนยัน,,สำนักงานประสานการพัฒนาบัญชียาหลักแห่งชาติ — ปรับปรุงเมื่อวันที่ 23 พฤษภาคม 2555
Erythromycin estolate,,susp /dry syr,,,หมวดยา: Infections | หมวดยา: Antibacterial drugs | หมวดยา: Macrolides | ED: ก | หมายเหตุ: ห้ามใช้กับผู้ป่วยโรคตับ,ใช้กับเด็กอายุต่ำกว่า 6 ปี,,สำนักงานประสานการพัฒนาบัญชียาหลักแห่งชาติ — ปรับปรุงเมื่อวันที่ 23 พฤษภาคม 2555
Erythromycin stearate or succinate,,dry syr,,,หมวดยา: Infections | หมวดยา: Antibacterial drugs | หมวดยา: Macrolides | ED: ก,,,สำนักงานประสานการพัฒนาบัญชียาหลักแห่งชาติ — ปรับปรุงเมื่อวันที่ 23 พฤษภาคม 2555
Roxithromycin,,cap/tab (เฉพาะ 100 และ 150 mg),,,หมวดยา: Infections | หมวดยา: Antibacterial drugs | หมวดยา: Macrolides | ED: ก,,,สำนักงานประสานการพัฒนาบัญชียาหลักแห่งชาติ — ปรับปรุงเมื่อวันที่ 23 พฤษภาคม 2555
Azithromycin,,"cap (ไม่รวมชนิดออกฤทธิ์นาน) , dry syrup (ไม่รวมชนิดซองและชนิดออกฤทธิ์นาน)",,,หมวดยา: Infections | หมวดยา: Antibacterial drugs | หมวดยา: Macrolides | ED: ง,"1.  ใช้สำหรับการติดเชื้อทางเดินหายใจส่วนล่าง กรณีที่ใช้ยาอื่นไม่ได้หรือไม่ได้ผล
2.  ใช้รักษาการติดเชื้อ non-tuberculous mycobacterium (NTM)
3. ยา azithromycin ขนาด 2 กรัม กินครั้งเดียว สำหรับรักษาผู้ป่วย early syphilis ที่ไม่สามารถใช้  ยา penicillin หรือ doxycycline หรือ ceftriaxone ได้",,สำนักงานประสานการพัฒนาบัญชียาหลักแห่งชาติ — ปรับปรุงเมื่อวันที่ 23 พฤษภาคม 2555
Azithromycin,,sterile pwdr,,,หมวดยา: Infections | หมวดยา: Antibacterial drugs | หมวดยา: Macrolides | ED: ง,"1. ใช้สำหรับการติดเชื้อของทางเดินหายใจส่วนล่างที่รุนแรงและอาจเกิดจาก atypical pathogen เช่น   legionellosis เป็นต้น
2. ใช้สำหรับ severe rickettsiosis",,สำนักงานประสานการพัฒนาบัญชียาหลักแห่งชาติ — ปรับปรุงเมื่อวันที่ 23 พฤษภาคม 2555
Clarithromycin,,"tab, dry syr",,,หมวดยา: Infections | หมวดยา: Antibacterial drugs | หมวดยา: Macrolides | ED: ง,"1. ใช้สำหรับการติดเชื้อของทางเดินหายใจ ในกรณีที่ใช้ยาอื่นไม่ได้หรือไม่ได้ผล
2. ใช้ในข้อบ่งใช้พิเศษสำหรับโรคติดเชื้อ non-tuberculous Mycobacterium sp. (atypical mycobacterium)
3. ใช้ใน triple therapy หรือ quardruple therapy สำหรับกำจัดเชื้อ H. pylori หลังจากได้รับการตรวจยืนยันว่ามีเชื้อแล้ว หรือใช้สำหรับ complicated ulcer ที่ไม่ได้เกิดจากการใช้ยา NSAIDs",,สำนักงานประสานการพัฒนาบัญชียาหลักแห่งชาติ — ปรับปรุงเมื่อวันที่ 23 พฤษภาคม 2555
Norfloxacin,,tab,,,หมวดยา: Infections | หมวดยา: Antibacterial drugs | หมวดยา: Quinolones | ED: ก,,,สำนักงานประสานการพัฒนาบัญชียาหลักแห่งชาติ — ปรับปรุงเมื่อวันที่ 23 พฤษภาคม 2555
Ofloxacin,,"tab (เฉพาะ 100, 200 mg)",,,หมวดยา: Infections | หมวดยา: Antibacterial drugs | หมวดยา: Quinolones | ED: ข | หมายเหตุ: จัดเป็นบัญชี ค เมื่อใช้รักษา multidrug-resistant tuberculosis (MDR-TB) โดยเป็น second-line therapy ดูข้อ 5.1.9 Antituberculosis drugs,ใช้เป็นยาแทน (alternative drug) ในการรักษาโรคติดเชื้อแบคทีเรียกรัมลบ,,สำนักงานประสานการพัฒนาบัญชียาหลักแห่งชาติ — ปรับปรุงเมื่อวันที่ 23 พฤษภาคม 2555
Ciprofloxacin hydrochloride,,tab,,,หมวดยา: Infections | หมวดยา: Antibacterial drugs | หมวดยา: Quinolones | ED: ง,ใช้ในกรณีพิเศษตามคำแนะนำของแพทย์ผู้เชี่ยวชาญด้านโรคติดเชื้อ เช่น ใช้ต่อเนื่องจากยาฉีด (sequential therapy หรือ switch therapy),,สำนักงานประสานการพัฒนาบัญชียาหลักแห่งชาติ — ปรับปรุงเมื่อวันที่ 23 พฤษภาคม 2555
Ciprofloxacin lactate,,sterile sol,,,หมวดยา: Infections | หมวดยา: Antibacterial drugs | หมวดยา: Quinolones | ED: ง,"ใช้ในกรณีพิเศษตามคำแนะนำของแพทย์ผู้เชี่ยวชาญด้านโรคติดเชื้อ เช่น
1. ใช้สำหรับรักษาการติดเชื้อแบคทีเรียกรัมลบที่ไม่สามารถใช้ยากลุ่ม beta-lactam และ/หรือยากลุ่ม aminoglycoside ได้
2. ใช้เป็น empiric therapy ใน 3 วันแรกของการรักษาร่วมกับยากลุ่ม beta-lactam และ/หรือ aminoglycoside ในการรักษา severe hospital-acquired pneumonia ในกรณีที่ไม่สามารถรับประทานยาได้",,สำนักงานประสานการพัฒนาบัญชียาหลักแห่งชาติ — ปรับปรุงเมื่อวันที่ 23 พฤษภาคม 2555
Levofloxacin hemihydrate,,tab (เฉพาะ 500 mg),,,"หมวดยา: Infections | หมวดยา: Antibacterial drugs | หมวดยา: Quinolones | ED: ง | หมายเหตุ: 1. ผู้ป่วย community-acquired pneumonia (CAP) ที่มี comorbidities หรือ เคยใช้ยาปฏิชีวนะในช่วง 3 เดือนที่ผ่านมา IDSA 2007 (Infectious Diseases Society of America 2007) แนะนำให้ใช้ levofloxacin ในขนาด 750 mg วันละครั้ง อย่างน้อย 5 วัน หรือในขนาด 500 mg วันละครั้ง อย่างน้อย 7 วัน
2. จัดเป็นบัญชี ง เมื่อใช้รักษา multidrug-resistant tuberculosis (MDR-TB) โดยเป็น second-line therapy 
ดูข้อ 5.1.9 Antituberculous drugs",ใช้ในกรณีพิเศษตามคำแนะนำของแพทย์ผู้เชี่ยวชาญด้านโรคติดเชื้อ เช่น ใช้รักษาแบบผู้ป่วยนอก ในกรณี moderate to severe community-acquired pneumonia และ lower respiratory tract  infection ที่สงสัย Drug-Resistant S. pneumoniae (DRSP) หรือ pathogen ที่ทำให้เกิด atypical pneumonia ที่ใช้ macrolide ไม่ได้หรือไม่ได้ผล หรือ ใช้ต่อเนื่องจากยาฉีด (sequential therapy หรือ switch therapy),,สำนักงานประสานการพัฒนาบัญชียาหลักแห่งชาติ — ปรับปรุงเมื่อวันที่ 23 พฤษภาคม 2555
Levofloxacin hemihydrate,,sterile sol,,,หมวดยา: Infections | หมวดยา: Antibacterial drugs | หมวดยา: Quinolones | ED: ง | หมายเหตุ: จัดเป็นบัญชี ง เมื่อใช้รักษา multidrug-resistant tuberculosis (MDR-TB) โดยเป็น second-line therapy ดูข้อ 5.1.9 Antituberculous drugs,ใช้ในกรณีพิเศษตามคำแนะนำของแพทย์ผู้เชี่ยวชาญด้านโรคติดเชื้อ เช่น ใช้รักษาแบบผู้ป่วยใน ในกรณี moderate to severe community-acquired pneumonia และ lower respiratory tract infection ที่สงสัย Drug-Resistant S. pneumoniae (DRSP) หรือ pathogen ที่ทำให้เกิด atypical pneumonia,,สำนักงานประสานการพัฒนาบัญชียาหลักแห่งชาติ — ปรับปรุงเมื่อวันที่ 23 พฤษภาคม 2555
Chloramphenicol sodium succinate,,sterile pwdr,,,หมวดยา: Infections | หมวดยา: Antibacterial drugs | หมวดยา: Some other antibacterials | ED: ค,"ใช้รักษา rickettsiosis (scrub typhus, murine typhus) ที่ไม่สามารถใช้ยาฉีดอื่นได้",,สำนักงานประสานการพัฒนาบัญชียาหลักแห่งชาติ — ปรับปรุงเมื่อวันที่ 23 พฤษภาคม 2555
Metronidazole,,"cap/tab (as base), susp (as benzoate), sterile sol (as base)",,,หมวดยา: Infections | หมวดยา: Antibacterial drugs | หมวดยา: Some other antibacterials | ED: ก,,,สำนักงานประสานการพัฒนาบัญชียาหลักแห่งชาติ — ปรับปรุงเมื่อวันที่ 23 พฤษภาคม 2555
Clindamycin,,"cap (as hydrochloride), sterile sol (as phosphate)",,,หมวดยา: Infections | หมวดยา: Antibacterial drugs | หมวดยา: Some other antibacterials | ED: ข | หมายเหตุ: AAC เกิดได้กับยาต้านจุลชีพที่ออกฤทธิ์กว้างทุกชนิดแม้แต่ amoxicillin,"1. ใช้สำหรับการติดเชื้อแบคทีเรียชนิด anaerobes, แบคทีเรียกรัมบวกชนิดรุนแรงในผู้ป่วยที่แพ้ยากลุ่ม beta-lactam แบบ type I (anaphylaxis หรือ urticaria) หรือการติดเชื้อผสมระหว่างแบคทีเรียกรัมบวก และ anaerobe
2. ใช้เป็นยาแทน (alternative drug) ในการป้องกันหรือรักษา Pneumocystis jirovecii pneumonia (PCP) ในผู้ป่วยเอดส์
3. ไม่ควรใช้รักษาโรคติดเชื้อนอกเหนือไปจากข้อ 1และข้อ 2 เนื่องจากความเสี่ยงต่อการเกิด Antibiotics Associated Colitis (AAC)",,สำนักงานประสานการพัฒนาบัญชียาหลักแห่งชาติ — ปรับปรุงเมื่อวันที่ 23 พฤษภาคม 2555
Lincomycin hydrochloride,,sterile sol,,,หมวดยา: Infections | หมวดยา: Antibacterial drugs | หมวดยา: Some other antibacterials | ED: ข,ใช้สำหรับการติดเชื้อแบคทีเรียกรัมบวก (methicillin sensitive Staphylococcus หรือ Streptococcus) ที่มีอาการรุนแรงน้อยถึงปานกลาง โดยเฉพาะผู้ป่วยที่มีประวัติการแพ้ยากลุ่ม penicillins,,สำนักงานประสานการพัฒนาบัญชียาหลักแห่งชาติ — ปรับปรุงเมื่อวันที่ 23 พฤษภาคม 2555
Nitrofurantoin,,tab,,,หมวดยา: Infections | หมวดยา: Antibacterial drugs | หมวดยา: Some other antibacterials | ED: ข,ใช้รักษาการติดเชื้อของทางเดินปัสสาวะส่วนล่างและป้องกันการกลับเป็นซ้ำในหญิงตั้งครรภ์ที่ใช้ยาในบัญชี ก (เช่น amoxicillin หรือ cephalexin) ไม่ได้หรือไม่ได้ผล,,สำนักงานประสานการพัฒนาบัญชียาหลักแห่งชาติ — ปรับปรุงเมื่อวันที่ 23 พฤษภาคม 2555
Colistimethate sodium,,sterile pwdr,,,หมวดยา: Infections | หมวดยา: Antibacterial drugs | หมวดยา: Some other antibacterials | ชื่อพ้อง: Sodium colistinmethanesulphonate | ED: ง,ใช้สำหรับการติดเชื้อกรัมลบที่ดื้อต่อยากลุ่ม carbapenems,,สำนักงานประสานการพัฒนาบัญชียาหลักแห่งชาติ — ปรับปรุงเมื่อวันที่ 23 พฤษภาคม 2555
Fosfomycin sodium,,sterile pwdr,,,หมวดยา: Infections | หมวดยา: Antibacterial drugs | หมวดยา: Some other antibacterials | ED: ง,ใช้สำหรับการติดเชื้อ Methicillin Resistant S. aureus (MRSA) ที่มีอาการรุนแรงน้อยถึงปานกลาง โดยใช้ร่วมกับยาอื่นเพื่อป้องกันการดื้อยา,,สำนักงานประสานการพัฒนาบัญชียาหลักแห่งชาติ — ปรับปรุงเมื่อวันที่ 23 พฤษภาคม 2555
Sodium fusidate,,tab,,,หมวดยา: Infections | หมวดยา: Antibacterial drugs | หมวดยา: Some other antibacterials | ED: ง,ใช้สำหรับการติดเชื้อ Methicillin Resistant S. aureus (MRSA) ที่มีอาการไม่รุนแรงถึงรุนแรงปานกลางหรือใช้ switch therapy ต่อจากยาฉีด โดยใช้ร่วมกับยาอื่นเพื่อป้องกันการดื้อยา,,สำนักงานประสานการพัฒนาบัญชียาหลักแห่งชาติ — ปรับปรุงเมื่อวันที่ 23 พฤษภาคม 2555
Vancomycin hydrochloride,,sterile pwdr,,,หมวดยา: Infections | หมวดยา: Antibacterial drugs | หมวดยา: Some other antibacterials | ED: ง,ใช้สำหรับการติดเชื้อ Methicillin Resistant S. aureus (MRSA) ที่รุนแรง หรือการติดเชื้อ methicillin-resistant S. epidermidis (MRSE),,สำนักงานประสานการพัฒนาบัญชียาหลักแห่งชาติ — ปรับปรุงเมื่อวันที่ 23 พฤษภาคม 2555
Linezolid,,tab,,,"หมวดยา: Infections | หมวดยา: Antibacterial drugs | หมวดยา: Some other antibacterials | ED: จ(2) | หมายเหตุ: ราคายา Linezolid ขนาด 600 mg ที่ต่อรองได้ เม็ดละไม่เกิน 1,283.00 บาท (ราคารวมภาษีมูลค่าเพิ่ม) กำหนดยืนราคา 730 วัน  นับจากวันถัดจากวันประกาศในราชกิจจานุเบกษา เงื่อนไขและรายละเอียดอื่นๆ ให้ดูตามแบบเสนอยาในเว็บไซต์ www.nlem.in.th",ใช้สำหรับโรคติดเชื้อ Methicillin Resistant Staphylococcus aureus (MRSA) โดยมีแนวทางกำกับการใช้ยาเป็นไปตามรายละเอียดในภาคผนวก 3,,สำนักงานประสานการพัฒนาบัญชียาหลักแห่งชาติ — ปรับปรุงเมื่อวันที่ 23 พฤษภาคม 2555
Sulfadiazine,,tab,,,หมวดยา: Infections | หมวดยา: Antibacterial drugs | หมวดยา: Sulphonamides and trimethoprim | ED: ก,ใช้รักษาการติดเชื้อ toxoplasmosis,,สำนักงานประสานการพัฒนาบัญชียาหลักแห่งชาติ — ปรับปรุงเมื่อวันที่ 23 พฤษภาคม 2555
Sulfamethoxazole + Trimethoprim,,"cap, tab, susp, sterile sol",,,หมวดยา: Infections | หมวดยา: Antibacterial drugs | หมวดยา: Sulphonamides and trimethoprim | ชื่อพ้อง: Co-trimoxazole | ED: ก,,,สำนักงานประสานการพัฒนาบัญชียาหลักแห่งชาติ — ปรับปรุงเมื่อวันที่ 23 พฤษภาคม 2555
Trimethoprim,,tab,,,หมวดยา: Infections | หมวดยา: Antibacterial drugs | หมวดยา: Sulphonamides and trimethoprim | ED: ข,ใช้รักษาปอดอักเสบจากเชื้อ Pneumocystis jirovecii โดยใช้ร่วมกับยาอื่นในกรณีที่ไม่สามารถใช้ร่วมกับยา sulfonamides ได้,,สำนักงานประสานการพัฒนาบัญชียาหลักแห่งชาติ — ปรับปรุงเมื่อวันที่ 23 พฤษภาคม 2555
Ethambutol hydrochloride,,film coated tab,,,หมวดยา: Infections | หมวดยา: Antibacterial drugs | หมวดยา: Antituberculous drugs | ED: ก,,,สำนักงานประสานการพัฒนาบัญชียาหลักแห่งชาติ — ปรับปรุงเมื่อวันที่ 23 พฤษภาคม 2555
Isoniazid,,tab,,,หมวดยา: Infections | หมวดยา: Antibacterial drugs | หมวดยา: Antituberculous drugs | ED: ก,,,สำนักงานประสานการพัฒนาบัญชียาหลักแห่งชาติ — ปรับปรุงเมื่อวันที่ 23 พฤษภาคม 2555
Pyrazinamide,,tab,,,หมวดยา: Infections | หมวดยา: Antibacterial drugs | หมวดยา: Antituberculous drugs | ED: ก,,,สำนักงานประสานการพัฒนาบัญชียาหลักแห่งชาติ — ปรับปรุงเมื่อวันที่ 23 พฤษภาคม 2555
Rifampicin,,"cap, tab, dry syr, syr, susp",,,หมวดยา: Infections | หมวดยา: Antibacterial drugs | หมวดยา: Antituberculous drugs | ED: ก,,,สำนักงานประสานการพัฒนาบัญชียาหลักแห่งชาติ — ปรับปรุงเมื่อวันที่ 23 พฤษภาคม 2555
Streptomycin sulfate,,sterile pwdr,,,หมวดยา: Infections | หมวดยา: Antibacterial drugs | หมวดยา: Antituberculous drugs | ED: ก,,,สำนักงานประสานการพัฒนาบัญชียาหลักแห่งชาติ — ปรับปรุงเมื่อวันที่ 23 พฤษภาคม 2555
Tuberculin Purified Protein Derivative,,inj,,,หมวดยา: Infections | หมวดยา: Antibacterial drugs | หมวดยา: Antituberculous drugs | ชื่อพ้อง: Tuberculin PPD | ED: ก,,,สำนักงานประสานการพัฒนาบัญชียาหลักแห่งชาติ — ปรับปรุงเมื่อวันที่ 23 พฤษภาคม 2555
Isoniazid + Rifampicin,,cap/tab (เฉพาะ 100+150 mg และ 150+300 mg),,,หมวดยา: Infections | หมวดยา: Antibacterial drugs | หมวดยา: Antituberculous drugs | ED: ข,ใช้เป็นยารวมในการรักษาวัณโรคในระยะ maintenance,,สำนักงานประสานการพัฒนาบัญชียาหลักแห่งชาติ — ปรับปรุงเมื่อวันที่ 23 พฤษภาคม 2555
Isoniazid + Rifampicin + Pyrazinamide,,tab (เฉพาะ 75 + 150 + 400 mg),,,หมวดยา: Infections | หมวดยา: Antibacterial drugs | หมวดยา: Antituberculous drugs | ED: ข,ใช้เป็นยารวมในการรักษาวัณโรคในระยะ initial และ maintenance,,สำนักงานประสานการพัฒนาบัญชียาหลักแห่งชาติ — ปรับปรุงเมื่อวันที่ 23 พฤษภาคม 2555
Isoniazid + Rifampicin + Pyrazinamide + Ethambutol hydrochloride,,tab (เฉพาะ 75 + 150 + 400 + 275 mg),,,หมวดยา: Infections | หมวดยา: Antibacterial drugs | หมวดยา: Antituberculous drugs | ED: ข,ใช้เป็นยารวมในการรักษาวัณโรคในระยะ initial,,สำนักงานประสานการพัฒนาบัญชียาหลักแห่งชาติ — ปรับปรุงเมื่อวันที่ 23 พฤษภาคม 2555
Amikacin sulfate,,sterile sol,,,หมวดยา: Infections | หมวดยา: Antibacterial drugs | หมวดยา: Antituberculous drugs | ED: ค | หมายเหตุ: ดูรายละเอียดเพิ่มเติมใน 5.1.4 Aminoglycosides,ใช้รักษา multidrug-resistant tuberculosis (MDR-TB) โดยเป็น second-line drug,,สำนักงานประสานการพัฒนาบัญชียาหลักแห่งชาติ — ปรับปรุงเมื่อวันที่ 23 พฤษภาคม 2555
Cycloserine,,cap,,,หมวดยา: Infections | หมวดยา: Antibacterial drugs | หมวดยา: Antituberculous drugs | ED: ค,เช่นเดียวกับยา amikacin sulfate,,สำนักงานประสานการพัฒนาบัญชียาหลักแห่งชาติ — ปรับปรุงเมื่อวันที่ 23 พฤษภาคม 2555
Ethionamide,,tab,,,หมวดยา: Infections | หมวดยา: Antibacterial drugs | หมวดยา: Antituberculous drugs | ED: ค,เช่นเดียวกับยา amikacin sulfate,,สำนักงานประสานการพัฒนาบัญชียาหลักแห่งชาติ — ปรับปรุงเมื่อวันที่ 23 พฤษภาคม 2555
Kanamycin sulfate,,sterile pwdr,,,หมวดยา: Infections | หมวดยา: Antibacterial drugs | หมวดยา: Antituberculous drugs | ED: ค,เช่นเดียวกับยา amikacin sulfate,,สำนักงานประสานการพัฒนาบัญชียาหลักแห่งชาติ — ปรับปรุงเมื่อวันที่ 23 พฤษภาคม 2555
Ofloxacin,,"tab (เฉพาะ 100, 200 mg)",,,หมวดยา: Infections | หมวดยา: Antibacterial drugs | หมวดยา: Antituberculous drugs | ED: ค | หมายเหตุ: จัดเป็นบัญชี ข  เมื่อใช้เป็นยาแทน (alternative drug) ในการรักษาโรคติดเชื้อแบคทีเรียกรัมลบ ดูข้อ 5.1.6 Quinolones,ใช้รักษา multidrug-resistant tuberculosis (MDR-TB) โดยเป็น  second-line therapy หรือกรณีแพ้ยา,,สำนักงานประสานการพัฒนาบัญชียาหลักแห่งชาติ — ปรับปรุงเมื่อวันที่ 23 พฤษภาคม 2555
Para-aminosalicylic acid,,EC tab,,,หมวดยา: Infections | หมวดยา: Antibacterial drugs | หมวดยา: Antituberculous drugs | ชื่อพ้อง: PAS | ED: ค,เช่นเดียวกับยา amikacin sulfate,,สำนักงานประสานการพัฒนาบัญชียาหลักแห่งชาติ — ปรับปรุงเมื่อวันที่ 23 พฤษภาคม 2555
Levofloxacin hemihydrate,,"tab (เฉพาะ 500 mg), sterile sol",,,หมวดยา: Infections | หมวดยา: Antibacterial drugs | หมวดยา: Antituberculous drugs | ED: ง | หมายเหตุ: ดูรายละเอียดเพิ่มเติมใน 5.1.6 Quinolones,ใช้รักษา multidrug-resistant tuberculosis (MDR-TB) โดยเป็น  second-line therapy,,สำนักงานประสานการพัฒนาบัญชียาหลักแห่งชาติ — ปรับปรุงเมื่อวันที่ 23 พฤษภาคม 2555
Clofazimine,,cap,,,หมวดยา: Infections | หมวดยา: Antibacterial drugs | หมวดยา: Antileprotic drugs | ED: ก,,,สำนักงานประสานการพัฒนาบัญชียาหลักแห่งชาติ — ปรับปรุงเมื่อวันที่ 23 พฤษภาคม 2555
Dapsone,,tab,,,หมวดยา: Infections | หมวดยา: Antibacterial drugs | หมวดยา: Antileprotic drugs | ED: ก,,,สำนักงานประสานการพัฒนาบัญชียาหลักแห่งชาติ — ปรับปรุงเมื่อวันที่ 23 พฤษภาคม 2555
Fluconazole,,cap,,,หมวดยา: Infections | หมวดยา: Antifungal drugs | ED: ก,"1. ใช้สำหรับ invasive fungal infection บางชนิด
2. ใช้สำหรับ dermatomycoses",,สำนักงานประสานการพัฒนาบัญชียาหลักแห่งชาติ — ปรับปรุงเมื่อวันที่ 23 พฤษภาคม 2555
Griseofulvin,,tab,,,หมวดยา: Infections | หมวดยา: Antifungal drugs | ED: ก,,,สำนักงานประสานการพัฒนาบัญชียาหลักแห่งชาติ — ปรับปรุงเมื่อวันที่ 23 พฤษภาคม 2555
Ketoconazole,,tab,,,หมวดยา: Infections | หมวดยา: Antifungal drugs | ED: ก,,,สำนักงานประสานการพัฒนาบัญชียาหลักแห่งชาติ — ปรับปรุงเมื่อวันที่ 23 พฤษภาคม 2555
Nystatin,,oral susp,,,หมวดยา: Infections | หมวดยา: Antifungal drugs | ED: ก,,,สำนักงานประสานการพัฒนาบัญชียาหลักแห่งชาติ — ปรับปรุงเมื่อวันที่ 23 พฤษภาคม 2555
Saturated solution of potassium iodide,,sol (hosp),,,หมวดยา: Infections | หมวดยา: Antifungal drugs | ชื่อพ้อง: SSKI | ED: ก,,,สำนักงานประสานการพัฒนาบัญชียาหลักแห่งชาติ — ปรับปรุงเมื่อวันที่ 23 พฤษภาคม 2555
Itraconazole,,cap,,,หมวดยา: Infections | หมวดยา: Antifungal drugs | ED: ค,"ใช้สำหรับโรคติดเชื้อ Penicillosis marneffei, cryptococcosis, vaginal candidiasis และ dermatomycoses",,สำนักงานประสานการพัฒนาบัญชียาหลักแห่งชาติ — ปรับปรุงเมื่อวันที่ 23 พฤษภาคม 2555
Amphotericin B,,sterile pwdr (เฉพาะ conventional formulations),,,หมวดยา: Infections | หมวดยา: Antifungal drugs | ED: ค,ใช้สำหรับการรักษา invasive fungal infections,,สำนักงานประสานการพัฒนาบัญชียาหลักแห่งชาติ — ปรับปรุงเมื่อวันที่ 23 พฤษภาคม 2555
Fluconazole,,sterile sol,,,หมวดยา: Infections | หมวดยา: Antifungal drugs | ED: ค,ใช้เป็นยาแทน (alternative drug) ของ amphotericin B ในการรักษา cryptococcosis หรือ candidiasis เมื่อผู้ป่วยไม่สามารถใช้ amphotericin B ได้,,สำนักงานประสานการพัฒนาบัญชียาหลักแห่งชาติ — ปรับปรุงเมื่อวันที่ 23 พฤษภาคม 2555
Itraconazole,,oral sol,,,หมวดยา: Infections | หมวดยา: Antifungal drugs | ED: ง,"1. ใช้กับผู้ป่วยที่รับประทานยาแคปซูลไม่ได้  
2.เป็นยาแทน (alternative drug) สำหรับ invasive fungal infection",,สำนักงานประสานการพัฒนาบัญชียาหลักแห่งชาติ — ปรับปรุงเมื่อวันที่ 23 พฤษภาคม 2555
Liposomal amphotericin B,,sterile pwdr,,,"หมวดยา: Infections | หมวดยา: Antifungal drugs | ED: จ(2) | หมายเหตุ: ราคายา Liposomal amphotericin B ขนาด 50 mg ที่ต่อรองได้ ขวดละไม่เกิน 6,650.00 บาท (ราคารวมภาษีมูลค่าเพิ่ม) กำหนดยืนราคา 730 วัน นับจากวันถัดจากวันประกาศในราชกิจจานุเบกษา เงื่อนไขและรายละเอียดอื่นๆ ให้ดูตามแบบเสนอยาในเว็บไซต์ www.nlem.in.th",ใช้รักษา invasive fungal infections (ยกเว้น aspergillosis) ในผู้ป่วยที่ไม่สามารถทนต่อยา conventional amphotericin B โดยมีแนวทางกำกับการใช้ยาเป็นไปตามรายละเอียดในภาคผนวก 3,,สำนักงานประสานการพัฒนาบัญชียาหลักแห่งชาติ — ปรับปรุงเมื่อวันที่ 23 พฤษภาคม 2555
Voriconazole,,"tab, sterile pwdr",,,"หมวดยา: Infections | หมวดยา: Antifungal drugs | ED: จ(2) | หมายเหตุ: 1. ราคายา Voriconazole ขนาด 50 mg ที่ต่อรองได้ เม็ดละไม่เกิน 356.67 บาท (ราคารวมภาษีมูลค่าเพิ่ม) 
2. ราคายา Voriconazole ขนาด 200 mg ที่ต่อรองได้ เม็ดละไม่เกิน 1,391.00 บาท (ราคารวมภาษีมูลค่าเพิ่ม)
3. ราคายา Voriconazole ขนาด 200 mg ที่ต่อรองได้ ขวดละไม่เกิน 4,199.75 บาท (ราคารวมภาษีมูลค่าเพิ่ม)ราคายาลำดับที่ 1-3 กำหนดยืนราคา 730 วัน  นับจากวันถัดจากวันประกาศในราชกิจจานุเบกษา เงื่อนไขและรายละเอียดอื่นๆ ให้ดูตามแบบเสนอยาในเว็บไซต์ www.nlem.in.th",ใช้รักษา invasive aspergillosis โดยมีแนวทางกำกับการใช้ยาเป็นไปตามรายละเอียดในภาคผนวก 3,,สำนักงานประสานการพัฒนาบัญชียาหลักแห่งชาติ — ปรับปรุงเมื่อวันที่ 23 พฤษภาคม 2555
Aciclovir,,"oral susp, oral susp (hosp)",,,หมวดยา: Infections | หมวดยา: Antiviral drugs | หมวดยา: Non-antiretrovirals | รายละเอียดกลุ่ม 3: Aciclovir ชนิด  topical (Aciclovir cream) ไม่จัดเป็นยาในบัญชียาหลักแห่งชาติ เนื่องจากมีประสิทธิผลต่ำและไม่แนะนำให้ใช้ | ชื่อพ้อง: Acyclovir | ED: ก,ใช้สำหรับการติดเชื้อ varicella-zoster และ herpes simplex ในผู้ป่วยเด็กที่มีภูมิคุ้มกันบกพร่อง,,สำนักงานประสานการพัฒนาบัญชียาหลักแห่งชาติ — ปรับปรุงเมื่อวันที่ 23 พฤษภาคม 2555
Aciclovir,,tab,,,หมวดยา: Infections | หมวดยา: Antiviral drugs | หมวดยา: Non-antiretrovirals | รายละเอียดกลุ่ม 3: Aciclovir ชนิด  topical (Aciclovir cream) ไม่จัดเป็นยาในบัญชียาหลักแห่งชาติ เนื่องจากมีประสิทธิผลต่ำและไม่แนะนำให้ใช้ | ชื่อพ้อง: Acyclovir | ED: ก,"1. ใช้สำหรับการติดเชื้อ varicella - zoster และ herpes simplex ในผู้ป่วยที่มีภูมิคุ้มกันบกพร่อง
2. ใช้สำหรับการติดเชื้อ herpes zoster ในผู้ป่วยที่มีภูมิคุ้มกันปกติยกเว้นอีสุกอีใส (chicken pox) ในเด็ก
3. ใช้รักษาและควบคุม recurrent herpes simplex infection ที่รุนแรงในผู้ป่วยที่มีภูมิคุ้มกันปกติ",,สำนักงานประสานการพัฒนาบัญชียาหลักแห่งชาติ — ปรับปรุงเมื่อวันที่ 23 พฤษภาคม 2555
Aciclovir sodium,,"sterile pwdr, sterile sol",,,หมวดยา: Infections | หมวดยา: Antiviral drugs | หมวดยา: Non-antiretrovirals | รายละเอียดกลุ่ม 3: Aciclovir ชนิด  topical (Aciclovir cream) ไม่จัดเป็นยาในบัญชียาหลักแห่งชาติ เนื่องจากมีประสิทธิผลต่ำและไม่แนะนำให้ใช้ | ชื่อพ้อง: Acyclovir sodium | ED: ค,"1.ใช้สำหรับการติดเชื้อ varicella - zoster และ  herpes simplex  ในผู้ป่วยที่มีภูมิคุ้มกันบกพร่อง  
2.ใช้สำหรับ herpetic encephalitis และ herpes ophthalmitis  
3.ใช้กับทารกแรกเกิดที่มารดาป่วยเป็นโรคไข้อีสุกอีใสในช่วง 5 วันก่อนคลอดและในช่วง 2 วันหลังคลอด เพื่อป้องกันโรคอีสุกอีใสในเด็กแรกเกิด (neonatal varicella)
4.ใช้ในกรณีพิเศษตามคำแนะนำของแพทย์ผู้เชี่ยวชาญด้านโรคติดเชื้อ",,สำนักงานประสานการพัฒนาบัญชียาหลักแห่งชาติ — ปรับปรุงเมื่อวันที่ 23 พฤษภาคม 2555
Ganciclovir sodium,,sterile pwdr,,,หมวดยา: Infections | หมวดยา: Antiviral drugs | หมวดยา: Non-antiretrovirals | รายละเอียดกลุ่ม 3: Aciclovir ชนิด  topical (Aciclovir cream) ไม่จัดเป็นยาในบัญชียาหลักแห่งชาติ เนื่องจากมีประสิทธิผลต่ำและไม่แนะนำให้ใช้ | ED: ง,"1.ใช้สำหรับการติดเชื้อ cytomegalovirus (CMV)
2.ใช้กรณีพิเศษตามคำแนะนำของแพทย์ผู้เชี่ยวชาญด้านโรคติดเชื้อ",,สำนักงานประสานการพัฒนาบัญชียาหลักแห่งชาติ — ปรับปรุงเมื่อวันที่ 23 พฤษภาคม 2555
Oseltamivir phosphate,,"cap, dry syr",,,หมวดยา: Infections | หมวดยา: Antiviral drugs | หมวดยา: Non-antiretrovirals | รายละเอียดกลุ่ม 3: Aciclovir ชนิด  topical (Aciclovir cream) ไม่จัดเป็นยาในบัญชียาหลักแห่งชาติ เนื่องจากมีประสิทธิผลต่ำและไม่แนะนำให้ใช้ | ED: จ(1),ใช้สำหรับการดำเนินงานตามแผนยุทธศาสตร์ป้องกัน แก้ไข และเตรียมพร้อมรับปัญหาโรคไข้หวัดนก และการระบาดใหญ่ของโรคไข้หวัดใหญ่ของประเทศ,,สำนักงานประสานการพัฒนาบัญชียาหลักแห่งชาติ — ปรับปรุงเมื่อวันที่ 23 พฤษภาคม 2555
Atazanavir sulfate,,cap,,,หมวดยา: Infections | หมวดยา: Antiviral drugs | หมวดยา: Antiretrovirals | รายละเอียดกลุ่ม 3: ยากลุ่มนี้เป็นยาตามนโยบายเอดส์แห่งชาติของกรมควบคุมโรค สำนักงานประกันสังคม สำนักงานหลักประกันสุขภาพแห่งชาติ และกรมบัญชีกลาง | ED: จ(1),,,สำนักงานประสานการพัฒนาบัญชียาหลักแห่งชาติ — ปรับปรุงเมื่อวันที่ 23 พฤษภาคม 2555
Didanosine,,"tab, oral pwdr",,,หมวดยา: Infections | หมวดยา: Antiviral drugs | หมวดยา: Antiretrovirals | รายละเอียดกลุ่ม 3: ยากลุ่มนี้เป็นยาตามนโยบายเอดส์แห่งชาติของกรมควบคุมโรค สำนักงานประกันสังคม สำนักงานหลักประกันสุขภาพแห่งชาติ และกรมบัญชีกลาง | ชื่อพ้อง: ddI | ED: จ(1),,,สำนักงานประสานการพัฒนาบัญชียาหลักแห่งชาติ — ปรับปรุงเมื่อวันที่ 23 พฤษภาคม 2555
Efavirenz,,"cap, tab",,,หมวดยา: Infections | หมวดยา: Antiviral drugs | หมวดยา: Antiretrovirals | รายละเอียดกลุ่ม 3: ยากลุ่มนี้เป็นยาตามนโยบายเอดส์แห่งชาติของกรมควบคุมโรค สำนักงานประกันสังคม สำนักงานหลักประกันสุขภาพแห่งชาติ และกรมบัญชีกลาง | ED: จ(1),,,สำนักงานประสานการพัฒนาบัญชียาหลักแห่งชาติ — ปรับปรุงเมื่อวันที่ 23 พฤษภาคม 2555
Indinavir sulfate,,cap,,,หมวดยา: Infections | หมวดยา: Antiviral drugs | หมวดยา: Antiretrovirals | รายละเอียดกลุ่ม 3: ยากลุ่มนี้เป็นยาตามนโยบายเอดส์แห่งชาติของกรมควบคุมโรค สำนักงานประกันสังคม สำนักงานหลักประกันสุขภาพแห่งชาติ และกรมบัญชีกลาง | ED: จ(1),,,สำนักงานประสานการพัฒนาบัญชียาหลักแห่งชาติ — ปรับปรุงเมื่อวันที่ 23 พฤษภาคม 2555
Lamivudine,,"tab (เฉพาะ 100, 150 mg), syr",,,หมวดยา: Infections | หมวดยา: Antiviral drugs | หมวดยา: Antiretrovirals | รายละเอียดกลุ่ม 3: ยากลุ่มนี้เป็นยาตามนโยบายเอดส์แห่งชาติของกรมควบคุมโรค สำนักงานประกันสังคม สำนักงานหลักประกันสุขภาพแห่งชาติ และกรมบัญชีกลาง | ชื่อพ้อง: 3TC | ED: จ(1),,,สำนักงานประสานการพัฒนาบัญชียาหลักแห่งชาติ — ปรับปรุงเมื่อวันที่ 23 พฤษภาคม 2555
Lamivudine + Stavudine + Nevirapine,,tab (เฉพาะ 150+30+200 mg),,,หมวดยา: Infections | หมวดยา: Antiviral drugs | หมวดยา: Antiretrovirals | รายละเอียดกลุ่ม 3: ยากลุ่มนี้เป็นยาตามนโยบายเอดส์แห่งชาติของกรมควบคุมโรค สำนักงานประกันสังคม สำนักงานหลักประกันสุขภาพแห่งชาติ และกรมบัญชีกลาง | ED: จ(1),,,สำนักงานประสานการพัฒนาบัญชียาหลักแห่งชาติ — ปรับปรุงเมื่อวันที่ 23 พฤษภาคม 2555
Lopinavir + Ritonavir,,"tab, oral sol",,,หมวดยา: Infections | หมวดยา: Antiviral drugs | หมวดยา: Antiretrovirals | รายละเอียดกลุ่ม 3: ยากลุ่มนี้เป็นยาตามนโยบายเอดส์แห่งชาติของกรมควบคุมโรค สำนักงานประกันสังคม สำนักงานหลักประกันสุขภาพแห่งชาติ และกรมบัญชีกลาง | ED: จ(1),,,สำนักงานประสานการพัฒนาบัญชียาหลักแห่งชาติ — ปรับปรุงเมื่อวันที่ 23 พฤษภาคม 2555
Nelfinavir mesilate,,"tab, dry syr",,,หมวดยา: Infections | หมวดยา: Antiviral drugs | หมวดยา: Antiretrovirals | รายละเอียดกลุ่ม 3: ยากลุ่มนี้เป็นยาตามนโยบายเอดส์แห่งชาติของกรมควบคุมโรค สำนักงานประกันสังคม สำนักงานหลักประกันสุขภาพแห่งชาติ และกรมบัญชีกลาง | ED: จ(1),,,สำนักงานประสานการพัฒนาบัญชียาหลักแห่งชาติ — ปรับปรุงเมื่อวันที่ 23 พฤษภาคม 2555
Nevirapine,,"tab, susp",,,หมวดยา: Infections | หมวดยา: Antiviral drugs | หมวดยา: Antiretrovirals | รายละเอียดกลุ่ม 3: ยากลุ่มนี้เป็นยาตามนโยบายเอดส์แห่งชาติของกรมควบคุมโรค สำนักงานประกันสังคม สำนักงานหลักประกันสุขภาพแห่งชาติ และกรมบัญชีกลาง | ED: จ(1),,,สำนักงานประสานการพัฒนาบัญชียาหลักแห่งชาติ — ปรับปรุงเมื่อวันที่ 23 พฤษภาคม 2555
Ritonavir,,"cap, oral sol",,,หมวดยา: Infections | หมวดยา: Antiviral drugs | หมวดยา: Antiretrovirals | รายละเอียดกลุ่ม 3: ยากลุ่มนี้เป็นยาตามนโยบายเอดส์แห่งชาติของกรมควบคุมโรค สำนักงานประกันสังคม สำนักงานหลักประกันสุขภาพแห่งชาติ และกรมบัญชีกลาง | ED: จ(1),,,สำนักงานประสานการพัฒนาบัญชียาหลักแห่งชาติ — ปรับปรุงเมื่อวันที่ 23 พฤษภาคม 2555
Saquinavir,,cap (as base or mesilate),,,หมวดยา: Infections | หมวดยา: Antiviral drugs | หมวดยา: Antiretrovirals | รายละเอียดกลุ่ม 3: ยากลุ่มนี้เป็นยาตามนโยบายเอดส์แห่งชาติของกรมควบคุมโรค สำนักงานประกันสังคม สำนักงานหลักประกันสุขภาพแห่งชาติ และกรมบัญชีกลาง | ED: จ(1),,,สำนักงานประสานการพัฒนาบัญชียาหลักแห่งชาติ — ปรับปรุงเมื่อวันที่ 23 พฤษภาคม 2555
Stavudine,,"cap, dry syr",,,หมวดยา: Infections | หมวดยา: Antiviral drugs | หมวดยา: Antiretrovirals | รายละเอียดกลุ่ม 3: ยากลุ่มนี้เป็นยาตามนโยบายเอดส์แห่งชาติของกรมควบคุมโรค สำนักงานประกันสังคม สำนักงานหลักประกันสุขภาพแห่งชาติ และกรมบัญชีกลาง | ชื่อพ้อง: d4T | ED: จ(1),,,สำนักงานประสานการพัฒนาบัญชียาหลักแห่งชาติ — ปรับปรุงเมื่อวันที่ 23 พฤษภาคม 2555
Tenofovir disoproxil fumarate,,tab,,,หมวดยา: Infections | หมวดยา: Antiviral drugs | หมวดยา: Antiretrovirals | รายละเอียดกลุ่ม 3: ยากลุ่มนี้เป็นยาตามนโยบายเอดส์แห่งชาติของกรมควบคุมโรค สำนักงานประกันสังคม สำนักงานหลักประกันสุขภาพแห่งชาติ และกรมบัญชีกลาง | ED: จ(1),,,สำนักงานประสานการพัฒนาบัญชียาหลักแห่งชาติ — ปรับปรุงเมื่อวันที่ 23 พฤษภาคม 2555
Zidovudine,,"cap, oral sol",,,หมวดยา: Infections | หมวดยา: Antiviral drugs | หมวดยา: Antiretrovirals | รายละเอียดกลุ่ม 3: ยากลุ่มนี้เป็นยาตามนโยบายเอดส์แห่งชาติของกรมควบคุมโรค สำนักงานประกันสังคม สำนักงานหลักประกันสุขภาพแห่งชาติ และกรมบัญชีกลาง | ชื่อพ้อง: AZT | ED: จ(1),,,สำนักงานประสานการพัฒนาบัญชียาหลักแห่งชาติ — ปรับปรุงเมื่อวันที่ 23 พฤษภาคม 2555
Zidovudine + Lamivudine,,tab (เฉพาะ 300+150 mg),,,หมวดยา: Infections | หมวดยา: Antiviral drugs | หมวดยา: Antiretrovirals | รายละเอียดกลุ่ม 3: ยากลุ่มนี้เป็นยาตามนโยบายเอดส์แห่งชาติของกรมควบคุมโรค สำนักงานประกันสังคม สำนักงานหลักประกันสุขภาพแห่งชาติ และกรมบัญชีกลาง | ชื่อพ้อง: AZT+3TC | ED: จ(1),,,สำนักงานประสานการพัฒนาบัญชียาหลักแห่งชาติ — ปรับปรุงเมื่อวันที่ 23 พฤษภาคม 2555
Zidovudine + Lamivudine + Nevirapine,,tab (เฉพาะ 250 + 150 +200 mg),,,หมวดยา: Infections | หมวดยา: Antiviral drugs | หมวดยา: Antiretrovirals | รายละเอียดกลุ่ม 3: ยากลุ่มนี้เป็นยาตามนโยบายเอดส์แห่งชาติของกรมควบคุมโรค สำนักงานประกันสังคม สำนักงานหลักประกันสุขภาพแห่งชาติ และกรมบัญชีกลาง | ED: จ(1),,,สำนักงานประสานการพัฒนาบัญชียาหลักแห่งชาติ — ปรับปรุงเมื่อวันที่ 23 พฤษภาคม 2555
Darunavir ethanolate,,tab,,,"หมวดยา: Infections | หมวดยา: Antiviral drugs | หมวดยา: Antiretrovirals | รายละเอียดกลุ่ม 3: ยากลุ่มนี้เป็นยาตามนโยบายเอดส์แห่งชาติของกรมควบคุมโรค สำนักงานประกันสังคม สำนักงานหลักประกันสุขภาพแห่งชาติ และกรมบัญชีกลาง | ชื่อพ้อง: DRV | ED: จ(2) | หมายเหตุ: 1. ราคายา Darunavir ethanolate (DRV) ขนาด 300 mg ที่ต่อรองได้ เม็ดละไม่เกิน 61.2575 บาท (ราคารวมภาษีมูลค่าเพิ่ม) 
2. ราคายา Darunavir ethanolate (DRV) ขนาด 600 mg ที่ต่อรองได้ เม็ดละไม่เกิน 122.515 บาท (ราคารวมภาษีมูลค่าเพิ่ม)
ราคายาลำดับที่ 1 และ 2 กำหนดยืนราคา 730 วัน  นับจากวันถัดจากวันประกาศในราชกิจจานุเบกษา เงื่อนไขและรายละเอียดอื่นๆ ให้ดูตามแบบเสนอยาในเว็บไซต์ www.nlem.in.th",ใช้เป็นยาแทน (alternative drug) ในกรณีที่ทนผลข้างเคียงของ Lopinavir + Ritonavir ไม่ได้ โดยมีแนวทางกำกับการใช้ยาเป็นไปตามรายละเอียดที่คณะอนุกรรมการด้านการพัฒนาและบริการผู้ติดเชื้อเอชไอวี/ผู้ป่วยเอดส์ ของสำนักงานหลักประกันสุขภาพแห่งชาติกำหนด,,สำนักงานประสานการพัฒนาบัญชียาหลักแห่งชาติ — ปรับปรุงเมื่อวันที่ 23 พฤษภาคม 2555
Lamivudine,,"tab (เฉพาะ 100, 150 mg)",,,"หมวดยา: Infections | หมวดยา: Antiviral drugs | หมวดยา: Viral hepatitis | ชื่อพ้อง: 3TC | ED: ง | หมายเหตุ: ระดับ ALT ที่ผิดปกติต้องวินิจฉัยแยกโรคอื่นๆ ที่ทำให้ ALT สูงกว่าปกติ เช่น  fatty liver, drug-induced hepatitis, autoimmune hepatitis","1.  ใช้สำหรับโรคไวรัสตับอักเสบบีเรื้อรัง (chronic hepatitis B) ที่มี HBeAg positive หรือ negative โดยต้องมีระดับ Alanine aminotransferase (ALT) สูงกว่าหรือเท่ากับ 1.5 เท่าของค่าปกติ และมี HBV DNA มากกว่า 10,000 copies/ml (หรือ 2,000 IU/ml) และ/หรือมีผล liver histology แสดงว่าเป็นโรคไวรัสตับอักเสบบีเรื้อรัง
 2.  ใช้สำหรับ compensated หรือ decompensated cirrhosis ที่ตรวจพบ HBV DNA
 3.  ใช้กับผู้ป่วย HBsAg positive ที่ได้รับยาเคมีบำบัดหรือยากดภูมิคุ้มกัน
 4.  ให้ตรวจ HIV serology negative 2 ครั้ง ห่างกัน 3 เดือน และเป็นระยะตลอดเวลาการรักษา ยกเว้นในกรณีที่มีความจำเป็นเร่งด่วนต้องรักษาผู้ป่วยที่ติดเชื้อไวรัสตับอักเสบบี ให้มีผล HIV serology negative ในครั้งแรก",,สำนักงานประสานการพัฒนาบัญชียาหลักแห่งชาติ — ปรับปรุงเมื่อวันที่ 23 พฤษภาคม 2555
Tenofovir disoproxil fumarate,,tab,,,หมวดยา: Infections | หมวดยา: Antiviral drugs | หมวดยา: Viral hepatitis | ED: ง,"1.  ใช้สำหรับโรคไวรัสตับอักเสบบีเรื้อรังเฉพาะกรณีดังต่อไปนี้
1.1  ใช้ในกรณี rescue ในผู้ป่วยที่ดื้อต่อยาในกลุ่ม nucleoside analog (NRTI) เช่น lamivudine โดยใช้ tenofovir เป็นการรักษาเสริมและไม่ให้ใช้เป็นยาเดี่ยว
1.2  ใช้ในกรณีที่ผู้ป่วยยังมี HBV DNA มากกว่า 1,000 copies/ml (หรือ 200 IU/ml) หลังรักษาด้วยยาในกลุ่ม nucleoside analog (NRTI) เช่น lamivudine เป็นเวลา 24 สัปดาห์
2.  ให้ตรวจ HIV serology negative 2 ครั้ง ห่างกัน 3 เดือน และเป็นระยะตลอดเวลาการรักษา ยกเว้นในกรณีที่มีความจำเป็นเร่งด่วนต้องรักษาผู้ป่วยที่ติดเชื้อไวรัสตับอักเสบบี ให้มีผล HIV serology negative ในครั้งแรก",,สำนักงานประสานการพัฒนาบัญชียาหลักแห่งชาติ — ปรับปรุงเมื่อวันที่ 23 พฤษภาคม 2555
Peginterferon  alfa-2a,,sterile  sol,,,"หมวดยา: Infections | หมวดยา: Antiviral drugs | หมวดยา: Viral hepatitis | ED: จ(2) | หมายเหตุ: 1. ราคายา Peginterferon  alfa-2a ขนาด 135 mcg (0.5 ml) ที่ต่อรองได้ syringe ละไม่เกิน 3,150.00 บาท (ราคารวมภาษีมูลค่าเพิ่ม) ซึ่งเป็นราคาที่รวมราคายา Ribavirin ไว้ด้วย กำหนดยืนราคา 730 วัน นับจากวันถัดจากวันประกาศในราชกิจจานุเบกษา เงื่อนไขและรายละเอียดอื่นๆ ให้ดูตามแบบเสนอยาในเว็บไซต์ www.nlem.in.th
 2. ราคายา Peginterferon  alfa-2a ขนาด 180 mcg (0.5 ml) ที่ต่อรองได้ syringe ละไม่เกิน 3,150.00  บาท (ราคารวมภาษีมูลค่าเพิ่ม) ซึ่งเป็นราคาที่รวมราคายา Ribavirin ไว้ด้วย กำหนดยืนราคา 730 วัน นับจากวันถัดจากวันประกาศในราชกิจจานุเบกษา เงื่อนไขและรายละเอียดอื่นๆ ให้ดูตามแบบเสนอยาในเว็บไซต์ www.nlem.in.th","ใช้รักษาโรคไวรัสตับอักเสบซีเรื้อรัง (genotype 2, 3) โดยมีแนวทางกำกับการใช้ยาเป็นไปตามรายละเอียดในภาคผนวก 3",,สำนักงานประสานการพัฒนาบัญชียาหลักแห่งชาติ — ปรับปรุงเมื่อวันที่ 23 พฤษภาคม 2555
Peginterferon  alfa-2b,,sterile pwdr,,,"หมวดยา: Infections | หมวดยา: Antiviral drugs | หมวดยา: Viral hepatitis | ED: จ(2) | หมายเหตุ: 1. ราคายา Peginterferon  alfa-2b ขนาด 100 mcg ที่ต่อรองได้ ขวดละไม่เกิน 3,150.00 บาท (ราคารวมภาษีมูลค่าเพิ่ม) ซึ่งเป็นราคาที่รวมราคายา Ribavirin ไว้ด้วย กำหนดยืนราคา 730 วัน นับจากวันถัดจากวันประกาศในราชกิจจานุเบกษา เงื่อนไขและรายละเอียดอื่นๆ ให้ดูตามแบบเสนอยาในเว็บไซต์ www.nlem.in.th
2. ราคายา Peginterferon  alfa-2b ขนาด 100 mcg ที่ต่อรองได้ redipen ละไม่เกิน 3,150.00  บาท (ราคารวมภาษีมูลค่าเพิ่ม) ซึ่งเป็นราคาที่รวมราคายา Ribavirin ไว้ด้วย กำหนดยืนราคา 730 วัน นับจากวันถัดจากวันประกาศในราชกิจจานุเบกษา เงื่อนไขและรายละเอียดอื่นๆ ให้ดูตามแบบเสนอยาในเว็บไซต์ www.nlem.in.th","ใช้รักษาโรคไวรัสตับอักเสบซีเรื้อรัง (genotype 2, 3) โดยมีแนวทางกำกับการใช้ยาเป็นไปตามรายละเอียดในภาคผนวก 3",,สำนักงานประสานการพัฒนาบัญชียาหลักแห่งชาติ — ปรับปรุงเมื่อวันที่ 23 พฤษภาคม 2555
Ribavirin,,cap/tab  (เฉพาะ 200 mg),,,หมวดยา: Infections | หมวดยา: Antiviral drugs | หมวดยา: Viral hepatitis | ED: จ(2) | หมายเหตุ: ราคา ribavirin cap/tab (เฉพาะ 200 mg) ให้ดูหมายเหตุราคา Peginterferon  alfa-2a และ Peginterferon  alfa-2b ในรายการยาลำดับที่ 3 และ 4,"ใช้ ribavirin ร่วมกับ peginterferon alfa ชนิด 2a หรือ 2b ในการรักษาโรคไวรัสตับอักเสบซีเรื้อรัง(genotype 2, 3) โดยมีแนวทางกำกับการใช้ยาเป็นไปตามรายละเอียดในภาคผนวก 3",,สำนักงานประสานการพัฒนาบัญชียาหลักแห่งชาติ — ปรับปรุงเมื่อวันที่ 23 พฤษภาคม 2555
Chloroquine phosphate,,tab,,,หมวดยา: Infections | หมวดยา: Antiprotozoal drugs | หมวดยา: Antimalarials | ED: ก,,,สำนักงานประสานการพัฒนาบัญชียาหลักแห่งชาติ — ปรับปรุงเมื่อวันที่ 23 พฤษภาคม 2555
Primaquine phosphate,,tab,,,หมวดยา: Infections | หมวดยา: Antiprotozoal drugs | หมวดยา: Antimalarials | ED: ก,,,สำนักงานประสานการพัฒนาบัญชียาหลักแห่งชาติ — ปรับปรุงเมื่อวันที่ 23 พฤษภาคม 2555
Quinine,,"compressed/film coated tab (as sulfate), sterile sol (as dihydrochloride)",,,หมวดยา: Infections | หมวดยา: Antiprotozoal drugs | หมวดยา: Antimalarials | ED: ก,,,สำนักงานประสานการพัฒนาบัญชียาหลักแห่งชาติ — ปรับปรุงเมื่อวันที่ 23 พฤษภาคม 2555
Artesunate,,"tab (ไม่รวม lactab และ rectocap), sterile pwdr",,,หมวดยา: Infections | หมวดยา: Antiprotozoal drugs | หมวดยา: Antimalarials | ED: ค | หมายเหตุ: ในกรณีใช้ยานี้ในพื้นที่ที่มีการระบาดของมาลาเรีย ให้โรงพยาบาลรัฐแจ้งสำนักควบคุมโรคนำโดยแมลง กรมควบคุมโรค,"1.ใช้รักษามาลาเรียตามข้อกำหนดในแนวทางการบำบัดรักษาหรือการใช้ยาฉบับปัจจุบันของกรมควบคุมโรค กระทรวงสาธารณสุข
2.ห้ามใช้ในการป้องกัน",,สำนักงานประสานการพัฒนาบัญชียาหลักแห่งชาติ — ปรับปรุงเมื่อวันที่ 23 พฤษภาคม 2555
Mefloquine hydrochloride,,tab,,,หมวดยา: Infections | หมวดยา: Antiprotozoal drugs | หมวดยา: Antimalarials | ED: ค,เช่นเดียวกับ artesunate,,สำนักงานประสานการพัฒนาบัญชียาหลักแห่งชาติ — ปรับปรุงเมื่อวันที่ 23 พฤษภาคม 2555
Metronidazole,,"cap/tab (as base), susp (as benzoate), sterile sol (as base)",,,หมวดยา: Infections | หมวดยา: Antiprotozoal drugs | หมวดยา: Other antiprotozoal drugs | ED: ก,"ใช้สำหรับ amebiasis, giardiasis และ urogenital trichomoniasis",,สำนักงานประสานการพัฒนาบัญชียาหลักแห่งชาติ — ปรับปรุงเมื่อวันที่ 23 พฤษภาคม 2555
Pyrimethamine,,tab,,,หมวดยา: Infections | หมวดยา: Antiprotozoal drugs | หมวดยา: Other antiprotozoal drugs | ED: ก,ใช้สำหรับโรคติดเชื้อ Toxoplasma โดยเฉพาะผู้ป่วยที่มีภูมิคุ้มกันบกพร่อง และผู้ป่วยเอดส์,,สำนักงานประสานการพัฒนาบัญชียาหลักแห่งชาติ — ปรับปรุงเมื่อวันที่ 23 พฤษภาคม 2555
Pentamidine isetionate,,sterile pwdr,,,หมวดยา: Infections | หมวดยา: Antiprotozoal drugs | หมวดยา: Other antiprotozoal drugs | ชื่อพ้อง: Pentamidine isethionate | ED: ง,ใช้สำหรับป้องกันหรือรักษาปอดอักเสบที่เกิดจาก Pneumocystis jirovecii    ที่ดื้อต่อยา co-trimoxazole หรือ trimethoprim,,สำนักงานประสานการพัฒนาบัญชียาหลักแห่งชาติ — ปรับปรุงเมื่อวันที่ 23 พฤษภาคม 2555
Albendazole,,"tab, susp",,,หมวดยา: Infections | หมวดยา: Anthelmintics | ED: ก,,,สำนักงานประสานการพัฒนาบัญชียาหลักแห่งชาติ — ปรับปรุงเมื่อวันที่ 23 พฤษภาคม 2555
Diethylcarbamazine citrate,,tab,,,หมวดยา: Infections | หมวดยา: Anthelmintics | ED: ก,,,สำนักงานประสานการพัฒนาบัญชียาหลักแห่งชาติ — ปรับปรุงเมื่อวันที่ 23 พฤษภาคม 2555
Mebendazole,,"tab, susp, susp (hosp)",,,หมวดยา: Infections | หมวดยา: Anthelmintics | ED: ก,,,สำนักงานประสานการพัฒนาบัญชียาหลักแห่งชาติ — ปรับปรุงเมื่อวันที่ 23 พฤษภาคม 2555
Niclosamide,,tab,,,หมวดยา: Infections | หมวดยา: Anthelmintics | ED: ก,,,สำนักงานประสานการพัฒนาบัญชียาหลักแห่งชาติ — ปรับปรุงเมื่อวันที่ 23 พฤษภาคม 2555
Praziquantel,,tab,,,หมวดยา: Infections | หมวดยา: Anthelmintics | ED: ก,,,สำนักงานประสานการพัฒนาบัญชียาหลักแห่งชาติ — ปรับปรุงเมื่อวันที่ 23 พฤษภาคม 2555
Pyrantel embonate,,"tab, susp",,,หมวดยา: Infections | หมวดยา: Anthelmintics | ชื่อพ้อง: Pyrantel pamoate | ED: ก,,,สำนักงานประสานการพัฒนาบัญชียาหลักแห่งชาติ — ปรับปรุงเมื่อวันที่ 23 พฤษภาคม 2555
Ivermectin,,tab,,,หมวดยา: Infections | หมวดยา: Anthelmintics | ED: ข,,,สำนักงานประสานการพัฒนาบัญชียาหลักแห่งชาติ — ปรับปรุงเมื่อวันที่ 23 พฤษภาคม 2555
Chlorhexidine gluconate,,"sol (aqueous), sol (เฉพาะ 2% ,  4% และ 5%) , sol/sol (hosp)(เฉพาะ 2% , 4% in 70% alcohol)",,,หมวดยา: Infections | หมวดยา: Antiseptics | ED: ก | หมายเหตุ: ChlorhexIdine gluconate 5% เป็นชนิดเข้มข้นที่ใช้เตรียม Chlorhexidine แบบ freshly prepared,,,สำนักงานประสานการพัฒนาบัญชียาหลักแห่งชาติ — ปรับปรุงเมื่อวันที่ 23 พฤษภาคม 2555
Ethyl alcohol,,"sol, sol (hosp), gel (hosp)",,,หมวดยา: Infections | หมวดยา: Antiseptics | ED: ก,,,สำนักงานประสานการพัฒนาบัญชียาหลักแห่งชาติ — ปรับปรุงเมื่อวันที่ 23 พฤษภาคม 2555
Gentian violet,,sol (paint),,,หมวดยา: Infections | หมวดยา: Antiseptics | ED: ก,,,สำนักงานประสานการพัฒนาบัญชียาหลักแห่งชาติ — ปรับปรุงเมื่อวันที่ 23 พฤษภาคม 2555
Hydrogen peroxide,,sol,,,หมวดยา: Infections | หมวดยา: Antiseptics | ED: ก,,,สำนักงานประสานการพัฒนาบัญชียาหลักแห่งชาติ — ปรับปรุงเมื่อวันที่ 23 พฤษภาคม 2555
Potassium permanganate,,pwdr (hosp),,,หมวดยา: Infections | หมวดยา: Antiseptics | ED: ก,,,สำนักงานประสานการพัฒนาบัญชียาหลักแห่งชาติ — ปรับปรุงเมื่อวันที่ 23 พฤษภาคม 2555
Povidone-iodine,,"sol, sol (hosp)",,,หมวดยา: Infections | หมวดยา: Antiseptics | ED: ก,,,สำนักงานประสานการพัฒนาบัญชียาหลักแห่งชาติ — ปรับปรุงเมื่อวันที่ 23 พฤษภาคม 2555
Tincture of iodine,,"sol, sol (hosp)",,,หมวดยา: Infections | หมวดยา: Antiseptics | ชื่อพ้อง: Iodine in alcohol | ED: ก,,,สำนักงานประสานการพัฒนาบัญชียาหลักแห่งชาติ — ปรับปรุงเมื่อวันที่ 23 พฤษภาคม 2555
Biphasic isophane insulin,,sterile susp,,,หมวดยา: Endocrine system | หมวดยา: Drugs used in diabetes | หมวดยา: Insulins | ชื่อพ้อง: Soluble insulin + Isophane insulin | ED: ก,,,สำนักงานประสานการพัฒนาบัญชียาหลักแห่งชาติ — ปรับปรุงเมื่อวันที่ 23 พฤษภาคม 2555
Isophane insulin,,sterile susp,,,หมวดยา: Endocrine system | หมวดยา: Drugs used in diabetes | หมวดยา: Insulins | ชื่อพ้อง: NPH; Isophane protamine insulin | ED: ก,,,สำนักงานประสานการพัฒนาบัญชียาหลักแห่งชาติ — ปรับปรุงเมื่อวันที่ 23 พฤษภาคม 2555
Soluble insulin,,sterile sol,,,หมวดยา: Endocrine system | หมวดยา: Drugs used in diabetes | หมวดยา: Insulins | ชื่อพ้อง: Neutral insulin; insulin injection | ED: ก,,,สำนักงานประสานการพัฒนาบัญชียาหลักแห่งชาติ — ปรับปรุงเมื่อวันที่ 23 พฤษภาคม 2555
Insulin aspart,,sterile sol,,,หมวดยา: Endocrine system | หมวดยา: Drugs used in diabetes | หมวดยา: Insulins | ED: ง | หมายเหตุ: ราคายา Insulin aspart ขนาด 300 IU (3 ml) ที่ต่อรองได้ cartridge ละไม่เกิน 181.90 บาท (ราคารวมภาษีมูลค่าเพิ่ม) และ pre-filled pen ละไม่เกิน 363.80 บาท (ราคารวมภาษีมูลค่าเพิ่ม) กำหนดยืนราคา 730 วัน  นับจากวันถัดจากวันประกาศในราชกิจจานุเบกษา เงื่อนไขและรายละเอียดอื่นๆ ให้ดูตามแบบเสนอยาในเว็บไซต์ www.nlem.in.th,"1. ใช้เฉพาะผู้ป่วยที่เกิด hypoglycemia  บ่อยเมื่อใช้ conventional insulin 
2. ใช้สำหรับควบคุมภาวะ postprandial hyperglycemia",,สำนักงานประสานการพัฒนาบัญชียาหลักแห่งชาติ — ปรับปรุงเมื่อวันที่ 23 พฤษภาคม 2555
Insulin aspart + insulin aspart protamine,,sterile susp,,,หมวดยา: Endocrine system | หมวดยา: Drugs used in diabetes | หมวดยา: Insulins | ED: ง | หมายเหตุ: ราคายา Insulin aspart + insulin aspart protamine (30/70) ขนาด 300 IU (3 ml) ที่ต่อรองได้ cartridge ละไม่เกิน 181.90 บาท (ราคารวมภาษีมูลค่าเพิ่ม) และ pre-filled pen ละไม่เกิน 363.80 บาท (ราคารวมภาษีมูลค่าเพิ่ม) กำหนดยืนราคา 730 วัน  นับจากวันถัดจากวันประกาศในราชกิจจานุเบกษา เงื่อนไขและรายละเอียดอื่นๆ ให้ดูตามแบบเสนอยาในเว็บไซต์ www.nlem.in.th,เช่นเดียวกับ Insulin aspart,,สำนักงานประสานการพัฒนาบัญชียาหลักแห่งชาติ — ปรับปรุงเมื่อวันที่ 23 พฤษภาคม 2555
Insulin glargine,,sterile sol,,ผู้ป่วยควรตรวจระดับน้ำตาลในเลือดด้วยตนเองอย่างสม่ำเสมอ เพื่อให้การใช้ยา insulin glargine เกิดประโยชน์สูงสุด,หมวดยา: Endocrine system | หมวดยา: Drugs used in diabetes | หมวดยา: Insulins | ED: ง | หมายเหตุ: multiple daily insulin injections หมายถึง การฉีดอินซูลินวันละหลายครั้งตามมื้ออาหารและก่อนนอน,ใช้เฉพาะผู้ป่วยโรคเบาหวานชนิดที่ 1 ที่ใช้ multiple daily insulin injections สูตรที่ฉีด NPH insulin ก่อนนอน แล้วมีภาวะน้ำตาลต่ำในเลือดอย่างรุนแรง หรือน้ำตาลต่ำในเลือดช่วงกลางคืน (nocturnal hypoglycemia) บ่อยครั้ง จนรบกวนการดำเนินชีวิตตามปกติ,,สำนักงานประสานการพัฒนาบัญชียาหลักแห่งชาติ — ปรับปรุงเมื่อวันที่ 23 พฤษภาคม 2555
Glibenclamide,,"tab (เฉพาะ 2.5, 5 mg)",,,หมวดยา: Endocrine system | หมวดยา: Drugs used in diabetes | หมวดยา: Oral antidiabetic drugs | ED: ก,,พึงระมัดระวังในผู้ป่วยสูงอายุหรือผู้ป่วยที่มีการทำงานของไตบกพร่อง,สำนักงานประสานการพัฒนาบัญชียาหลักแห่งชาติ — ปรับปรุงเมื่อวันที่ 23 พฤษภาคม 2555
Glipizide,,tab,,,หมวดยา: Endocrine system | หมวดยา: Drugs used in diabetes | หมวดยา: Oral antidiabetic drugs | ED: ก,,,สำนักงานประสานการพัฒนาบัญชียาหลักแห่งชาติ — ปรับปรุงเมื่อวันที่ 23 พฤษภาคม 2555
Metformin hydrochloride,,tab,,,หมวดยา: Endocrine system | หมวดยา: Drugs used in diabetes | หมวดยา: Oral antidiabetic drugs | ED: ก,,,สำนักงานประสานการพัฒนาบัญชียาหลักแห่งชาติ — ปรับปรุงเมื่อวันที่ 23 พฤษภาคม 2555
Acarbose,,tab,,,หมวดยา: Endocrine system | หมวดยา: Drugs used in diabetes | หมวดยา: Oral antidiabetic drugs | ED: ค | หมายเหตุ: การใช้ยาให้ได้ผลควรรับประทานพร้อมอาหารคำแรก,ใช้สำหรับผู้ป่วยเบาหวานบางรายที่มีระดับน้ำตาลในเลือดหลังอาหารสูง,,สำนักงานประสานการพัฒนาบัญชียาหลักแห่งชาติ — ปรับปรุงเมื่อวันที่ 23 พฤษภาคม 2555
Pioglitazone hydrochloride,,"tab (เฉพาะ 15, 30 mg)",,,หมวดยา: Endocrine system | หมวดยา: Drugs used in diabetes | หมวดยา: Oral antidiabetic drugs | ED: ง,ใช้เป็นยาชนิดที่สามเพิ่มเติมหลังจากใช้ยา sulfonylureas และ metformin แล้วเกิด secondary failure หรือใช้เมื่อแพ้ยา metformin หรือ sulfonylureas,,สำนักงานประสานการพัฒนาบัญชียาหลักแห่งชาติ — ปรับปรุงเมื่อวันที่ 23 พฤษภาคม 2555
Repaglinide,,"tab (เฉพาะ 0.5, 1, 2 mg)",,,หมวดยา: Endocrine system | หมวดยา: Drugs used in diabetes | หมวดยา: Oral antidiabetic drugs | ED: ง,ใช้เฉพาะกับผู้ป่วยที่จำเป็นต้องใช้ยากลุ่ม sulfonylureas และแพ้ sulfonamides,,สำนักงานประสานการพัฒนาบัญชียาหลักแห่งชาติ — ปรับปรุงเมื่อวันที่ 23 พฤษภาคม 2555
Diazoxide,ยากำพร้า,tab,,,หมวดยา: Endocrine system | หมวดยา: Drugs used in diabetes | หมวดยา: Treatment of hypoglycemia | ED: ง,"1. ใช้สำหรับ persistent hyperinsulinemic hypoglycemia of infancy (PHHI หรือ nesidioblastosis)
2. ใช้สำหรับ insulinoma ที่ผ่าตัดไม่ได้",,สำนักงานประสานการพัฒนาบัญชียาหลักแห่งชาติ — ปรับปรุงเมื่อวันที่ 23 พฤษภาคม 2555
Levothyroxine sodium,,tab,,,หมวดยา: Endocrine system | หมวดยา: Thyroid and antithyroid drugs | หมวดยา: Thyroid hormones | ชื่อพ้อง: L-thyroxine sodium | ED: ก,,,สำนักงานประสานการพัฒนาบัญชียาหลักแห่งชาติ — ปรับปรุงเมื่อวันที่ 23 พฤษภาคม 2555
Liothyronine sodium,ยากำพร้า,tab,,,หมวดยา: Endocrine system | หมวดยา: Thyroid and antithyroid drugs | หมวดยา: Thyroid hormones | ED: ง,ใช้แทน levothyroxine sodium ชั่วคราวระหว่างรอทำ total body scan ในผู้ป่วยมะเร็งต่อมไทรอยด์,,สำนักงานประสานการพัฒนาบัญชียาหลักแห่งชาติ — ปรับปรุงเมื่อวันที่ 23 พฤษภาคม 2555
Lugol 's solution,,oral sol (hosp),,,"หมวดยา: Endocrine system | หมวดยา: Thyroid and antithyroid drugs | หมวดยา: Antithyroid drugs | ชื่อพ้อง: Aqueous iodine oral solution, Strong iodine solution | ED: ก",,,สำนักงานประสานการพัฒนาบัญชียาหลักแห่งชาติ — ปรับปรุงเมื่อวันที่ 23 พฤษภาคม 2555
Propylthiouracil,,tab,,,หมวดยา: Endocrine system | หมวดยา: Thyroid and antithyroid drugs | หมวดยา: Antithyroid drugs | ED: ก,,,สำนักงานประสานการพัฒนาบัญชียาหลักแห่งชาติ — ปรับปรุงเมื่อวันที่ 23 พฤษภาคม 2555
Saturated solution of potassium iodide,,oral sol (hosp),,,หมวดยา: Endocrine system | หมวดยา: Thyroid and antithyroid drugs | หมวดยา: Antithyroid drugs | ชื่อพ้อง: SSKI | ED: ก,,,สำนักงานประสานการพัฒนาบัญชียาหลักแห่งชาติ — ปรับปรุงเมื่อวันที่ 23 พฤษภาคม 2555
Thiamazole,,tab,,,หมวดยา: Endocrine system | หมวดยา: Thyroid and antithyroid drugs | หมวดยา: Antithyroid drugs | ชื่อพ้อง: Methimazole | ED: ก,,,สำนักงานประสานการพัฒนาบัญชียาหลักแห่งชาติ — ปรับปรุงเมื่อวันที่ 23 พฤษภาคม 2555
Dexamethasone,,"cap/tab (as base), sterile sol (as sodium phosphate or acetate)",,,หมวดยา: Endocrine system | หมวดยา: Corticosteroids | ED: ก,,,สำนักงานประสานการพัฒนาบัญชียาหลักแห่งชาติ — ปรับปรุงเมื่อวันที่ 23 พฤษภาคม 2555
Hydrocortisone,ชนิดเม็ดเป็นยากำพร้า,"tab (as base) , sterile pwdr (as sodium succinate), sterile susp (as acetate)",,,หมวดยา: Endocrine system | หมวดยา: Corticosteroids | ED: ก,,,สำนักงานประสานการพัฒนาบัญชียาหลักแห่งชาติ — ปรับปรุงเมื่อวันที่ 23 พฤษภาคม 2555
Prednisolone,,"cap, tab",,,หมวดยา: Endocrine system | หมวดยา: Corticosteroids | ED: ก,,,สำนักงานประสานการพัฒนาบัญชียาหลักแห่งชาติ — ปรับปรุงเมื่อวันที่ 23 พฤษภาคม 2555
Fludrocortisone acetate,ยากำพร้า,tab,,,หมวดยา: Endocrine system | หมวดยา: Corticosteroids | ED: ข,ใช้สำหรับ replacement therapy ใน adrenocortical insufficiency,,สำนักงานประสานการพัฒนาบัญชียาหลักแห่งชาติ — ปรับปรุงเมื่อวันที่ 23 พฤษภาคม 2555
Methylprednisolone,,sterile pwdr/sterile susp (as hemisuccinate or sodium succinate or acetate),,,หมวดยา: Endocrine system | หมวดยา: Corticosteroids | ED: ค,"1.ใช้สำหรับ induction ในการปลูกถ่ายอวัยวะ
2.ใช้รักษา acute rejection ในการปลูกถ่ายอวัยวะ (renal allograft acute rejection),SLE ชนิดรุนแรง, glomerulonephritis ชนิดรุนแรง, vasculitis, aplastic anaemia, idiopathic thrombocytopenic purpura, demyelinating disease",,สำนักงานประสานการพัฒนาบัญชียาหลักแห่งชาติ — ปรับปรุงเมื่อวันที่ 23 พฤษภาคม 2555
Triamcinolone acetonide,,sterile susp,,,หมวดยา: Endocrine system | หมวดยา: Corticosteroids | ED: ค,,"1. ห้ามฉีดในตำแหน่งหรือรอยโรคที่มีการติดเชื้อหรือสงสัยว่าจะมีการติดเชื้อ
2. กรณีฉีดเข้าข้อ ไม่แนะนำให้ใช้ในระยะยาวเกินกว่า 1 ปี โดย
2.1 ไม่ควรฉีดเข้าข้อใหญ่ในคราวเดียวกันเกิน 2 ข้อ ยกเว้นผู้ป่วยเด็กที่เป็นโรคข้ออักเสบเรื้อรัง
2.2 การฉีดยาซ้ำเข้าข้อเดียวกันควรเว้นระยะห่างอย่างน้อย 3 เดือน 
3. กรณีฉีดเข้ารอยโรค (intralesional injection) สำหรับโรคผิวหนัง ควรฉีดเข้าในชั้นหนังแท้ หลีกเลี่ยงการฉีดเข้าในชั้นหนังกำพร้าหรือไขมันใต้ผิวหนัง เพราะทำให้เกิดผลข้างเคียง เช่น ผิวหนังบาง เป็นต้น",สำนักงานประสานการพัฒนาบัญชียาหลักแห่งชาติ — ปรับปรุงเมื่อวันที่ 23 พฤษภาคม 2555
Medroxyprogesterone acetate,,"tab (เฉพาะ 2.5 , 5 และ 10 mg)",,,หมวดยา: Endocrine system | หมวดยา: Sex hormones | หมวดยา: Female sex hormones | ED: ก,,,สำนักงานประสานการพัฒนาบัญชียาหลักแห่งชาติ — ปรับปรุงเมื่อวันที่ 23 พฤษภาคม 2555
Norethisterone,,tab,,,หมวดยา: Endocrine system | หมวดยา: Sex hormones | หมวดยา: Female sex hormones | ED: ก,,,สำนักงานประสานการพัฒนาบัญชียาหลักแห่งชาติ — ปรับปรุงเมื่อวันที่ 23 พฤษภาคม 2555
Conjugated estrogens,,tab,,,หมวดยา: Endocrine system | หมวดยา: Sex hormones | หมวดยา: Female sex hormones | ED: ข,,,สำนักงานประสานการพัฒนาบัญชียาหลักแห่งชาติ — ปรับปรุงเมื่อวันที่ 23 พฤษภาคม 2555
Estradiol valerate,,tab,,,หมวดยา: Endocrine system | หมวดยา: Sex hormones | หมวดยา: Female sex hormones | ED: ข,,,สำนักงานประสานการพัฒนาบัญชียาหลักแห่งชาติ — ปรับปรุงเมื่อวันที่ 23 พฤษภาคม 2555
Hydroxyprogesterone caproate,,sterile oily sol for inj,,,หมวดยา: Endocrine system | หมวดยา: Sex hormones | หมวดยา: Female sex hormones | ED: ข,,,สำนักงานประสานการพัฒนาบัญชียาหลักแห่งชาติ — ปรับปรุงเมื่อวันที่ 23 พฤษภาคม 2555
Conjugated estrogens,,sterile pwdr,,,หมวดยา: Endocrine system | หมวดยา: Sex hormones | หมวดยา: Female sex hormones | ED: ค,,,สำนักงานประสานการพัฒนาบัญชียาหลักแห่งชาติ — ปรับปรุงเมื่อวันที่ 23 พฤษภาคม 2555
Testosterone enantate,,sterile oily sol for inj,,,หมวดยา: Endocrine system | หมวดยา: Sex hormones | หมวดยา: Male sex hormones and antagonists | ชื่อพ้อง: Testosterone enanthate | ED: ค,,,สำนักงานประสานการพัฒนาบัญชียาหลักแห่งชาติ — ปรับปรุงเมื่อวันที่ 23 พฤษภาคม 2555
Cyproterone acetate,,tab,,,หมวดยา: Endocrine system | หมวดยา: Sex hormones | หมวดยา: Male sex hormones and antagonists | ED: ง,ใช้ในผู้ป่วย moderate to severe hirsutism ที่มีข้อห้ามใช้หรือมีผลข้างเคียงจากการใช้ยา combined oral contraceptive หรือ spironolactone,"อาการที่เกี่ยวข้องกับความเป็นพิษของตับ (ดีซ่าน, ตับอักเสบ, ตับวาย) มักเกิดขึ้นหลังการใช้ยานี้ติดต่อกันเป็นเวลานานหลายเดือน ควรติดตามการทำงานของตับและพิจารณาหยุดยา หากพบหลักฐานการเกิดพิษต่อตับ",สำนักงานประสานการพัฒนาบัญชียาหลักแห่งชาติ — ปรับปรุงเมื่อวันที่ 23 พฤษภาคม 2555
Chrorionic gonadotrophin,,sterile pwdr,,,หมวดยา: Endocrine system | หมวดยา: Hypothalamic and pituitary hormones | หมวดยา: Hypothalamic and anterior pituitary hormones | ชื่อพ้อง: Human Chorionic Gonadotrophin ; HCG | ED: ง,ใช้สำหรับกระตุ้นการเคลื่อนตัวของอัณฑะ ในผู้ป่วยเด็กที่มี undescended testis และใช้ทดสอบการทำงานของอัณฑะ (HCG test),,สำนักงานประสานการพัฒนาบัญชียาหลักแห่งชาติ — ปรับปรุงเมื่อวันที่ 23 พฤษภาคม 2555
Tetracosactide,ยากำพร้า,sterile pwdr,,,หมวดยา: Endocrine system | หมวดยา: Hypothalamic and pituitary hormones | หมวดยา: Hypothalamic and anterior pituitary hormones | ชื่อพ้อง: Cosyntropin | ED: ง,ใช้สำหรับวินิจฉัยโรคทางต่อมไร้ท่อ,,สำนักงานประสานการพัฒนาบัญชียาหลักแห่งชาติ — ปรับปรุงเมื่อวันที่ 23 พฤษภาคม 2555
Thyrotropin alfa,,sterile pwdr,,,หมวดยา: Endocrine system | หมวดยา: Hypothalamic and pituitary hormones | หมวดยา: Hypothalamic and anterior pituitary hormones | ED: จ(2),ใช้สำหรับ well-differentiated thyroid cancer โดยมีแนวทางกำกับการใช้ยาเป็นไปตามรายละเอียดในภาคผนวก 3,,สำนักงานประสานการพัฒนาบัญชียาหลักแห่งชาติ — ปรับปรุงเมื่อวันที่ 23 พฤษภาคม 2555
Chlorpropamide,,tab,,,หมวดยา: Endocrine system | หมวดยา: Hypothalamic and pituitary hormones | หมวดยา: Posterior pituitary hormones and antagonists | ED: ง,ใช้สำหรับ partial central diabetes insipidus กรณีที่ไม่สามารถจัดหายา desmopressin ได้,,สำนักงานประสานการพัฒนาบัญชียาหลักแห่งชาติ — ปรับปรุงเมื่อวันที่ 23 พฤษภาคม 2555
Desmopressin acetate,,"tab, nasal spray, nasal sol, sterile sol",,,หมวดยา: Endocrine system | หมวดยา: Hypothalamic and pituitary hormones | หมวดยา: Posterior pituitary hormones and antagonists | ชื่อพ้อง: DDAVP | ED: ง,"1.ใช้สำหรับ diabetes insipidus
2.ชนิดเม็ดใช้กับผู้ป่วยที่ไม่สามารถใช้ยาทางจมูกได้เท่านั้น",,สำนักงานประสานการพัฒนาบัญชียาหลักแห่งชาติ — ปรับปรุงเมื่อวันที่ 23 พฤษภาคม 2555
Calcitonin-salmon,,sterile sol,,,หมวดยา: Endocrine system | หมวดยา: Drugs affecting bone metabolism | ED: ง,"1.ใช้กับผู้ป่วย osteoporosis ที่มี acute pain หลังภาวะ fracture  
2.ใช้กับผู้ป่วย severe hypercalcemia",,สำนักงานประสานการพัฒนาบัญชียาหลักแห่งชาติ — ปรับปรุงเมื่อวันที่ 23 พฤษภาคม 2555
Disodium pamidronate,,"sterile pwdr, sterile sol",,,หมวดยา: Endocrine system | หมวดยา: Drugs affecting bone metabolism | ED: ง,"1. ใช้สำหรับภาวะ hypercalcemia ที่เกิดจากโรคมะเร็ง
2. ใช้สำหรับป้องกันโรคแทรกซ้อนทางกระดูกซึ่งมี osteolytic lesion จากภาพรังสี (plain X-ray หรือ CT-scan) และเกิดจากโรคมะเร็งดังต่อไปนี้
    2.1  multiple myeloma โดยให้ pamidronate ไม่เกิน 2 ปี
    2.2 โรคมะเร็งเต้านมระยะแพร่กระจาย โดยให้ pamidronate ไม่เกิน 1 ปี
3. ให้หยุดยาหลังจากมีการลุกลามของโรคมากขึ้น
4. ขนาดยาที่ใช้ 60 – 90 mg ทุก 3 – 4 สัปดาห์",,สำนักงานประสานการพัฒนาบัญชียาหลักแห่งชาติ — ปรับปรุงเมื่อวันที่ 23 พฤษภาคม 2555
Bromocriptine mesilate,,tab,,,หมวดยา: Endocrine system | หมวดยา: Other endocrine drugs | หมวดยา: Bromocriptine and other dopaminergic drugs | ED: ค,"ใช้สำหรับ prolactinoma , acromegaly, amenorrhea ทั้งที่มีและไม่มี galactorrhea",,สำนักงานประสานการพัฒนาบัญชียาหลักแห่งชาติ — ปรับปรุงเมื่อวันที่ 23 พฤษภาคม 2555
Leuprorelin acetate,,sterile pwdr (เฉพาะ 3.75 mg),,,หมวดยา: Endocrine system | หมวดยา: Other endocrine drugs | หมวดยา: Drugs affecting gonadotrophins | ED: จ(2),ใช้สำหรับภาวะ central (gonadotrophin dependent) precocious puberty โดยมีแนวทางกำกับการใช้ยา เป็นไปตามรายละเอียดในภาคผนวก 3,,สำนักงานประสานการพัฒนาบัญชียาหลักแห่งชาติ — ปรับปรุงเมื่อวันที่ 23 พฤษภาคม 2555
Methylergometrine maleate,,sterile sol,,,"หมวดยา: Obstetrics, gynaecology and urinary-tract disorders | หมวดยา: Drugs used in obstetrics | หมวดยา: Prostaglandins, prostaglandins antagonists and oxytocics | ED: ก",,,สำนักงานประสานการพัฒนาบัญชียาหลักแห่งชาติ — ปรับปรุงเมื่อวันที่ 23 พฤษภาคม 2555
Oxytocin,,sterile sol,,,"หมวดยา: Obstetrics, gynaecology and urinary-tract disorders | หมวดยา: Drugs used in obstetrics | หมวดยา: Prostaglandins, prostaglandins antagonists and oxytocics | ED: ก",,,สำนักงานประสานการพัฒนาบัญชียาหลักแห่งชาติ — ปรับปรุงเมื่อวันที่ 23 พฤษภาคม 2555
Alprostadil,,sterile sol (เฉพาะ 0.5 mg/ml),,,"หมวดยา: Obstetrics, gynaecology and urinary-tract disorders | หมวดยา: Drugs used in obstetrics | หมวดยา: Prostaglandins, prostaglandins antagonists and oxytocics | ED: ง",ใช้กับผู้ป่วยโรคหัวใจแต่กำเนิดที่ต้องพึ่ง ductus arteriosus,,สำนักงานประสานการพัฒนาบัญชียาหลักแห่งชาติ — ปรับปรุงเมื่อวันที่ 23 พฤษภาคม 2555
Indomethacin sodium,ยากำพร้า,sterile pwdr,,,"หมวดยา: Obstetrics, gynaecology and urinary-tract disorders | หมวดยา: Drugs used in obstetrics | หมวดยา: Prostaglandins, prostaglandins antagonists and oxytocics | ED: ง",ใช้กับผู้ป่วยเด็กเพื่อปิด patent ductus arteriosus,,สำนักงานประสานการพัฒนาบัญชียาหลักแห่งชาติ — ปรับปรุงเมื่อวันที่ 23 พฤษภาคม 2555
Sulprostone,,sterile pwdr,,,"หมวดยา: Obstetrics, gynaecology and urinary-tract disorders | หมวดยา: Drugs used in obstetrics | หมวดยา: Prostaglandins, prostaglandins antagonists and oxytocics | ED: ง",ใช้ช่วยชีวิตผู้ป่วย severe post-partum hemorrhage,,สำนักงานประสานการพัฒนาบัญชียาหลักแห่งชาติ — ปรับปรุงเมื่อวันที่ 23 พฤษภาคม 2555
Salbutamol sulfate,,tab,,,"หมวดยา: Obstetrics, gynaecology and urinary-tract disorders | หมวดยา: Drugs used in obstetrics | หมวดยา: Myometrial relaxants | ED: ก",,,สำนักงานประสานการพัฒนาบัญชียาหลักแห่งชาติ — ปรับปรุงเมื่อวันที่ 23 พฤษภาคม 2555
Terbutaline sulfate,,"tab, sterile sol",,,"หมวดยา: Obstetrics, gynaecology and urinary-tract disorders | หมวดยา: Drugs used in obstetrics | หมวดยา: Myometrial relaxants | ED: ก",,,สำนักงานประสานการพัฒนาบัญชียาหลักแห่งชาติ — ปรับปรุงเมื่อวันที่ 23 พฤษภาคม 2555
Clotrimazole,,vaginal tab,,,"หมวดยา: Obstetrics, gynaecology and urinary-tract disorders | หมวดยา: Treatment of vaginal and vulval conditions | ED: ก",,,สำนักงานประสานการพัฒนาบัญชียาหลักแห่งชาติ — ปรับปรุงเมื่อวันที่ 23 พฤษภาคม 2555
Nystatin,,vaginal tab,,,"หมวดยา: Obstetrics, gynaecology and urinary-tract disorders | หมวดยา: Treatment of vaginal and vulval conditions | ED: ก",,,สำนักงานประสานการพัฒนาบัญชียาหลักแห่งชาติ — ปรับปรุงเมื่อวันที่ 23 พฤษภาคม 2555
Conjugated estrogens,,vaginal cream,,,"หมวดยา: Obstetrics, gynaecology and urinary-tract disorders | หมวดยา: Treatment of vaginal and vulval conditions | ED: ข",,,สำนักงานประสานการพัฒนาบัญชียาหลักแห่งชาติ — ปรับปรุงเมื่อวันที่ 23 พฤษภาคม 2555
Etonogestrel,,implant 1 rod (68 mg/rod),,,"หมวดยา: Obstetrics, gynaecology and urinary-tract disorders | หมวดยา: Contraceptives | ED: ก",,,สำนักงานประสานการพัฒนาบัญชียาหลักแห่งชาติ — ปรับปรุงเมื่อวันที่ 23 พฤษภาคม 2555
Ethinylestradiol + Levonorgestrel,,tab (เฉพาะ 30 + 150 mcg),,,"หมวดยา: Obstetrics, gynaecology and urinary-tract disorders | หมวดยา: Contraceptives | ED: ก",,,สำนักงานประสานการพัฒนาบัญชียาหลักแห่งชาติ — ปรับปรุงเมื่อวันที่ 23 พฤษภาคม 2555
Levonorgestrel,,"tab (เฉพาะ 750 mcg), implant  2 rods (75 mg/rod)",,,"หมวดยา: Obstetrics, gynaecology and urinary-tract disorders | หมวดยา: Contraceptives | ED: ก",Levonorgestrel รูปแบบยาเม็ดใช้สำหรับคุมกำเนิดกรณีฉุกเฉินเท่านั้น,,สำนักงานประสานการพัฒนาบัญชียาหลักแห่งชาติ — ปรับปรุงเมื่อวันที่ 23 พฤษภาคม 2555
Medroxyprogesterone acetate,,sterile susp,,,"หมวดยา: Obstetrics, gynaecology and urinary-tract disorders | หมวดยา: Contraceptives | ED: ก",,,สำนักงานประสานการพัฒนาบัญชียาหลักแห่งชาติ — ปรับปรุงเมื่อวันที่ 23 พฤษภาคม 2555
Ethinylestradiol + Desogestrel,,tab (เฉพาะ 20 + 150 mcg),,,"หมวดยา: Obstetrics, gynaecology and urinary-tract disorders | หมวดยา: Contraceptives | ED: ข",,,สำนักงานประสานการพัฒนาบัญชียาหลักแห่งชาติ — ปรับปรุงเมื่อวันที่ 23 พฤษภาคม 2555
Lynestrenol,,tab (เฉพาะ 0.5 mg),,,"หมวดยา: Obstetrics, gynaecology and urinary-tract disorders | หมวดยา: Contraceptives | ED: ข",,,สำนักงานประสานการพัฒนาบัญชียาหลักแห่งชาติ — ปรับปรุงเมื่อวันที่ 23 พฤษภาคม 2555
Alfuzosin hydrochloride,,SR tab (เฉพาะ 10 mg),,,"หมวดยา: Obstetrics, gynaecology and urinary-tract disorders | หมวดยา: Drugs for genito-urinary disorders | หมวดยา: Drugs for benign prostatic hyperplasia | ED: ค",,,สำนักงานประสานการพัฒนาบัญชียาหลักแห่งชาติ — ปรับปรุงเมื่อวันที่ 23 พฤษภาคม 2555
Doxazosin mesilate,,immediate release tab (เฉพาะ 2 และ 4 mg),,,"หมวดยา: Obstetrics, gynaecology and urinary-tract disorders | หมวดยา: Drugs for genito-urinary disorders | หมวดยา: Drugs for benign prostatic hyperplasia | ED: ค",,,สำนักงานประสานการพัฒนาบัญชียาหลักแห่งชาติ — ปรับปรุงเมื่อวันที่ 23 พฤษภาคม 2555
Finasteride,,tab(เฉพาะ 5 mg),,,"หมวดยา: Obstetrics, gynaecology and urinary-tract disorders | หมวดยา: Drugs for genito-urinary disorders | หมวดยา: Drugs for benign prostatic hyperplasia | ED: ง | หมายเหตุ: Finasteride ขนาด 1 mg ที่ใช้รักษาศีรษะล้านไม่จัดเป็นยาในบัญชียาหลักแห่งชาติ",ใช้กับผู้ป่วยโรคต่อมลูกหมากโตที่มีอาการผิดปกติในการปัสสาวะระดับปานกลางถึงรุนแรง และมีขนาดของต่อมลูกหมากมากกว่า 40 ml,,สำนักงานประสานการพัฒนาบัญชียาหลักแห่งชาติ — ปรับปรุงเมื่อวันที่ 23 พฤษภาคม 2555
Oxybutynin hydrochloride,,immediate release tab,,,"หมวดยา: Obstetrics, gynaecology and urinary-tract disorders | หมวดยา: Drugs for genito-urinary disorders | หมวดยา: Drugs for urinary frequency enuresis, and incontinence | ED: ค | หมายเหตุ: ยามีประสิทธิภาพต่ำ ประโยชน์ที่ได้ไม่ชัดเจน ผลข้างเคียงเกิดได้บ่อย และมีค่าใช้จ่ายสูง ควรพิจารณาใช้อย่างรอบคอบ","1. ใช้ใน overactive urinary bladder และ urinary incontinence ยกเว้น stress incontinence
2. ไม่ใช้สำหรับ nocturnal enuresis (ปัสสาวะรดที่นอนในเด็ก)",,สำนักงานประสานการพัฒนาบัญชียาหลักแห่งชาติ — ปรับปรุงเมื่อวันที่ 23 พฤษภาคม 2555
Potassium citrate,,"oral sol (hosp), dry pwdr for oral sol (hosp)",,,"หมวดยา: Obstetrics, gynaecology and urinary-tract disorders | หมวดยา: Drugs for genito-urinary disorders | หมวดยา: Drugs used in alkalinisation of urine | ED: ก",,,สำนักงานประสานการพัฒนาบัญชียาหลักแห่งชาติ — ปรับปรุงเมื่อวันที่ 23 พฤษภาคม 2555
Sodium citrate + Citric acid,,oral sol (hosp),,,"หมวดยา: Obstetrics, gynaecology and urinary-tract disorders | หมวดยา: Drugs for genito-urinary disorders | หมวดยา: Drugs used in alkalinisation of urine | ชื่อพ้อง: Shohl’s solution | ED: ก",,,สำนักงานประสานการพัฒนาบัญชียาหลักแห่งชาติ — ปรับปรุงเมื่อวันที่ 23 พฤษภาคม 2555
"Sodium citrate + 
Potassium citrate",,oral sol (hosp),,,"หมวดยา: Obstetrics, gynaecology and urinary-tract disorders | หมวดยา: Drugs for genito-urinary disorders | หมวดยา: Drugs used in alkalinisation of urine | ED: ก",,,สำนักงานประสานการพัฒนาบัญชียาหลักแห่งชาติ — ปรับปรุงเมื่อวันที่ 23 พฤษภาคม 2555
Busulfan,,tab,,,หมวดยา: Malignant disease and immunosuppression | หมวดยา: Cytotoxic drugs | หมวดยา: Alkylating drugs | ED: ค,,,สำนักงานประสานการพัฒนาบัญชียาหลักแห่งชาติ — ปรับปรุงเมื่อวันที่ 23 พฤษภาคม 2555
Chlorambucil,,tab,,,หมวดยา: Malignant disease and immunosuppression | หมวดยา: Cytotoxic drugs | หมวดยา: Alkylating drugs | ED: ค,สำหรับโรคไตให้ใช้กรณี idiopathic membranous glomerulonephritis,,สำนักงานประสานการพัฒนาบัญชียาหลักแห่งชาติ — ปรับปรุงเมื่อวันที่ 23 พฤษภาคม 2555
Cyclophosphamide,,"tab, sterile pwdr",,,หมวดยา: Malignant disease and immunosuppression | หมวดยา: Cytotoxic drugs | หมวดยา: Alkylating drugs | ED: ค,,,สำนักงานประสานการพัฒนาบัญชียาหลักแห่งชาติ — ปรับปรุงเมื่อวันที่ 23 พฤษภาคม 2555
Melphalan,,tab,,,หมวดยา: Malignant disease and immunosuppression | หมวดยา: Cytotoxic drugs | หมวดยา: Alkylating drugs | ED: ค,,,สำนักงานประสานการพัฒนาบัญชียาหลักแห่งชาติ — ปรับปรุงเมื่อวันที่ 23 พฤษภาคม 2555
Ifosfamide,,sterile pwdr,,,หมวดยา: Malignant disease and immunosuppression | หมวดยา: Cytotoxic drugs | หมวดยา: Alkylating drugs | ED: ง,"1. ใช้เป็น second-line treatment สำหรับ non-Hodgkin’s lymphoma ชนิด relapse หรือ refractory
2. ใช้กับผู้ป่วยที่เป็น sarcoma
3. ใช้เป็น Wilms' tumor และ neuroblastoma
4. ใช้สำหรับ germ cell tumor",,สำนักงานประสานการพัฒนาบัญชียาหลักแห่งชาติ — ปรับปรุงเมื่อวันที่ 23 พฤษภาคม 2555
Bleomycin,,sterile pwdr (as sulfate or as hydrochloride),,,หมวดยา: Malignant disease and immunosuppression | หมวดยา: Cytotoxic drugs | หมวดยา: Cytotoxic antibiotics | ED: ค,,,สำนักงานประสานการพัฒนาบัญชียาหลักแห่งชาติ — ปรับปรุงเมื่อวันที่ 23 พฤษภาคม 2555
Dactinomycin,,sterile pwdr,,,หมวดยา: Malignant disease and immunosuppression | หมวดยา: Cytotoxic drugs | หมวดยา: Cytotoxic antibiotics | ED: ค,,,สำนักงานประสานการพัฒนาบัญชียาหลักแห่งชาติ — ปรับปรุงเมื่อวันที่ 23 พฤษภาคม 2555
Doxorubicin hydrochloride,,"sterile pwdr,sterile susp ,sterile sol",,,หมวดยา: Malignant disease and immunosuppression | หมวดยา: Cytotoxic drugs | หมวดยา: Cytotoxic antibiotics | ED: ค,ไม่ใช้กับผู้ป่วยโรคหัวใจขาดเลือดเฉียบพลัน และผู้ป่วยที่มี cardiomyopathy ที่มี left ventricular ejection fraction น้อยกว่า 50%,,สำนักงานประสานการพัฒนาบัญชียาหลักแห่งชาติ — ปรับปรุงเมื่อวันที่ 23 พฤษภาคม 2555
Idarubicin hydrochloride,,sterile pwdr,,,หมวดยา: Malignant disease and immunosuppression | หมวดยา: Cytotoxic drugs | หมวดยา: Cytotoxic antibiotics | ED: ง,ใช้กับผู้ป่วย acute myelogenous leukemia,,สำนักงานประสานการพัฒนาบัญชียาหลักแห่งชาติ — ปรับปรุงเมื่อวันที่ 23 พฤษภาคม 2555
Mitomycin,,"sterile pwdr , sterile sol",,,หมวดยา: Malignant disease and immunosuppression | หมวดยา: Cytotoxic drugs | หมวดยา: Cytotoxic antibiotics | ED: ง,"1. ใช้เป็น alternative drug ของ BCG สำหรับมะเร็งกระเพาะปัสสาวะชนิด superficial bladder cancer 
2. ใช้รักษามะเร็งปอดระยะลุกลาม
3. ใช้รักษามะเร็งตับโดยการฉีดเข้าหลอดเลือดแดงเฉพาะที่
4. ใช้รักษามะเร็งทวารหนัก (anal canal) โดยใช้ร่วมกับรังสีรักษาในการทำ transcatheter oily chemo embolization (TOCE)",,สำนักงานประสานการพัฒนาบัญชียาหลักแห่งชาติ — ปรับปรุงเมื่อวันที่ 23 พฤษภาคม 2555
Mitoxantrone hydrochloride,,"sterile pwdr, sterile sol",,,หมวดยา: Malignant disease and immunosuppression | หมวดยา: Cytotoxic drugs | หมวดยา: Cytotoxic antibiotics | ED: ง,"1. ใช้สำหรับ acute myeloid leukemia  และมะเร็งต่อมน้ำเหลือง
2. ใช้สำหรับมะเร็งต่อมลูกหมากที่ไม่ตอบสนองต่อการรักษาด้วยยาฮอร์โมน",,สำนักงานประสานการพัฒนาบัญชียาหลักแห่งชาติ — ปรับปรุงเมื่อวันที่ 23 พฤษภาคม 2555
Cytarabine,,"sterile pwdr, sterile sol",,,หมวดยา: Malignant disease and immunosuppression | หมวดยา: Cytotoxic drugs | หมวดยา: Antimetabolites | ED: ค,,,สำนักงานประสานการพัฒนาบัญชียาหลักแห่งชาติ — ปรับปรุงเมื่อวันที่ 23 พฤษภาคม 2555
Fluorouracil,,sterile sol,,,หมวดยา: Malignant disease and immunosuppression | หมวดยา: Cytotoxic drugs | หมวดยา: Antimetabolites | ED: ค,,,สำนักงานประสานการพัฒนาบัญชียาหลักแห่งชาติ — ปรับปรุงเมื่อวันที่ 23 พฤษภาคม 2555
Mercaptopurine,,tab,,,หมวดยา: Malignant disease and immunosuppression | หมวดยา: Cytotoxic drugs | หมวดยา: Antimetabolites | ED: ค,,,สำนักงานประสานการพัฒนาบัญชียาหลักแห่งชาติ — ปรับปรุงเมื่อวันที่ 23 พฤษภาคม 2555
Methotrexate,,"tab (as base or sodium), sterile pwdr / sterile sol (as sodium)",,,หมวดยา: Malignant disease and immunosuppression | หมวดยา: Cytotoxic drugs | หมวดยา: Antimetabolites | ED: ค,,,สำนักงานประสานการพัฒนาบัญชียาหลักแห่งชาติ — ปรับปรุงเมื่อวันที่ 23 พฤษภาคม 2555
Capecitabine,,tab,,,หมวดยา: Malignant disease and immunosuppression | หมวดยา: Cytotoxic drugs | หมวดยา: Antimetabolites | ED: ง,ใช้สำหรับ advanced breast cancer โดยใช้เป็น second หรือ third -line drug หลังการใช้ anthracycline และ/หรือ taxane มาแล้ว,,สำนักงานประสานการพัฒนาบัญชียาหลักแห่งชาติ — ปรับปรุงเมื่อวันที่ 23 พฤษภาคม 2555
Gemcitabine hydrochloride,,sterile pwdr,,,หมวดยา: Malignant disease and immunosuppression | หมวดยา: Cytotoxic drugs | หมวดยา: Antimetabolites | ED: ง,"1. ใช้สำหรับ advanced pancreatic cancer
2. ใช้สำหรับ advanced non-small cell lung  cancer
3. ใช้สำหรับ advanced bladder cancer
4. ใช้สำหรับ second -line หรือ subsequent line ใน advanced ovarian cancer ที่ดื้อต่อยาในกลุ่ม taxane",,สำนักงานประสานการพัฒนาบัญชียาหลักแห่งชาติ — ปรับปรุงเมื่อวันที่ 23 พฤษภาคม 2555
Oxaliplatin,,"sterile pwdr ,sterile sol",,,หมวดยา: Malignant disease and immunosuppression | หมวดยา: Cytotoxic drugs | หมวดยา: Antimetabolites | ED: ง,ใช้เป็น adjuvant therapy ใน stage III colorectal cancer โดยใช้ร่วมกับ 5-FU + leucovorin based- regimen ในคนไข้ที่มี Eastern Co-operative Oncology Group (ECOG) performance status ตั้งแต่ 0 - 1,,สำนักงานประสานการพัฒนาบัญชียาหลักแห่งชาติ — ปรับปรุงเมื่อวันที่ 23 พฤษภาคม 2555
Tegafur + uracil,,capsule (100/224 mg),,,หมวดยา: Malignant disease and immunosuppression | หมวดยา: Cytotoxic drugs | หมวดยา: Antimetabolites | ED: ง | หมายเหตุ: ราคายา Tegafur + uracil (100/224 mg) ที่ต่อรองได้ แคปซูลละไม่เกิน 56.00 บาท (ราคารวมภาษีมูลค่าเพิ่ม) กำหนดยืนราคา 730 วัน  นับจากวันถัดจากวันประกาศในราชกิจจานุเบกษา เงื่อนไขและรายละเอียดอื่นๆ ให้ดูตามแบบเสนอยาในเว็บไซต์ www.nlem.in.th,ใช้ใน adjuvant treatment ใน stage II colorectal cancer,,สำนักงานประสานการพัฒนาบัญชียาหลักแห่งชาติ — ปรับปรุงเมื่อวันที่ 23 พฤษภาคม 2555
Tioguanine,,tab,,,หมวดยา: Malignant disease and immunosuppression | หมวดยา: Cytotoxic drugs | หมวดยา: Antimetabolites | ชื่อพ้อง: Thioguanine | ED: ง,"ใช้สำหรับ chronic myeloid leukemia,  acute lymphocytic leukemia และ acute non-lymphocytic leukemia",,สำนักงานประสานการพัฒนาบัญชียาหลักแห่งชาติ — ปรับปรุงเมื่อวันที่ 23 พฤษภาคม 2555
Etoposide,,"cap (as base), sterile sol (as base)",,,หมวดยา: Malignant disease and immunosuppression | หมวดยา: Cytotoxic drugs | หมวดยา: Vinca alkaloids and etoposide | ED: ค,,,สำนักงานประสานการพัฒนาบัญชียาหลักแห่งชาติ — ปรับปรุงเมื่อวันที่ 23 พฤษภาคม 2555
Vinblastine sulfate,,"sterile pwdr, sterile sol",,,หมวดยา: Malignant disease and immunosuppression | หมวดยา: Cytotoxic drugs | หมวดยา: Vinca alkaloids and etoposide | ED: ค,,,สำนักงานประสานการพัฒนาบัญชียาหลักแห่งชาติ — ปรับปรุงเมื่อวันที่ 23 พฤษภาคม 2555
Vincristine sulfate,,"sterile pwdr, sterile sol",,,หมวดยา: Malignant disease and immunosuppression | หมวดยา: Cytotoxic drugs | หมวดยา: Vinca alkaloids and etoposide | ED: ค,,,สำนักงานประสานการพัฒนาบัญชียาหลักแห่งชาติ — ปรับปรุงเมื่อวันที่ 23 พฤษภาคม 2555
Asparaginase,,sterile pwdr,,,หมวดยา: Malignant disease and immunosuppression | หมวดยา: Cytotoxic drugs | หมวดยา: Other antineoplastic drugs | ชื่อพ้อง: Crisantapase | ED: ค,,,สำนักงานประสานการพัฒนาบัญชียาหลักแห่งชาติ — ปรับปรุงเมื่อวันที่ 23 พฤษภาคม 2555
Cisplatin,,"sterile pwdr, sterile sol",,,หมวดยา: Malignant disease and immunosuppression | หมวดยา: Cytotoxic drugs | หมวดยา: Other antineoplastic drugs | ED: ค,,,สำนักงานประสานการพัฒนาบัญชียาหลักแห่งชาติ — ปรับปรุงเมื่อวันที่ 23 พฤษภาคม 2555
Carboplatin,,"sterile pwdr, sterile sol",,,หมวดยา: Malignant disease and immunosuppression | หมวดยา: Cytotoxic drugs | หมวดยา: Other antineoplastic drugs | ED: ค,,,สำนักงานประสานการพัฒนาบัญชียาหลักแห่งชาติ — ปรับปรุงเมื่อวันที่ 23 พฤษภาคม 2555
Hydroxycarbamide,,cap,,,หมวดยา: Malignant disease and immunosuppression | หมวดยา: Cytotoxic drugs | หมวดยา: Other antineoplastic drugs | ชื่อพ้อง: Hydroxyurea | ED: ค,,,สำนักงานประสานการพัฒนาบัญชียาหลักแห่งชาติ — ปรับปรุงเมื่อวันที่ 23 พฤษภาคม 2555
Paclitaxel,,sterile sol,,,หมวดยา: Malignant disease and immunosuppression | หมวดยา: Cytotoxic drugs | หมวดยา: Other antineoplastic drugs | ED: ง,"1. ใช้สำหรับ advanced breast cancer ที่ได้รับ anthracycline มาแล้ว หรือไม่สามารถให้ anthracycline ได้
2. ใช้เป็น adjuvant treatment สำหรับ high risk, node positive breast cancer
3. ใช้สำหรับมะเร็งรังไข่
4. ใช้สำหรับ advanced non-small cell lung cancer
5. ใช้สำหรับ AIDS-related Kaposi’s sarcoma",,สำนักงานประสานการพัฒนาบัญชียาหลักแห่งชาติ — ปรับปรุงเมื่อวันที่ 23 พฤษภาคม 2555
Tretinoin,,cap,,,หมวดยา: Malignant disease and immunosuppression | หมวดยา: Cytotoxic drugs | หมวดยา: Other antineoplastic drugs | ชื่อพ้อง: all-trans-Retinoic acid | ED: ง,ใช้รักษาโรค acute myelogenous leukemia ชนิด M3 (acute promyelocytic leukemia) ที่ได้รับการตรวจ chromosome หรือ PML/RARA โดยจะต้องหยุดใช้ยาเมื่อผลการตรวจ chromosome ไม่ยืนยันว่าพบ t(15;17) หรือ PML/RARA เป็นลบ,,สำนักงานประสานการพัฒนาบัญชียาหลักแห่งชาติ — ปรับปรุงเมื่อวันที่ 23 พฤษภาคม 2555
Docetaxel,,sterile sol,,,หมวดยา: Malignant disease and immunosuppression | หมวดยา: Cytotoxic drugs | หมวดยา: Other antineoplastic drugs | ED: จ(2),"1. ใช้กับผู้ป่วยโรคมะเร็งเต้านมระยะเริ่มต้นหรือระยะลุกลาม ที่มีปัญหาโรคหัวใจ โดยมีแนวทางกำกับการใช้ยาเป็นไปตามรายละเอียดในภาคผนวก 3
2. ใช้เป็น second-line drug สำหรับโรคมะเร็งปอด ชนิด non-small cell ระยะลุกลาม โดยมีแนวทางกำกับการใช้ยาเป็นไปตามรายละเอียดในภาคผนวก 3
3. ใช้สำหรับมะเร็งต่อมลูกหมากระยะแพร่กระจาย โดยมีแนวทางกำกับการใช้ยาเป็นไปตามรายละเอียดในภาคผนวก 3",,สำนักงานประสานการพัฒนาบัญชียาหลักแห่งชาติ — ปรับปรุงเมื่อวันที่ 23 พฤษภาคม 2555
Imatinib  mesilate,,tab  (เฉพาะ 100 และ 400 mg),,,หมวดยา: Malignant disease and immunosuppression | หมวดยา: Cytotoxic drugs | หมวดยา: Other antineoplastic drugs | ED: จ(2),"1. ใช้สำหรับ chronic myelogenous leukemia (CML) ระยะ chronic stable phase โดยมีแนวทางกำกับการใช้ยาเป็นไปตามรายละเอียดในภาคผนวก 3
2. ใช้สำหรับ gastrointestinal stromal tumors (GISTs) ระยะลุกลามหรือมีการกระจายของโรค โดยมีแนวทางกำกับการใช้ยาเป็นไปตามรายละเอียดในภาคผนวก 3",,สำนักงานประสานการพัฒนาบัญชียาหลักแห่งชาติ — ปรับปรุงเมื่อวันที่ 23 พฤษภาคม 2555
Dexamethasone,,"cap (as base) , tab (as base), sterile sol (as sodium phosphate or acetate)",,,หมวดยา: Malignant disease and immunosuppression | หมวดยา: Drugs affecting the immune response | ED: ก,,,สำนักงานประสานการพัฒนาบัญชียาหลักแห่งชาติ — ปรับปรุงเมื่อวันที่ 23 พฤษภาคม 2555
Prednisolone,,"cap, tab",,,หมวดยา: Malignant disease and immunosuppression | หมวดยา: Drugs affecting the immune response | ED: ก,,,สำนักงานประสานการพัฒนาบัญชียาหลักแห่งชาติ — ปรับปรุงเมื่อวันที่ 23 พฤษภาคม 2555
Azathioprine,,tab,,,หมวดยา: Malignant disease and immunosuppression | หมวดยา: Drugs affecting the immune response | ED: ค,กรณี multiple sclerosis ให้ใช้โดยผู้เชี่ยวชาญด้านประสาทวิทยา,,สำนักงานประสานการพัฒนาบัญชียาหลักแห่งชาติ — ปรับปรุงเมื่อวันที่ 23 พฤษภาคม 2555
Ciclosporin,,"cap, oral sol, oral susp, sterile sol",,,หมวดยา: Malignant disease and immunosuppression | หมวดยา: Drugs affecting the immune response | ชื่อพ้อง: Cyclosporin | ED: ค,"กรณีผู้ป่วยไตมีเงื่อนไข คือ 
1. กรณีผู้ป่วยปลูกถ่ายไตในระยะ maintenance therapy ให้ใช้ยารับประทานชนิด microemulsion
2. ใช้กับผู้ป่วย mininal change disease (MCD) ที่มี relapse บ่อย
3. ใช้กับผู้ป่วย focal segmental glomerulosclerosis (FSGS) ที่ดื้อต่อ prednisolone และ cyclophosphamide",,สำนักงานประสานการพัฒนาบัญชียาหลักแห่งชาติ — ปรับปรุงเมื่อวันที่ 23 พฤษภาคม 2555
Methylprednisolone,,sterile pwdr/sterile susp (as hemisuccinate or sodium succinate or acetate),,,หมวดยา: Malignant disease and immunosuppression | หมวดยา: Drugs affecting the immune response | ED: ค,"1.ใช้สำหรับ induction therapy ในการปลูกถ่ายอวัยวะ
2.ใช้สำหรับ acute rejection ในการปลูกถ่ายอวัยวะ (renal allograft acute rejection), SLE ชนิดรุนแรง, glomerulonephritis ชนิดรุนแรง, vasculitis, aplastic anemia, idiopathic thrombocytopenic purpura, demyelinating disease",,สำนักงานประสานการพัฒนาบัญชียาหลักแห่งชาติ — ปรับปรุงเมื่อวันที่ 23 พฤษภาคม 2555
"Antithymocyte immunoglobulin, rabbit",,"sterile pwdr , sterile sol",,,"หมวดยา: Malignant disease and immunosuppression | หมวดยา: Drugs affecting the immune response | ชื่อพ้อง: ATG | ED: ง | หมายเหตุ: จัดเป็นบัญชี จ(2) เมื่อใช้สำหรับ severe aplastic anemia ดูข้อ 9.1.2 Drugs used in hypoplastic, hemolytic and renal anemias","1. ใช้รักษาระยะ induction ในผู้ป่วยที่มีความเสี่ยงสูงต่อการเกิด acute renal allograft rejection 
2. ใช้รักษาภาวะ acute renal allograft rejection ที่ไม่ตอบสนองต่อ pulse methylprednisolone หรือที่มี พยาธิสภาพรุนแรง",,สำนักงานประสานการพัฒนาบัญชียาหลักแห่งชาติ — ปรับปรุงเมื่อวันที่ 23 พฤษภาคม 2555
Basiliximab,,sterile pwdr,,,หมวดยา: Malignant disease and immunosuppression | หมวดยา: Drugs affecting the immune response | ED: ง,ใช้สำหรับ induction therapy ในผู้ป่วยปลูกถ่ายไต,,สำนักงานประสานการพัฒนาบัญชียาหลักแห่งชาติ — ปรับปรุงเมื่อวันที่ 23 พฤษภาคม 2555
Mycophenolate mofetil,,cap,,,หมวดยา: Malignant disease and immunosuppression | หมวดยา: Drugs affecting the immune response | ED: ง,ใช้เป็น alternative drug ในกรณีผู้ป่วยปลูกถ่ายไตในระยะ maintenance therapy,,สำนักงานประสานการพัฒนาบัญชียาหลักแห่งชาติ — ปรับปรุงเมื่อวันที่ 23 พฤษภาคม 2555
Tacrolimus,,"cap, sterile sol (concentrate for infusion)",,,หมวดยา: Malignant disease and immunosuppression | หมวดยา: Drugs affecting the immune response | ED: ง,"1. ชนิดรับประทานใช้กับผู้ป่วยปลูกถ่ายไตในระยะ maintenance therapy กรณีมีผลข้างเคียงจากการใช้ ciclosporin เช่น severe gum hypertrophy, hirsutism เป็นต้น
2. ชนิดรับประทานใช้กับผู้ป่วยปลูกถ่ายไตระยะ maintenance therapy หลังเกิดภาวะ acute rejection ที่รุนแรง 
3. ใช้กับผู้ป่วยปลูกถ่ายตับ",,สำนักงานประสานการพัฒนาบัญชียาหลักแห่งชาติ — ปรับปรุงเมื่อวันที่ 23 พฤษภาคม 2555
BCG,,freeze-dried pwdr for bladder instillation,,,หมวดยา: Malignant disease and immunosuppression | หมวดยา: Drugs affecting the immune response | ชื่อพ้อง: Bacillus Calmette-Guérin | ED: ง,ใช้สำหรับมะเร็งกระเพาะปัสสาวะชนิด superficial bladder cancer,,สำนักงานประสานการพัฒนาบัญชียาหลักแห่งชาติ — ปรับปรุงเมื่อวันที่ 23 พฤษภาคม 2555
"Human normal immunoglobulin, intravenous",,"sterile pwdr, sterile sol",,,หมวดยา: Malignant disease and immunosuppression | หมวดยา: Drugs affecting the immune response | ชื่อพ้อง: IVIG | ED: จ(2),"1. ใช้สำหรับโรคคาวาซากิระยะเฉียบพลัน (acute phase of Kawasaki disease) โดยมีแนวทางกำกับการใช้ยาเป็นไปตามรายละเอียดในภาคผนวก 3
2. ใช้สำหรับโรคภูมิคุ้มกันบกพร่องปฐมภูมิ (primary immunodeficiency diseases) โดยมีแนวทางกำกับการใช้ยาเป็นไปตามรายละเอียดในภาคผนวก 3
3. ใช้สำหรับโรค idiopathic thrombocytopenic purpura (ITP) ชนิดรุนแรง โดยมีแนวทางกำกับการใช้ยาเป็นไปตามรายละเอียดในภาคผนวก 3
4. ใช้สำหรับ autoimmune hemolytic anemia (AIHA) ที่ไม่ตอบสนองต่อการรักษาตามขั้นตอนของมาตรฐานการรักษา และมีอาการรุนแรงที่อาจเป็นอันตรายถึงแก่ชีวิต โดยมีแนวทางกำกับการใช้ยาเป็นไปตามรายละเอียดในภาคผนวก 3
5. ใช้สำหรับโรค Guillain–Barré syndrome ที่มีอาการรุนแรง โดยมีแนวทางกำกับการใช้ยาเป็นไปตามรายละเอียดในภาคผนวก 3
6. ใช้สำหรับโรคกล้ามเนื้ออ่อนแรงชนิดร้ายระยะวิกฤต (myasthenia gravis, acute exacerbation หรือ myasthenic crisis) โดยมีแนวทางกำกับการใช้ยาเป็นไปตามรายละเอียดในภาคผนวก 3
7. ใช้สำหรับโรค pemphigus vulgaris ที่มีอาการรุนแรง และไม่ตอบสนองต่อการรักษาด้วยยามาตรฐาน โดยมีแนวทางกำกับการใช้ยาเป็นไปตามรายละเอียดในภาคผนวก 3
8. ใช้สำหรับ hemophagocytic lymphohistiocytosis (HLH) โดยมีแนวทางกำกับการใช้ยาเป็นไปตามรายละเอียดในภาคผนวก 3",,สำนักงานประสานการพัฒนาบัญชียาหลักแห่งชาติ — ปรับปรุงเมื่อวันที่ 23 พฤษภาคม 2555
Sirolimus,,"oral sol (เฉพาะ 1 mg/ml), tab (เฉพาะ 1 mg)",,,หมวดยา: Malignant disease and immunosuppression | หมวดยา: Drugs affecting the immune response | ชื่อพ้อง: Rapamycin | ED: ง,ใช้กับผู้ป่วยปลูกถ่ายไตในระยะ maintenance therapy ที่ต้องการหลีกเลี่ยงการใช้ prednisolone รวมทั้งเพื่อหลีกเลี่ยงพิษต่อไตจาก ciclosporin หรือ tacrolimus,,สำนักงานประสานการพัฒนาบัญชียาหลักแห่งชาติ — ปรับปรุงเมื่อวันที่ 23 พฤษภาคม 2555
Tamoxifen citrate,,tab,,,"หมวดยา: Malignant disease and immunosuppression | หมวดยา: Sex hormones and hormone antagonists in malignant disease | หมวดยา: Progestogens, anti-estrogens and enzyme inhibitors | ED: ค",ใช้สำหรับมะเร็งเต้านม,,สำนักงานประสานการพัฒนาบัญชียาหลักแห่งชาติ — ปรับปรุงเมื่อวันที่ 23 พฤษภาคม 2555
Letrozole,,tab (เฉพาะ 2.5 mg),,,"หมวดยา: Malignant disease and immunosuppression | หมวดยา: Sex hormones and hormone antagonists in malignant disease | หมวดยา: Progestogens, anti-estrogens and enzyme inhibitors | ED: จ(2)",ใช้สำหรับมะเร็งเต้านมที่มี hormone receptor เป็นบวก โดยมีแนวทางกำกับการใช้ยาเป็นไปตามรายละเอียดในภาคผนวก 3,,สำนักงานประสานการพัฒนาบัญชียาหลักแห่งชาติ — ปรับปรุงเมื่อวันที่ 23 พฤษภาคม 2555
Megestrol acetate,,tab,,,"หมวดยา: Malignant disease and immunosuppression | หมวดยา: Sex hormones and hormone antagonists in malignant disease | หมวดยา: Progestogens, anti-estrogens and enzyme inhibitors | ED: ง",ใช้สำหรับ advanced breast cancer ที่มีผลการตรวจ hormone receptor เป็นบวก,,สำนักงานประสานการพัฒนาบัญชียาหลักแห่งชาติ — ปรับปรุงเมื่อวันที่ 23 พฤษภาคม 2555
Flutamide,,tab,,,หมวดยา: Malignant disease and immunosuppression | หมวดยา: Sex hormones and hormone antagonists in malignant disease | หมวดยา: Prostate cancer | ED: ง,ใช้เป็น monotherapy สำหรับการรักษามะเร็งต่อมลูกหมากในระยะแพร่กระจายโดยเป็น second-line drug ของ bilateral orchiectomy,,สำนักงานประสานการพัฒนาบัญชียาหลักแห่งชาติ — ปรับปรุงเมื่อวันที่ 23 พฤษภาคม 2555
Fresh dried plasma,,,,,"หมวดยา: Nutrition and blood | หมวดยา: Whole blood, blood products and drugs used in some blood disorders | หมวดยา: Whole blood and blood products | ED: ก",,,สำนักงานประสานการพัฒนาบัญชียาหลักแห่งชาติ — ปรับปรุงเมื่อวันที่ 23 พฤษภาคม 2555
Fresh frozen plasma,,,,,"หมวดยา: Nutrition and blood | หมวดยา: Whole blood, blood products and drugs used in some blood disorders | หมวดยา: Whole blood and blood products | ED: ก",,,สำนักงานประสานการพัฒนาบัญชียาหลักแห่งชาติ — ปรับปรุงเมื่อวันที่ 23 พฤษภาคม 2555
Frozen cryoprecipitate,,,,,"หมวดยา: Nutrition and blood | หมวดยา: Whole blood, blood products and drugs used in some blood disorders | หมวดยา: Whole blood and blood products | ED: ก",,,สำนักงานประสานการพัฒนาบัญชียาหลักแห่งชาติ — ปรับปรุงเมื่อวันที่ 23 พฤษภาคม 2555
Leukocyte depleted platelets concentrate,,,,,"หมวดยา: Nutrition and blood | หมวดยา: Whole blood, blood products and drugs used in some blood disorders | หมวดยา: Whole blood and blood products | ED: ก",,,สำนักงานประสานการพัฒนาบัญชียาหลักแห่งชาติ — ปรับปรุงเมื่อวันที่ 23 พฤษภาคม 2555
"Leukocyte depleted pooled platelets concentrate, random donor",,,,,"หมวดยา: Nutrition and blood | หมวดยา: Whole blood, blood products and drugs used in some blood disorders | หมวดยา: Whole blood and blood products | ชื่อพ้อง: LD-PPC | ED: ก",,,สำนักงานประสานการพัฒนาบัญชียาหลักแห่งชาติ — ปรับปรุงเมื่อวันที่ 23 พฤษภาคม 2555
Lyophilized cryoprecipitate,,,,,"หมวดยา: Nutrition and blood | หมวดยา: Whole blood, blood products and drugs used in some blood disorders | หมวดยา: Whole blood and blood products | ED: ก",,,สำนักงานประสานการพัฒนาบัญชียาหลักแห่งชาติ — ปรับปรุงเมื่อวันที่ 23 พฤษภาคม 2555
Packed red cell,,,,,"หมวดยา: Nutrition and blood | หมวดยา: Whole blood, blood products and drugs used in some blood disorders | หมวดยา: Whole blood and blood products | ED: ก",,,สำนักงานประสานการพัฒนาบัญชียาหลักแห่งชาติ — ปรับปรุงเมื่อวันที่ 23 พฤษภาคม 2555
"Packed red cell, leukocyte depleted",,,,,"หมวดยา: Nutrition and blood | หมวดยา: Whole blood, blood products and drugs used in some blood disorders | หมวดยา: Whole blood and blood products | ED: ก",,,สำนักงานประสานการพัฒนาบัญชียาหลักแห่งชาติ — ปรับปรุงเมื่อวันที่ 23 พฤษภาคม 2555
"Packed red cell, leukocyte poor",,,,,"หมวดยา: Nutrition and blood | หมวดยา: Whole blood, blood products and drugs used in some blood disorders | หมวดยา: Whole blood and blood products | ED: ก",,,สำนักงานประสานการพัฒนาบัญชียาหลักแห่งชาติ — ปรับปรุงเมื่อวันที่ 23 พฤษภาคม 2555
"Platelets concentrate, random donor",,,,,"หมวดยา: Nutrition and blood | หมวดยา: Whole blood, blood products and drugs used in some blood disorders | หมวดยา: Whole blood and blood products | ED: ก",,,สำนักงานประสานการพัฒนาบัญชียาหลักแห่งชาติ — ปรับปรุงเมื่อวันที่ 23 พฤษภาคม 2555
"Platelets concentrate, single donor",,,,,"หมวดยา: Nutrition and blood | หมวดยา: Whole blood, blood products and drugs used in some blood disorders | หมวดยา: Whole blood and blood products | ED: ก",,,สำนักงานประสานการพัฒนาบัญชียาหลักแห่งชาติ — ปรับปรุงเมื่อวันที่ 23 พฤษภาคม 2555
Whole blood,,,,,"หมวดยา: Nutrition and blood | หมวดยา: Whole blood, blood products and drugs used in some blood disorders | หมวดยา: Whole blood and blood products | ED: ก",,,สำนักงานประสานการพัฒนาบัญชียาหลักแห่งชาติ — ปรับปรุงเมื่อวันที่ 23 พฤษภาคม 2555
"Leukocyte depleted platelets concentrate, single donor",,,,,"หมวดยา: Nutrition and blood | หมวดยา: Whole blood, blood products and drugs used in some blood disorders | หมวดยา: Whole blood and blood products | ED: ข",ใช้เฉพาะผู้ป่วยที่มีกลุ่มเลือดหายาก Rh- หรือมีความจำเป็นต้องใช้เลือดเร่งด่วนแต่ขาดเลือดเท่านั้น,,สำนักงานประสานการพัฒนาบัญชียาหลักแห่งชาติ — ปรับปรุงเมื่อวันที่ 23 พฤษภาคม 2555
"Packed red cell, leukocyte depleted single donor 2 units",,,,,"หมวดยา: Nutrition and blood | หมวดยา: Whole blood, blood products and drugs used in some blood disorders | หมวดยา: Whole blood and blood products | ED: ข",ใช้เฉพาะผู้ป่วยที่มีกลุ่มเลือดหายาก Rh- หรือมีความจำเป็นต้องใช้เลือดเร่งด่วนแต่ขาดเลือดเท่านั้น,,สำนักงานประสานการพัฒนาบัญชียาหลักแห่งชาติ — ปรับปรุงเมื่อวันที่ 23 พฤษภาคม 2555
"Packed red cell, irradiated",,,,,"หมวดยา: Nutrition and blood | หมวดยา: Whole blood, blood products and drugs used in some blood disorders | หมวดยา: Whole blood and blood products | ED: ค",ใช้กับผู้ป่วยปลูกถ่ายเซลล์ต้นกำเนิดเม็ดเลือด,,สำนักงานประสานการพัฒนาบัญชียาหลักแห่งชาติ — ปรับปรุงเมื่อวันที่ 23 พฤษภาคม 2555
"Packed red cell, leukocyte poor, irradiated",,,,,"หมวดยา: Nutrition and blood | หมวดยา: Whole blood, blood products and drugs used in some blood disorders | หมวดยา: Whole blood and blood products | ED: ค",ใช้กับผู้ป่วยปลูกถ่ายเซลล์ต้นกำเนิดเม็ดเลือด,,สำนักงานประสานการพัฒนาบัญชียาหลักแห่งชาติ — ปรับปรุงเมื่อวันที่ 23 พฤษภาคม 2555
"Platelets concentrate, irradiated",,,,,"หมวดยา: Nutrition and blood | หมวดยา: Whole blood, blood products and drugs used in some blood disorders | หมวดยา: Whole blood and blood products | ED: ค",ใช้กับผู้ป่วยปลูกถ่ายเซลล์ต้นกำเนิดเม็ดเลือด,,สำนักงานประสานการพัฒนาบัญชียาหลักแห่งชาติ — ปรับปรุงเมื่อวันที่ 23 พฤษภาคม 2555
"Packed red cell, leukocyte depleted irradiated",,,,,"หมวดยา: Nutrition and blood | หมวดยา: Whole blood, blood products and drugs used in some blood disorders | หมวดยา: Whole blood and blood products | ED: ง","ใช้กับผู้ป่วยปลูกถ่ายเซลล์ต้นกำเนิดเม็ดเลือดที่เคยแพ้ต่อ Packed red cell, leukocyte poor, irradiated",,สำนักงานประสานการพัฒนาบัญชียาหลักแห่งชาติ — ปรับปรุงเมื่อวันที่ 23 พฤษภาคม 2555
Folic acid,,tab (เฉพาะไม่น้อยกว่า 5 mg),,,"หมวดยา: Nutrition and blood | หมวดยา: Whole blood, blood products and drugs used in some blood disorders | หมวดยา: Drugs used in hypoplastic, haemolytic and renal anemias | ED: ก",,,สำนักงานประสานการพัฒนาบัญชียาหลักแห่งชาติ — ปรับปรุงเมื่อวันที่ 23 พฤษภาคม 2555
Oxymetholone,,tab,,,"หมวดยา: Nutrition and blood | หมวดยา: Whole blood, blood products and drugs used in some blood disorders | หมวดยา: Drugs used in hypoplastic, haemolytic and renal anemias | ED: ข",,,สำนักงานประสานการพัฒนาบัญชียาหลักแห่งชาติ — ปรับปรุงเมื่อวันที่ 23 พฤษภาคม 2555
Deferoxamine mesilate,,sterile pwdr,,,"หมวดยา: Nutrition and blood | หมวดยา: Whole blood, blood products and drugs used in some blood disorders | หมวดยา: Drugs used in hypoplastic, haemolytic and renal anemias | ชื่อพ้อง: Desferrioxamine mesilate | ED: ค | หมายเหตุ: ดูรายละเอียดเพิ่มเติมในกลุ่มยา 16",,,สำนักงานประสานการพัฒนาบัญชียาหลักแห่งชาติ — ปรับปรุงเมื่อวันที่ 23 พฤษภาคม 2555
Iron sucrose,,sterile sol,,,"หมวดยา: Nutrition and blood | หมวดยา: Whole blood, blood products and drugs used in some blood disorders | หมวดยา: Drugs used in hypoplastic, haemolytic and renal anemias | ED: ค",ใช้สำหรับรักษา iron deficiency anemia ในผู้ป่วย chronic kidney disease ที่ได้รับการล้างไตร่วมกับการให้ epoetin therapy,,สำนักงานประสานการพัฒนาบัญชียาหลักแห่งชาติ — ปรับปรุงเมื่อวันที่ 23 พฤษภาคม 2555
"Antithymocyte immunoglobulin, rabbit",,"sterile pwdr, sterile sol",,,"หมวดยา: Nutrition and blood | หมวดยา: Whole blood, blood products and drugs used in some blood disorders | หมวดยา: Drugs used in hypoplastic, haemolytic and renal anemias | ชื่อพ้อง: ATG | ED: จ(2) | หมายเหตุ: จัดเป็นบัญชี ง เมื่อใช้กรณีปลูกถ่ายไต ดูข้อ 8.2 Drugs affecting the immune response",ใช้สำหรับ severe aplastic anemia โดยมีแนวทางกำกับการใช้ยาเป็นไปตามรายละเอียดในภาคผนวก 3,,สำนักงานประสานการพัฒนาบัญชียาหลักแห่งชาติ — ปรับปรุงเมื่อวันที่ 23 พฤษภาคม 2555
Deferiprone,,tab (เฉพาะ 500 mg),,,"หมวดยา: Nutrition and blood | หมวดยา: Whole blood, blood products and drugs used in some blood disorders | หมวดยา: Drugs used in hypoplastic, haemolytic and renal anemias | ED: ง",ใช้สำหรับรักษาภาวะธาตุเหล็กเกินเรื้อรัง เนื่องจากการรับเลือดในผู้ป่วยธาลัสซีเมียที่มีอายุตั้งแต่ 6 ปีขึ้นไป,,สำนักงานประสานการพัฒนาบัญชียาหลักแห่งชาติ — ปรับปรุงเมื่อวันที่ 23 พฤษภาคม 2555
Epoetin alfa,,"sterile pwdr/ sterile sol (เฉพาะ 1000, 2000, 3000, 4000, 5000 IU)",,,"หมวดยา: Nutrition and blood | หมวดยา: Whole blood, blood products and drugs used in some blood disorders | หมวดยา: Drugs used in hypoplastic, haemolytic and renal anemias | ชื่อพ้อง: epoetin alpha | ED: จ(2)",ใช้สำหรับภาวะเลือดจางจากโรคไตเรื้อรังที่ไม่พบสาเหตุอื่นที่รักษาได้ โดยมีแนวทางกำกับการใช้ยาเป็นไปตามรายละเอียดในภาคผนวก 3,,สำนักงานประสานการพัฒนาบัญชียาหลักแห่งชาติ — ปรับปรุงเมื่อวันที่ 23 พฤษภาคม 2555
Epoetin beta,,"sterile sol (เฉพาะ 2000, 3000, 5000 IU)",,,"หมวดยา: Nutrition and blood | หมวดยา: Whole blood, blood products and drugs used in some blood disorders | หมวดยา: Drugs used in hypoplastic, haemolytic and renal anemias | ED: จ(2)",ใช้สำหรับภาวะเลือดจางจากโรคไตเรื้อรังที่ไม่พบสาเหตุอื่นที่รักษาได้ โดยมีแนวทางกำกับการใช้ยาเป็นไปตามรายละเอียดในภาคผนวก 3,,สำนักงานประสานการพัฒนาบัญชียาหลักแห่งชาติ — ปรับปรุงเมื่อวันที่ 23 พฤษภาคม 2555
Filgrastim,,sterile sol,,,"หมวดยา: Nutrition and blood | หมวดยา: Whole blood, blood products and drugs used in some blood disorders | หมวดยา: Drugs used in bone marrow transplantation | ED: ง | หมายเหตุ: 1.  ไม่แนะนำให้ใช้ยากลุ่ม Granulocyte-Colony Stimulating Factors (G-CSF) ในกรณีที่ผู้ป่วยได้รับเคมีบำบัดโดยไม่ได้หวังผลการรักษาเพื่อหายขาด  สำหรับ palliative chemotherapy แนะนำให้ลดขนาดยาเคมีบำบัดลงตามมาตรฐาน
2.  Febrile neutropenia หมายถึง ภาวะที่ผู้ป่วยมีไข้ร่วมกับนิวโทรฟิลในเลือดต่ำ โดย
ไข้ คือ   1) ภาวะที่อุณหภูมิกายของผู้ป่วยซึ่งวัดทางปาก ณ เวลาใดๆ มากกว่าหรือเท่ากับ 38.3°C หรือ 
                  2) ภาวะที่อุณหภูมิกายซึ่งวัดทางปากมากกว่าหรือเท่ากับ 38.0°C นานติดต่อกันเกิน 1 ชั่วโมง 
นิวโทรฟิลในเลือดต่ำ คือ 1) จำนวนนิวโทรฟิลในเลือด (absolute neutrophil count) น้อยกว่า 
                                                        0.5 x 109/L หรือ 
                                                  2) จำนวนนิวโทรฟิลในเลือดน้อยกว่า 1.0 x 109/L ซึ่งคาดว่าจะลดลง
   เหลือน้อยกว่าหรือเท่ากับ  0.5 x 109/L ภายใน 48 ชั่วโมง","1. ใช้สำหรับปลูกถ่ายไขกระดูกหรือเซลล์ต้นกำเนิดเม็ดเลือด เพื่อเคลื่อนย้าย progenitor cell จากไขกระดูกออกมาในเลือดของผู้ให้หรือผู้ป่วย เพื่อนำไปใช้ทั้งใน allogeneic และ autologous transplantation
2. ใช้รักษา febrile neutropenia ที่เกิดจากยาเคมีบำบัด ให้พิจารณาในผู้ป่วยที่ต้องเข้ารับการรักษาในโรงพยาบาลร่วมกับการให้ยาต้านเชื้อจุลชีพในผู้ป่วยความเสี่ยงสูง กล่าวคือมีข้อใดข้อหนึ่งดังต่อไปนี้
2.1  Profound neutropenia ซึ่งมี absolute neutrophil count น้อยกว่า 100 /mm3
2.2  มีปอดอักเสบชนิด bacterial pneumonia หรือ lobar pneumonia หรือ มีภาวะ septicemia 
3. ใช้ป้องกัน febrile neutropenia แบบปฐมภูมิ (primary prophylaxis) ในกรณีดังต่อไปนี้
3.1 ผู้ป่วยที่จะได้รับยาเคมีบำบัดด้วยสูตรที่มีความเสี่ยงสูงต่อการเกิด febrile neutropenia มากกว่าร้อยละ 20
3.2 ผู้ป่วยที่มีความเสี่ยงต่อการเกิด febrile neutropenia ร้อยละ 10 - 20 ร่วมกับการประเมินปัจจัยเสี่ยงของผู้ป่วย กล่าวคือ มีข้อใดข้อหนึ่งดังต่อไปนี้
• อายุมากกว่า 65 ปี 
• มี performance status ที่ไม่ดี (Eastern Co-operative Oncology Group (ECOG) performance status  มากกว่าหรือเท่ากับ 2)
• มีภาวะ neutropenia (absolute neutrophil count < 1,500/mm3) หรือมีโรคแทรกซ้อนในไขกระดูกที่เกิดจากโรคมะเร็งดังกล่าว
4. ใช้ป้องกัน febrile neutropenia แบบทุติยภูมิ (Secondary prophylaxis) ในผู้ป่วยที่เคยเกิด febrile neutropenia จากการรับยาเคมีบำบัดในครั้งก่อน และเป็นผู้ป่วยที่มีเป้าหมายการรักษาเพื่อหายขาด (curative aim)",,สำนักงานประสานการพัฒนาบัญชียาหลักแห่งชาติ — ปรับปรุงเมื่อวันที่ 23 พฤษภาคม 2555
Lenograstim,,sterile pwdr,,,"หมวดยา: Nutrition and blood | หมวดยา: Whole blood, blood products and drugs used in some blood disorders | หมวดยา: Drugs used in bone marrow transplantation | ED: ง",เช่นเดียวกับ filgrastim,,สำนักงานประสานการพัฒนาบัญชียาหลักแห่งชาติ — ปรับปรุงเมื่อวันที่ 23 พฤษภาคม 2555
Glucose with/without sodium chloride,,sterile sol,,,หมวดยา: Nutrition and blood | หมวดยา: Fluids and electrolytes | ED: ก,,,สำนักงานประสานการพัฒนาบัญชียาหลักแห่งชาติ — ปรับปรุงเมื่อวันที่ 23 พฤษภาคม 2555
Intermittent peritoneal dialysis,,sterile sol,,,หมวดยา: Nutrition and blood | หมวดยา: Fluids and electrolytes | ED: ก,,,สำนักงานประสานการพัฒนาบัญชียาหลักแห่งชาติ — ปรับปรุงเมื่อวันที่ 23 พฤษภาคม 2555
Potassium acetate,,sterile sol (hosp),,,หมวดยา: Nutrition and blood | หมวดยา: Fluids and electrolytes | ED: ก,,,สำนักงานประสานการพัฒนาบัญชียาหลักแห่งชาติ — ปรับปรุงเมื่อวันที่ 23 พฤษภาคม 2555
Potassium chloride,,"syr (hosp), elixir (hosp), compressed tab, EC tab, sterile sol",,,หมวดยา: Nutrition and blood | หมวดยา: Fluids and electrolytes | ED: ก,,"1. ควรรับประทานยา potassium chloride หลังอาหารทันทีในกรณียาเม็ดควรดื่มน้ำอย่างน้อย 180 มิลลิลิตร และไม่ควรนอนราบอย่างน้อยครึ่งชั่วโมงหลังจากรับประทานยา 
2. ห้ามใช้ยา potassium chloride ชนิด elixir กับผู้ป่วยเด็กอายุต่ำกว่า 2 ขวบ เนื่องจากมีแอลกอฮอล์เป็นส่วนประกอบ",สำนักงานประสานการพัฒนาบัญชียาหลักแห่งชาติ — ปรับปรุงเมื่อวันที่ 23 พฤษภาคม 2555
Potassium citrate,,"oral sol (hosp), dry pwdr for oral sol (hosp)",,,หมวดยา: Nutrition and blood | หมวดยา: Fluids and electrolytes | ED: ก,,,สำนักงานประสานการพัฒนาบัญชียาหลักแห่งชาติ — ปรับปรุงเมื่อวันที่ 23 พฤษภาคม 2555
Sodium acetate,,sterile sol (hosp),,,หมวดยา: Nutrition and blood | หมวดยา: Fluids and electrolytes | ED: ก,,,สำนักงานประสานการพัฒนาบัญชียาหลักแห่งชาติ — ปรับปรุงเมื่อวันที่ 23 พฤษภาคม 2555
Sodium bicarbonate,,"tab, sterile sol",,,หมวดยา: Nutrition and blood | หมวดยา: Fluids and electrolytes | ED: ก,,,สำนักงานประสานการพัฒนาบัญชียาหลักแห่งชาติ — ปรับปรุงเมื่อวันที่ 23 พฤษภาคม 2555
Sodium chloride,,"tab (เฉพาะ 300 mg), sterile sol",,,หมวดยา: Nutrition and blood | หมวดยา: Fluids and electrolytes | ED: ก,,,สำนักงานประสานการพัฒนาบัญชียาหลักแห่งชาติ — ปรับปรุงเมื่อวันที่ 23 พฤษภาคม 2555
Sodium lactate intravenous  infusion compound,,sterile sol,,,หมวดยา: Nutrition and blood | หมวดยา: Fluids and electrolytes | ชื่อพ้อง: Ringer-Lactate solution for  injection ; Hartmann’s solution for injection | ED: ก,,,สำนักงานประสานการพัฒนาบัญชียาหลักแห่งชาติ — ปรับปรุงเมื่อวันที่ 23 พฤษภาคม 2555
Water for injection,,sterile sol,,,หมวดยา: Nutrition and blood | หมวดยา: Fluids and electrolytes | ED: ก,,,สำนักงานประสานการพัฒนาบัญชียาหลักแห่งชาติ — ปรับปรุงเมื่อวันที่ 23 พฤษภาคม 2555
Calcium polystyrene sulfonate,,oral pwdr,,,หมวดยา: Nutrition and blood | หมวดยา: Fluids and electrolytes | ED: ข,,,สำนักงานประสานการพัฒนาบัญชียาหลักแห่งชาติ — ปรับปรุงเมื่อวันที่ 23 พฤษภาคม 2555
"Continuous ambulatory 
peritoneal dialysis",,"basic bag sol, double bag sol",,,หมวดยา: Nutrition and blood | หมวดยา: Fluids and electrolytes | ED: ค,,,สำนักงานประสานการพัฒนาบัญชียาหลักแห่งชาติ — ปรับปรุงเมื่อวันที่ 23 พฤษภาคม 2555
Folic acid,,tab (เฉพาะ 400 mcg และ 5 mg),,,หมวดยา: Nutrition and blood | หมวดยา: Vitamins | รายละเอียดกลุ่ม 2: Multivitamins ในบัญชียาหลักแห่งชาติ มีวิตามินเป็นส่วนประกอบเท่านั้น การผสมแร่ธาตุ (mineral) หรือตัวยาสำคัญอื่นๆ ไม่ถือเป็นยาในบัญชียาหลักแห่งชาติ | ED: ก,,,สำนักงานประสานการพัฒนาบัญชียาหลักแห่งชาติ — ปรับปรุงเมื่อวันที่ 23 พฤษภาคม 2555
Multivitamins,,syr,"มีวิตามินอย่างน้อย 8 ชนิดที่ให้ปริมาณยาต่อวันดังนี้
- Vitamin A  1,300  -  2,000 IU 
- Vitamin D  200 - 1,000 IU
- Vitamin B1        ≥ 0.5 mg
- Vitamin B2        ≥ 0.5 mg
- Vitamin B6        ≥ 0.5 mg 
- Vitamin B12      ≥ 0.9 mcg
- Niacinamide      ≥ 6 mg
- Vitamin C          ≥ 40 mg",,หมวดยา: Nutrition and blood | หมวดยา: Vitamins | รายละเอียดกลุ่ม 2: Multivitamins ในบัญชียาหลักแห่งชาติ มีวิตามินเป็นส่วนประกอบเท่านั้น การผสมแร่ธาตุ (mineral) หรือตัวยาสำคัญอื่นๆ ไม่ถือเป็นยาในบัญชียาหลักแห่งชาติ | ED: ก | หมายเหตุ: มีปริมาณใกล้เคียงกับปริมาณสารอาหารที่ควรได้รับประจำวันในเด็กอายุ 1 - 3 ขวบ,,,สำนักงานประสานการพัฒนาบัญชียาหลักแห่งชาติ — ปรับปรุงเมื่อวันที่ 23 พฤษภาคม 2555
Multivitamins,,drop,"มีวิตามินอย่างน้อย 8 ชนิดที่ให้ปริมาณยาต่อวันดังนี้
- Vitamin A  1,300  -  2,000 IU 
- Vitamin D  200 - 1,000 IU
- Vitamin B1     ≥  0.3 mg
- Vitamin B2     ≥ 0.4 mg
- Vitamin B6     ≥ 0.3 mg 
- Vitamin B12   ≥ 0.5 mcg
- Niacinamide ≥ 4 mg
- Vitamin C      ≥ 35 mg",,หมวดยา: Nutrition and blood | หมวดยา: Vitamins | รายละเอียดกลุ่ม 2: Multivitamins ในบัญชียาหลักแห่งชาติ มีวิตามินเป็นส่วนประกอบเท่านั้น การผสมแร่ธาตุ (mineral) หรือตัวยาสำคัญอื่นๆ ไม่ถือเป็นยาในบัญชียาหลักแห่งชาติ | ED: ก | หมายเหตุ: มีปริมาณใกล้เคียงกับปริมาณสารอาหารที่ควรได้รับประจำวันในทารกอายุ 6 - 11 เดือน,,,สำนักงานประสานการพัฒนาบัญชียาหลักแห่งชาติ — ปรับปรุงเมื่อวันที่ 23 พฤษภาคม 2555
Multivitamins,,"cap, tab","มีวิตามินอย่างน้อย 9 ชนิดที่ให้ปริมาณยาต่อวันดังนี้
- Vitamin A  2,000  -  5,600 IU 
- Vitamin D  200 - 2,000 IU
- Vitamin B1        ≥ 0.9 mg
- Vitamin B2        ≥ 0.9 mg
- Vitamin B6        ≥ 1.0 mg 
- Vitamin B12      ≥ 1.8 mcg
- Niacinamide    ≥ 12 mg
- Folic acid         300-1000 mcg
- Vitamin C          ≥ 45 mg",,หมวดยา: Nutrition and blood | หมวดยา: Vitamins | รายละเอียดกลุ่ม 2: Multivitamins ในบัญชียาหลักแห่งชาติ มีวิตามินเป็นส่วนประกอบเท่านั้น การผสมแร่ธาตุ (mineral) หรือตัวยาสำคัญอื่นๆ ไม่ถือเป็นยาในบัญชียาหลักแห่งชาติ | ED: ก | หมายเหตุ: มีปริมาณใกล้เคียงกับปริมาณสารอาหารที่ควรได้รับประจำวันในเด็กอายุ 9 - 12 ปี และผู้ใหญ่,,,สำนักงานประสานการพัฒนาบัญชียาหลักแห่งชาติ — ปรับปรุงเมื่อวันที่ 23 พฤษภาคม 2555
Vitamin A,,"cap, tab (เฉพาะ 25,000-50,000 IU ต่อ 1 cap/tab)",,,หมวดยา: Nutrition and blood | หมวดยา: Vitamins | รายละเอียดกลุ่ม 2: Multivitamins ในบัญชียาหลักแห่งชาติ มีวิตามินเป็นส่วนประกอบเท่านั้น การผสมแร่ธาตุ (mineral) หรือตัวยาสำคัญอื่นๆ ไม่ถือเป็นยาในบัญชียาหลักแห่งชาติ | ED: ก,,,สำนักงานประสานการพัฒนาบัญชียาหลักแห่งชาติ — ปรับปรุงเมื่อวันที่ 23 พฤษภาคม 2555
Vitamin B1,,"tab (เฉพาะ 10-100 mg), sterile sol (เฉพาะ 100 mg/ml)",,,หมวดยา: Nutrition and blood | หมวดยา: Vitamins | รายละเอียดกลุ่ม 2: Multivitamins ในบัญชียาหลักแห่งชาติ มีวิตามินเป็นส่วนประกอบเท่านั้น การผสมแร่ธาตุ (mineral) หรือตัวยาสำคัญอื่นๆ ไม่ถือเป็นยาในบัญชียาหลักแห่งชาติ | ชื่อพ้อง: Thiamine as hydrochloride or mononitrate | ED: ก,,,สำนักงานประสานการพัฒนาบัญชียาหลักแห่งชาติ — ปรับปรุงเมื่อวันที่ 23 พฤษภาคม 2555
Vitamin B2,,tab (เฉพาะไม่ต่ำกว่า 10 mg),,,หมวดยา: Nutrition and blood | หมวดยา: Vitamins | รายละเอียดกลุ่ม 2: Multivitamins ในบัญชียาหลักแห่งชาติ มีวิตามินเป็นส่วนประกอบเท่านั้น การผสมแร่ธาตุ (mineral) หรือตัวยาสำคัญอื่นๆ ไม่ถือเป็นยาในบัญชียาหลักแห่งชาติ | ED: ก,,,สำนักงานประสานการพัฒนาบัญชียาหลักแห่งชาติ — ปรับปรุงเมื่อวันที่ 23 พฤษภาคม 2555
Vitamin B6,,"tab (เฉพาะ 10-100 mg), sterile sol (เฉพาะ 100 mg/ml)",,,หมวดยา: Nutrition and blood | หมวดยา: Vitamins | รายละเอียดกลุ่ม 2: Multivitamins ในบัญชียาหลักแห่งชาติ มีวิตามินเป็นส่วนประกอบเท่านั้น การผสมแร่ธาตุ (mineral) หรือตัวยาสำคัญอื่นๆ ไม่ถือเป็นยาในบัญชียาหลักแห่งชาติ | ชื่อพ้อง: Pyridoxine hydrochloride | ED: ก,,การรับประทานวิตามิน B6 ขนาดตั้งแต่ 200 มิลลิกรัมต่อวัน ขึ้นไปเป็นเวลานาน มีความสัมพันธ์กับการเกิด neuropathy ได้,สำนักงานประสานการพัฒนาบัญชียาหลักแห่งชาติ — ปรับปรุงเมื่อวันที่ 23 พฤษภาคม 2555
Vitamin B12,,"tab (เฉพาะไม่ต่ำกว่า 100 mcg), 
sterile sol (เฉพาะ 1000 mcg/ml)",,,หมวดยา: Nutrition and blood | หมวดยา: Vitamins | รายละเอียดกลุ่ม 2: Multivitamins ในบัญชียาหลักแห่งชาติ มีวิตามินเป็นส่วนประกอบเท่านั้น การผสมแร่ธาตุ (mineral) หรือตัวยาสำคัญอื่นๆ ไม่ถือเป็นยาในบัญชียาหลักแห่งชาติ | ชื่อพ้อง: Cyanocobalamin หรือ Hydroxocobalamin | ED: ก,,,สำนักงานประสานการพัฒนาบัญชียาหลักแห่งชาติ — ปรับปรุงเมื่อวันที่ 23 พฤษภาคม 2555
Vitamin C,,"tab (เฉพาะ 50, 100 mg)",,,หมวดยา: Nutrition and blood | หมวดยา: Vitamins | รายละเอียดกลุ่ม 2: Multivitamins ในบัญชียาหลักแห่งชาติ มีวิตามินเป็นส่วนประกอบเท่านั้น การผสมแร่ธาตุ (mineral) หรือตัวยาสำคัญอื่นๆ ไม่ถือเป็นยาในบัญชียาหลักแห่งชาติ | ED: ก,,,สำนักงานประสานการพัฒนาบัญชียาหลักแห่งชาติ — ปรับปรุงเมื่อวันที่ 23 พฤษภาคม 2555
Vitamin D2,,cap,,,หมวดยา: Nutrition and blood | หมวดยา: Vitamins | รายละเอียดกลุ่ม 2: Multivitamins ในบัญชียาหลักแห่งชาติ มีวิตามินเป็นส่วนประกอบเท่านั้น การผสมแร่ธาตุ (mineral) หรือตัวยาสำคัญอื่นๆ ไม่ถือเป็นยาในบัญชียาหลักแห่งชาติ | ชื่อพ้อง: Ergocalciferol | ED: ก,เป็น first -line drug ในผู้ป่วยที่มีภาวะขาดวิตามิน D,,สำนักงานประสานการพัฒนาบัญชียาหลักแห่งชาติ — ปรับปรุงเมื่อวันที่ 23 พฤษภาคม 2555
Vitamin K1,,sterile sol,,,หมวดยา: Nutrition and blood | หมวดยา: Vitamins | รายละเอียดกลุ่ม 2: Multivitamins ในบัญชียาหลักแห่งชาติ มีวิตามินเป็นส่วนประกอบเท่านั้น การผสมแร่ธาตุ (mineral) หรือตัวยาสำคัญอื่นๆ ไม่ถือเป็นยาในบัญชียาหลักแห่งชาติ | ชื่อพ้อง: phytomenadione | ED: ก,,,สำนักงานประสานการพัฒนาบัญชียาหลักแห่งชาติ — ปรับปรุงเมื่อวันที่ 23 พฤษภาคม 2555
Vitamin B complex,,"cap, tab","มีวิตามินอย่างน้อย 8 ชนิดที่ให้ปริมาณยาต่อวันดังนี้
- Vitamin B1       ≥ 0.9 mg
- Vitamin B2      ≥ 0.9 mg
- Vitamin B6      ≥ 1.0 mg 
- Vitamin B12    ≥ 1.8 mcg
- Folic acid        ≥ 300 mcg
- Niacinamide    ≥ 12 mg
- Pantothenic acid  ≥ 4 mg  
- Biotin              ≥  20 mcg",,หมวดยา: Nutrition and blood | หมวดยา: Vitamins | รายละเอียดกลุ่ม 2: Multivitamins ในบัญชียาหลักแห่งชาติ มีวิตามินเป็นส่วนประกอบเท่านั้น การผสมแร่ธาตุ (mineral) หรือตัวยาสำคัญอื่นๆ ไม่ถือเป็นยาในบัญชียาหลักแห่งชาติ | ED: ก | หมายเหตุ: มีปริมาณใกล้เคียงกับปริมาณสารอาหารที่ควรได้รับประจำวันในเด็กอายุ 9 - 12 ปี และผู้ใหญ่,,,สำนักงานประสานการพัฒนาบัญชียาหลักแห่งชาติ — ปรับปรุงเมื่อวันที่ 23 พฤษภาคม 2555
Vitamin C,,sterile sol,,,หมวดยา: Nutrition and blood | หมวดยา: Vitamins | รายละเอียดกลุ่ม 2: Multivitamins ในบัญชียาหลักแห่งชาติ มีวิตามินเป็นส่วนประกอบเท่านั้น การผสมแร่ธาตุ (mineral) หรือตัวยาสำคัญอื่นๆ ไม่ถือเป็นยาในบัญชียาหลักแห่งชาติ | ED: ข,,,สำนักงานประสานการพัฒนาบัญชียาหลักแห่งชาติ — ปรับปรุงเมื่อวันที่ 23 พฤษภาคม 2555
Vitamin B complex,,sterile sol,"ประกอบด้วยวิตามินอย่างน้อย 4 ชนิด ที่ให้ปริมาณยาต่อวัน ดังนี้
 - Vitamin B1     ≥  0.9  mg
 - Vitamin B2     ≥  0.9  mg
 - Vitamin B6     ≥  1.0  mg
 - Niacinamide   ≥  12 mg",,หมวดยา: Nutrition and blood | หมวดยา: Vitamins | รายละเอียดกลุ่ม 2: Multivitamins ในบัญชียาหลักแห่งชาติ มีวิตามินเป็นส่วนประกอบเท่านั้น การผสมแร่ธาตุ (mineral) หรือตัวยาสำคัญอื่นๆ ไม่ถือเป็นยาในบัญชียาหลักแห่งชาติ | ED: ข | หมายเหตุ: มีปริมาณใกล้เคียงกับปริมาณสารอาหารที่ควรได้รับประจำวันในเด็กอายุ 9 - 12 ปี และผู้ใหญ่,,,สำนักงานประสานการพัฒนาบัญชียาหลักแห่งชาติ — ปรับปรุงเมื่อวันที่ 23 พฤษภาคม 2555
Alfacalcidol,,"cap, tab",,,หมวดยา: Nutrition and blood | หมวดยา: Vitamins | รายละเอียดกลุ่ม 2: Multivitamins ในบัญชียาหลักแห่งชาติ มีวิตามินเป็นส่วนประกอบเท่านั้น การผสมแร่ธาตุ (mineral) หรือตัวยาสำคัญอื่นๆ ไม่ถือเป็นยาในบัญชียาหลักแห่งชาติ | ชื่อพ้อง: 1 alpha-hydroxyvitamin D3 | ED: ค,"1. ใช้กับผู้ป่วย Kidney disease stage 5  (หรือ end stage kidney disease) ที่มีระดับแคลเซียมในเลือดต่ำ ร่วมกับภาวะ hyperparathyroidism
2. ใช้กับผู้ป่วยที่มีภาวะพร่องฮอร์โมนพาราไทรอยด์อย่างรุนแรงและฉับพลัน",,สำนักงานประสานการพัฒนาบัญชียาหลักแห่งชาติ — ปรับปรุงเมื่อวันที่ 23 พฤษภาคม 2555
Vitamin E,,"emulsion (hosp), syr",,,หมวดยา: Nutrition and blood | หมวดยา: Vitamins | รายละเอียดกลุ่ม 2: Multivitamins ในบัญชียาหลักแห่งชาติ มีวิตามินเป็นส่วนประกอบเท่านั้น การผสมแร่ธาตุ (mineral) หรือตัวยาสำคัญอื่นๆ ไม่ถือเป็นยาในบัญชียาหลักแห่งชาติ | ED: ค | หมายเหตุ: ตำรับยา water-miscible vitamin E (มี emulsifier ในสูตรตำรับ เช่น polysorbate 80 เป็นต้น และใช้เป็นน้ำกระสายยา),"1. ใช้กับทารกแรกเกิดที่มีน้ำหนักตัวน้อยหรือเกิดก่อนกำหนดเท่านั้น
2. ใช้ป้องกันและรักษาภาวะขาดวิตามินอีในทารก และเด็กที่มีปัญหาการย่อยไขมันและ/หรือการดูดซึมไขมันบกพร่องเท่านั้น",,สำนักงานประสานการพัฒนาบัญชียาหลักแห่งชาติ — ปรับปรุงเมื่อวันที่ 23 พฤษภาคม 2555
Amino acid solution for infants,,sterile sol,"มีกรดอะมิโนจำเป็นทั้ง 9 ชนิด คือ
isoleucine, leucine, lysine, methionine, phenylalanine, threonine, tryptophan, valine, histidine  
และอย่างน้อยต้องมี arginine, cysteine, tyrosine และ taurine โดยด้องไม่มี sugar alcohol ในสูตร",,หมวดยา: Nutrition and blood | หมวดยา: Intravenous nutrition | รายละเอียดกลุ่ม 2: การให้อาหารทางหลอดเลือดดำมีความเสี่ยงต่อการติดเชื้อ | ED: ค,,,สำนักงานประสานการพัฒนาบัญชียาหลักแห่งชาติ — ปรับปรุงเมื่อวันที่ 23 พฤษภาคม 2555
Amino acid solution ชนิด high branched chain amino acid,,sterile sol,มีสัดส่วนของ branch chain amino acid 35-45% ของ total amino acid,,หมวดยา: Nutrition and blood | หมวดยา: Intravenous nutrition | รายละเอียดกลุ่ม 2: การให้อาหารทางหลอดเลือดดำมีความเสี่ยงต่อการติดเชื้อ | ED: ค,,,สำนักงานประสานการพัฒนาบัญชียาหลักแห่งชาติ — ปรับปรุงเมื่อวันที่ 23 พฤษภาคม 2555
Amino acid solution ชนิด high essential amino acid,,sterile sol,มีสัดส่วนของ essential amino acid  > 60% ของ  total amino acid,,หมวดยา: Nutrition and blood | หมวดยา: Intravenous nutrition | รายละเอียดกลุ่ม 2: การให้อาหารทางหลอดเลือดดำมีความเสี่ยงต่อการติดเชื้อ | ED: ค,,,สำนักงานประสานการพัฒนาบัญชียาหลักแห่งชาติ — ปรับปรุงเมื่อวันที่ 23 พฤษภาคม 2555
Amino acids with/without minerals,,sterile sol,,,หมวดยา: Nutrition and blood | หมวดยา: Intravenous nutrition | รายละเอียดกลุ่ม 2: การให้อาหารทางหลอดเลือดดำมีความเสี่ยงต่อการติดเชื้อ | ED: ค,,,สำนักงานประสานการพัฒนาบัญชียาหลักแห่งชาติ — ปรับปรุงเมื่อวันที่ 23 พฤษภาคม 2555
Complete water-soluble and fat soluble vitamins preparation,,"preparation for intravenous use (sterile pwdr,sterile sol,sterile emulsion)","Complete water-soluble and fat soluble vitamins preparation ที่ได้จากการผสม ตำรับที่มี  Fat soluble vitamins 4 ชนิด คือ A, D, E, K กับ ตำรับที่มี water soluble vitamins 9 ชนิด คือ B1, B2, B6 , B12, niacinamide, folic acid , pantothenic acid , biotin และ Vitamin C",,หมวดยา: Nutrition and blood | หมวดยา: Intravenous nutrition | รายละเอียดกลุ่ม 2: การให้อาหารทางหลอดเลือดดำมีความเสี่ยงต่อการติดเชื้อ | ED: ค,ใช้กับผู้ป่วยที่ได้รับอาหารทางหลอดเลือดดำ (parenteral nutrition) และต้องการทั้ง water-soluble และ fat-soluble vitamins,,สำนักงานประสานการพัฒนาบัญชียาหลักแห่งชาติ — ปรับปรุงเมื่อวันที่ 23 พฤษภาคม 2555
Complete water-soluble vitamin preparation,,preparation for intravenous use (sterile pwdr),"ที่ประกอบด้วย water soluble vitamins 9 ชนิด คือ B1, B2, B6, B12, niacinamide, folic acid, pantothenic acid, biotin และ vitamin C",,หมวดยา: Nutrition and blood | หมวดยา: Intravenous nutrition | รายละเอียดกลุ่ม 2: การให้อาหารทางหลอดเลือดดำมีความเสี่ยงต่อการติดเชื้อ | ED: ค,ใช้กับผู้ป่วยที่ได้รับอาหารทางหลอดเลือดดำ (parenteral nutrition) และต้องการเฉพาะ water soluble vitamins หรือมีข้อห้ามใช้สำหรับ fat-soluble vitamins,,สำนักงานประสานการพัฒนาบัญชียาหลักแห่งชาติ — ปรับปรุงเมื่อวันที่ 23 พฤษภาคม 2555
Complete fat-soluble vitamin preparation,,"preparation for intravenous use (sterile pwdr, sterile sol, sterile emulsion)","ที่ประกอบด้วย fat soluble vitamins 4 ชนิด คือ A, D, E และ K",,หมวดยา: Nutrition and blood | หมวดยา: Intravenous nutrition | รายละเอียดกลุ่ม 2: การให้อาหารทางหลอดเลือดดำมีความเสี่ยงต่อการติดเชื้อ | ED: ค,ใช้กับผู้ป่วยที่ได้รับอาหารทางหลอดเลือดดำ (parenteral nutrition) และต้องการเฉพาะ fat-soluble vitamins หรือมีข้อห้ามใช้สำหรับ water-soluble vitamins,,สำนักงานประสานการพัฒนาบัญชียาหลักแห่งชาติ — ปรับปรุงเมื่อวันที่ 23 พฤษภาคม 2555
Multivitamin injection,,preparation for intravenous use (sterile sol),"ที่ประกอบด้วย fat soluble vitamins 3 ชนิด คือ A, D และ E กับ water soluble vitamins 9 ชนิด คือ B1, B2, B6, B12, niacinamide, folic acid, pantothenic acid, biotin และ vitamin C",,หมวดยา: Nutrition and blood | หมวดยา: Intravenous nutrition | รายละเอียดกลุ่ม 2: การให้อาหารทางหลอดเลือดดำมีความเสี่ยงต่อการติดเชื้อ | ED: ค,ใช้กับผู้ป่วยที่ได้รับอาหารทางหลอดเลือดดำ (parenteral nutrition) และได้รับยาป้องกันการแข็งตัวของเลือด,,สำนักงานประสานการพัฒนาบัญชียาหลักแห่งชาติ — ปรับปรุงเมื่อวันที่ 23 พฤษภาคม 2555
Three-in-one parenteral nutrition,,sterile sol,"ประกอบด้วย glucose, amino acid และ fat emulsion",,หมวดยา: Nutrition and blood | หมวดยา: Intravenous nutrition | รายละเอียดกลุ่ม 2: การให้อาหารทางหลอดเลือดดำมีความเสี่ยงต่อการติดเชื้อ | ED: ง,ใช้กับผู้ป่วยอายุตั้งแต่ 11 ปีขึ้นไปที่มีภาวะทุพโภชนาการระดับปานกลางถึงรุนแรง และไม่สามารถรับอาหารทาง enteral ได้เพียงพอ (น้อยกว่า 60% ของพลังงานที่ต้องการต่อวัน),"1) ผลิตภัณฑ์ three-in-one parenteral nutrition ไม่มี multivitamins และ trace minerals และอาจมี electrolytes เช่น โซเดียม โปแตสเซียม แคลเซียม สังกะสี ไม่เพียงพอ ดังนั้นควรเติมสารอาหารเหล่านี้ให้เพียงพอ ตามคำแนะนำการใช้ของแต่ละผลิตภัณฑ์อย่างเคร่งครัด และเฝ้าระวังติดตามอย่างใกล้ชิด
2) การให้ทาง peripheral ไม่แนะนำให้ใช้เกิน 14 วัน
3) การให้อาหารทางหลอดเลือดดำมีความเสี่ยงต่อการติดเชื้อ",สำนักงานประสานการพัฒนาบัญชียาหลักแห่งชาติ — ปรับปรุงเมื่อวันที่ 23 พฤษภาคม 2555
Dextrose solution with minerals with electrolytes,,sterile sol,มี dextrose ไม่น้อยกว่า 20% และมี minerals อย่างน้อย 2 ชนิด,,หมวดยา: Nutrition and blood | หมวดยา: Intravenous nutrition | รายละเอียดกลุ่ม 2: การให้อาหารทางหลอดเลือดดำมีความเสี่ยงต่อการติดเชื้อ | ED: ค,ยานี้มีความเข้มข้นของน้ำตาลสูงจึงห้ามให้ทาง peripheral vein ต้องให้ทาง central vein เท่านั้น,,สำนักงานประสานการพัฒนาบัญชียาหลักแห่งชาติ — ปรับปรุงเมื่อวันที่ 23 พฤษภาคม 2555
Fat emulsion,,sterile emulsion (เฉพาะ 20%),Fat emulsion  ประกอบด้วย long chain triglycerides และ phospholipids ซึ่งมีหรือไม่มี medium chain triglycerides  (MCT),,หมวดยา: Nutrition and blood | หมวดยา: Intravenous nutrition | รายละเอียดกลุ่ม 2: การให้อาหารทางหลอดเลือดดำมีความเสี่ยงต่อการติดเชื้อ | ED: ค,,,สำนักงานประสานการพัฒนาบัญชียาหลักแห่งชาติ — ปรับปรุงเมื่อวันที่ 23 พฤษภาคม 2555
Multiple trace mineral solution,,sterile sol,"อย่างน้อยต้องประกอบด้วย Zn,Cu และ I",,หมวดยา: Nutrition and blood | หมวดยา: Intravenous nutrition | รายละเอียดกลุ่ม 2: การให้อาหารทางหลอดเลือดดำมีความเสี่ยงต่อการติดเชื้อ | ED: ค,,,สำนักงานประสานการพัฒนาบัญชียาหลักแห่งชาติ — ปรับปรุงเมื่อวันที่ 23 พฤษภาคม 2555
Calcium carbonate,,"cap, tab",,,หมวดยา: Nutrition and blood | หมวดยา: Minerals | ED: ก,,,สำนักงานประสานการพัฒนาบัญชียาหลักแห่งชาติ — ปรับปรุงเมื่อวันที่ 23 พฤษภาคม 2555
Calcium gluconate,,sterile sol,,,หมวดยา: Nutrition and blood | หมวดยา: Minerals | ED: ก,,,สำนักงานประสานการพัฒนาบัญชียาหลักแห่งชาติ — ปรับปรุงเมื่อวันที่ 23 พฤษภาคม 2555
Ferrous sulfate,,"cap, tab, oral sol, drop",,,หมวดยา: Nutrition and blood | หมวดยา: Minerals | ED: ก,,,สำนักงานประสานการพัฒนาบัญชียาหลักแห่งชาติ — ปรับปรุงเมื่อวันที่ 23 พฤษภาคม 2555
Iodine,,cap,,,หมวดยา: Nutrition and blood | หมวดยา: Minerals | ED: ก,,"1. ควรใช้เฉพาะในพื้นที่ที่ขาดไอโอดีนสูงเท่านั้น
2. อาจทำให้เกิด iodine-induced thyrotoxicosis",สำนักงานประสานการพัฒนาบัญชียาหลักแห่งชาติ — ปรับปรุงเมื่อวันที่ 23 พฤษภาคม 2555
Magnesium hydroxide,,"tab, susp, susp (hosp)",,,หมวดยา: Nutrition and blood | หมวดยา: Minerals | ED: ก,,,สำนักงานประสานการพัฒนาบัญชียาหลักแห่งชาติ — ปรับปรุงเมื่อวันที่ 23 พฤษภาคม 2555
Magnesium sulfate,,"sterile sol, oral sol, oral sol(hosp)",,,หมวดยา: Nutrition and blood | หมวดยา: Minerals | ED: ก,,,สำนักงานประสานการพัฒนาบัญชียาหลักแห่งชาติ — ปรับปรุงเมื่อวันที่ 23 พฤษภาคม 2555
Sodium fluoride,,"tab, oral sol, oral sol(hosp)",,,หมวดยา: Nutrition and blood | หมวดยา: Minerals | ED: ก,,ระวังการใช้ในพื้นที่ที่มีฟลูออไรด์สูง เพราะอาจทำให้เกิด fluorosis,สำนักงานประสานการพัฒนาบัญชียาหลักแห่งชาติ — ปรับปรุงเมื่อวันที่ 23 พฤษภาคม 2555
Trace element solution,,oral sol (hosp),"อย่างน้อยต้องประกอบด้วย  Zn, Cu, I และ Cr",,หมวดยา: Nutrition and blood | หมวดยา: Minerals | ED: ก,,,สำนักงานประสานการพัฒนาบัญชียาหลักแห่งชาติ — ปรับปรุงเมื่อวันที่ 23 พฤษภาคม 2555
Zinc sulfate,,"oral sol (hosp), cap, tab, sterile sol (hosp)",,,หมวดยา: Nutrition and blood | หมวดยา: Minerals | ED: ก,,,สำนักงานประสานการพัฒนาบัญชียาหลักแห่งชาติ — ปรับปรุงเมื่อวันที่ 23 พฤษภาคม 2555
Aluminium hydroxide,,"tab, susp, susp (hosp)",,,หมวดยา: Nutrition and blood | หมวดยา: Minerals | ED: ข,,กรณีที่ใช้รักษา hyperphosphatemia ในผู้ป่วยที่มีไตบกพร่อง ไม่ควรใช้ติดต่อกันเป็นระยะเวลานาน เนื่องจากอาจเกิดพิษจาก Aluminium,สำนักงานประสานการพัฒนาบัญชียาหลักแห่งชาติ — ปรับปรุงเมื่อวันที่ 23 พฤษภาคม 2555
Ferrous fumarate,,"cap, tab, oral sol, susp",,,หมวดยา: Nutrition and blood | หมวดยา: Minerals | ED: ข,,,สำนักงานประสานการพัฒนาบัญชียาหลักแห่งชาติ — ปรับปรุงเมื่อวันที่ 23 พฤษภาคม 2555
Copper sulfate solution,,"sterile sol (hosp), oral sol (hosp)",,,หมวดยา: Nutrition and blood | หมวดยา: Minerals | ED: ค,,,สำนักงานประสานการพัฒนาบัญชียาหลักแห่งชาติ — ปรับปรุงเมื่อวันที่ 23 พฤษภาคม 2555
Dipotassium hydrogen phosphate,,sterile sol,,,หมวดยา: Nutrition and blood | หมวดยา: Minerals | ED: ค,,,สำนักงานประสานการพัฒนาบัญชียาหลักแห่งชาติ — ปรับปรุงเมื่อวันที่ 23 พฤษภาคม 2555
Oral acidic phosphate solution,,oral sol (hosp),มีตัวยาสำคัญ คือ Potassium phosphate และ/หรือ Sodium phosphate monobasic/dibasic,,หมวดยา: Nutrition and blood | หมวดยา: Minerals | ชื่อพ้อง: Joulie’s solution | ED: ค,,,สำนักงานประสานการพัฒนาบัญชียาหลักแห่งชาติ — ปรับปรุงเมื่อวันที่ 23 พฤษภาคม 2555
Oral neutral phosphate solution,,oral sol (hosp),มีตัวยาสำคัญ คือ Potassium phosphate และ/หรือ Sodium phosphate monobasic/dibasic,,หมวดยา: Nutrition and blood | หมวดยา: Minerals | ED: ค,,,สำนักงานประสานการพัฒนาบัญชียาหลักแห่งชาติ — ปรับปรุงเมื่อวันที่ 23 พฤษภาคม 2555
Ferrous fumarate,,tab (เฉพาะ 65 mg as iron),,,หมวดยา: Nutrition and blood | หมวดยา: Vitamins and minerals for pregnancy and lactating mothers | ED: ก,,ระมัดระวังการใช้ในผู้ป่วยโรคธาลัสซีเมีย,สำนักงานประสานการพัฒนาบัญชียาหลักแห่งชาติ — ปรับปรุงเมื่อวันที่ 23 พฤษภาคม 2555
Ferrous sulfate,,tab (เฉพาะ 60 และ 65 mg as iron),,,หมวดยา: Nutrition and blood | หมวดยา: Vitamins and minerals for pregnancy and lactating mothers | ED: ก,,ระมัดระวังการใช้ในผู้ป่วยโรคธาลัสซีเมีย,สำนักงานประสานการพัฒนาบัญชียาหลักแห่งชาติ — ปรับปรุงเมื่อวันที่ 23 พฤษภาคม 2555
Folic acid,,tab (เฉพาะ 400 mcg และ 5 mg),,,หมวดยา: Nutrition and blood | หมวดยา: Vitamins and minerals for pregnancy and lactating mothers | ED: ก,"1. ใช้สำหรับเสริมโฟเลทตลอดการตั้งครรภ์
2. ใช้สำหรับเสริมโฟเลทในช่วง 6 เดือนแรกของการให้นมบุตร
3. กรณีหญิงตั้งครรภ์ที่เคยมีประวัติตั้งครรภ์หรือคลอดบุตรที่มีภาวะ neural tube defect หรือปากแหว่ง เพดานโหว่ ควรใช้ความแรง 5 mg",,สำนักงานประสานการพัฒนาบัญชียาหลักแห่งชาติ — ปรับปรุงเมื่อวันที่ 23 พฤษภาคม 2555
Potassium iodide,,tab (เฉพาะ 150 mcg as iodine),,,หมวดยา: Nutrition and blood | หมวดยา: Vitamins and minerals for pregnancy and lactating mothers | ED: ก,"1. ใช้สำหรับเสริมไอโอดีนตลอดการตั้งครรภ์
2. ใช้เสริมไอโอดีนในช่วง 6 เดือนแรกของการให้นมบุตร
3. ห้ามใช้ในผู้ที่มีภาวะไทรอยด์เป็นพิษ",ควรติดตามเฝ้าระวังภาวะไทรอยด์เป็นพิษ,สำนักงานประสานการพัฒนาบัญชียาหลักแห่งชาติ — ปรับปรุงเมื่อวันที่ 23 พฤษภาคม 2555
Ferrous salt +  Folic acid,,tab (เฉพาะ 60 mg as iron + 400 mcg),,,หมวดยา: Nutrition and blood | หมวดยา: Vitamins and minerals for pregnancy and lactating mothers | ED: ก,"1. ใช้สำหรับเสริมธาตุเหล็กและโฟเลทตลอดการตั้งครรภ์
2. ใช้สำหรับเสริมธาตุเหล็กและโฟเลทในช่วง 6 เดือนแรกของการให้นมบุตร",ระมัดระวังการใช้ในผู้ป่วยโรคธาลัสซีเมีย,สำนักงานประสานการพัฒนาบัญชียาหลักแห่งชาติ — ปรับปรุงเมื่อวันที่ 23 พฤษภาคม 2555
Ferrous salt + Folic acid  + Potassium Iodide,,tab (เฉพาะ 60 mg as iron + 400 mcg +  150 mcg as iodine),,,หมวดยา: Nutrition and blood | หมวดยา: Vitamins and minerals for pregnancy and lactating mothers | ED: ก,"1. ใช้เสริมธาตุเหล็ก โฟเลท และไอโอดีนตลอดการตั้งครรภ์
2. ใช้สำหรับเสริมธาตุเหล็ก โฟเลท และไอโอดีนในช่วง 6 เดือนแรกของการให้นมบุตร
3. ห้ามใช้ในผู้ที่มีภาวะไทรอยด์เป็นพิษ","1. ควรติดตามเฝ้าระวังภาวะไทรอยด์เป็นพิษ
2. ระมัดระวังการใช้ในผู้ป่วยโรคธาลัสซีเมีย",สำนักงานประสานการพัฒนาบัญชียาหลักแห่งชาติ — ปรับปรุงเมื่อวันที่ 23 พฤษภาคม 2555
Penicillamine,,"cap , tab",,,หมวดยา: Nutrition and blood | หมวดยา: Metabolic disorders | ชื่อพ้อง: D-Penicillamine | ED: ค,ใช้รักษา Wilson’s disease,ระวังการใช้กับหญิงตั้งครรภ์เพราะเป็นสารก่อวิรูป (teratogen),สำนักงานประสานการพัฒนาบัญชียาหลักแห่งชาติ — ปรับปรุงเมื่อวันที่ 23 พฤษภาคม 2555
Imiglucerase,,sterile pwdr,,,หมวดยา: Nutrition and blood | หมวดยา: Metabolic disorders | ED: จ(2),ใช้สำหรับ Gaucher’s disease โดยมีแนวทางกำกับการใช้ยาเป็นไปตามรายละเอียดที่สำนักงานหลักประกันสุขภาพแห่งชาติ สำนักงานประกันสังคม กระทรวงแรงงาน และกรมบัญชีกลาง กระทรวงการคลังประกาศกำหนด,,สำนักงานประสานการพัฒนาบัญชียาหลักแห่งชาติ — ปรับปรุงเมื่อวันที่ 23 พฤษภาคม 2555
Aspirin,,"tab, EC tab",,,หมวดยา: Musculoskeletal and joint diseases | หมวดยา: Drugs used in rheumatic diseases and gout | หมวดยา: Non-steroidal anti-inflammatory drugs (NSAIDs) | ชื่อพ้อง: Acetylsalicylic acid | ED: ก,ไม่ใช้สำหรับโรค gout,,สำนักงานประสานการพัฒนาบัญชียาหลักแห่งชาติ — ปรับปรุงเมื่อวันที่ 23 พฤษภาคม 2555
Diclofenac sodium,,"EC tab, sterile sol",,,หมวดยา: Musculoskeletal and joint diseases | หมวดยา: Drugs used in rheumatic diseases and gout | หมวดยา: Non-steroidal anti-inflammatory drugs (NSAIDs) | ED: ก,,,สำนักงานประสานการพัฒนาบัญชียาหลักแห่งชาติ — ปรับปรุงเมื่อวันที่ 23 พฤษภาคม 2555
Ibuprofen,,"film coated tab, susp",,,หมวดยา: Musculoskeletal and joint diseases | หมวดยา: Drugs used in rheumatic diseases and gout | หมวดยา: Non-steroidal anti-inflammatory drugs (NSAIDs) | ED: ก,,"1. เมื่อมีข้อบ่งชี้ให้ใช้ NSAIDs แนะนำให้ใช้ ibuprofen เป็นยาขนานแรกสำหรับบรรเทาอาการปวดทางทันตกรรม ปวดประจำเดือน ปวดข้อ และปวดกล้ามเนื้อ
2. ใช้ในเด็กที่มีอายุ 3 เดือนขึ้นไปเท่านั้น
3. ระมัดระวังการใช้ในผู้ป่วยที่มีเกล็ดเลือดต่ำ เช่น ไข้เลือดออก",สำนักงานประสานการพัฒนาบัญชียาหลักแห่งชาติ — ปรับปรุงเมื่อวันที่ 23 พฤษภาคม 2555
Indomethacin,,cap,,,หมวดยา: Musculoskeletal and joint diseases | หมวดยา: Drugs used in rheumatic diseases and gout | หมวดยา: Non-steroidal anti-inflammatory drugs (NSAIDs) | ED: ก,,,สำนักงานประสานการพัฒนาบัญชียาหลักแห่งชาติ — ปรับปรุงเมื่อวันที่ 23 พฤษภาคม 2555
Naproxen,,compressed tab (as base),,,หมวดยา: Musculoskeletal and joint diseases | หมวดยา: Drugs used in rheumatic diseases and gout | หมวดยา: Non-steroidal anti-inflammatory drugs (NSAIDs) | ED: ก,,,สำนักงานประสานการพัฒนาบัญชียาหลักแห่งชาติ — ปรับปรุงเมื่อวันที่ 23 พฤษภาคม 2555
Piroxicam,,"cap (as base), compressed  tab (as base), film coated tab (as base)",,,หมวดยา: Musculoskeletal and joint diseases | หมวดยา: Drugs used in rheumatic diseases and gout | หมวดยา: Non-steroidal anti-inflammatory drugs (NSAIDs) | ED: ข,,,สำนักงานประสานการพัฒนาบัญชียาหลักแห่งชาติ — ปรับปรุงเมื่อวันที่ 23 พฤษภาคม 2555
Chloroquine phosphate,,"compressed tab, film coated tab",,,หมวดยา: Musculoskeletal and joint diseases | หมวดยา: Drugs used in rheumatic diseases and gout | หมวดยา: Disease-modifying antirheumatic drugs (DMARDs) | ED: ข,,การใช้ยาอาจเป็นพิษต่อจอประสาทตา ควรตรวจจอประสาทตาทุก 6 เดือน ระหว่างการใช้ยา,สำนักงานประสานการพัฒนาบัญชียาหลักแห่งชาติ — ปรับปรุงเมื่อวันที่ 23 พฤษภาคม 2555
Hydroxychloroquine sulfate,,tab,,,หมวดยา: Musculoskeletal and joint diseases | หมวดยา: Drugs used in rheumatic diseases and gout | หมวดยา: Disease-modifying antirheumatic drugs (DMARDs) | ED: ข,,การใช้ยาอาจเป็นพิษต่อจอประสาทตา ควรตรวจจอประสาทตาทุก 6 เดือน ระหว่างการใช้ยา,สำนักงานประสานการพัฒนาบัญชียาหลักแห่งชาติ — ปรับปรุงเมื่อวันที่ 23 พฤษภาคม 2555
Azathioprine,,tab,,,หมวดยา: Musculoskeletal and joint diseases | หมวดยา: Drugs used in rheumatic diseases and gout | หมวดยา: Disease-modifying antirheumatic drugs (DMARDs) | ED: ค,,,สำนักงานประสานการพัฒนาบัญชียาหลักแห่งชาติ — ปรับปรุงเมื่อวันที่ 23 พฤษภาคม 2555
Methotrexate,,"tab (as base or sodium), sterile pwdr/sterile sol (as sodium)",,,หมวดยา: Musculoskeletal and joint diseases | หมวดยา: Drugs used in rheumatic diseases and gout | หมวดยา: Disease-modifying antirheumatic drugs (DMARDs) | ED: ค,,การใช้ยาอาจเกิดการกดไขกระดูกและเป็นพิษต่อตับ ควรตรวจค่า complete blood count (CBC) SGOT/SGPT และ ค่า alkaline phosphatase  ทุก 3-6 เดือน ระหว่างการใช้ยา,สำนักงานประสานการพัฒนาบัญชียาหลักแห่งชาติ — ปรับปรุงเมื่อวันที่ 23 พฤษภาคม 2555
Sulfasalazine,,EC tab,,,หมวดยา: Musculoskeletal and joint diseases | หมวดยา: Drugs used in rheumatic diseases and gout | หมวดยา: Disease-modifying antirheumatic drugs (DMARDs) | ED: ค,,,สำนักงานประสานการพัฒนาบัญชียาหลักแห่งชาติ — ปรับปรุงเมื่อวันที่ 23 พฤษภาคม 2555
Sodium aurothiomalate,,sterile sol,,,หมวดยา: Musculoskeletal and joint diseases | หมวดยา: Drugs used in rheumatic diseases and gout | หมวดยา: Disease-modifying antirheumatic drugs (DMARDs) | ED: ค,,,สำนักงานประสานการพัฒนาบัญชียาหลักแห่งชาติ — ปรับปรุงเมื่อวันที่ 23 พฤษภาคม 2555
Ciclosporin,,"cap, oral sol, sterile sol",,,หมวดยา: Musculoskeletal and joint diseases | หมวดยา: Drugs used in rheumatic diseases and gout | หมวดยา: Disease-modifying antirheumatic drugs (DMARDs) | ชื่อพ้อง: Cyclosporin | ED: ง,"1. ใช้กรณีที่ใช้ยา methotrexate แล้วไม่ได้ผล หรือใช้ไม่ได้เนื่องจากแพ้
2. ผู้ป่วยมีการทำงานของไตเป็นปกติ และไม่มีภาวะความดันเลือดสูง",,สำนักงานประสานการพัฒนาบัญชียาหลักแห่งชาติ — ปรับปรุงเมื่อวันที่ 23 พฤษภาคม 2555
Colchicine,,tab,,,หมวดยา: Musculoskeletal and joint diseases | หมวดยา: Drugs used in rheumatic diseases and gout | หมวดยา: Drugs for treatment of gout and hyperuricaemia | ED: ก,,,สำนักงานประสานการพัฒนาบัญชียาหลักแห่งชาติ — ปรับปรุงเมื่อวันที่ 23 พฤษภาคม 2555
Allopurinol,,tab,,,หมวดยา: Musculoskeletal and joint diseases | หมวดยา: Drugs used in rheumatic diseases and gout | หมวดยา: Drugs for treatment of gout and hyperuricaemia | ED: ก,ห้ามใช้รักษา acute gout,"ควรเฝ้าระวังอาการไม่พึงประสงค์ทางผิวหนังชนิดร้ายแรงจากยา เช่น Steven-Johnson syndrome (SJS), toxic epidermal necrolysis (TEN) และ drug rash with eosinophilia and systemic symptoms (DRESS) เนื่องจากมีรายงานการเกิดอาการไม่พึงประสงค์ดังกล่าวเพิ่มมากขึ้น ผู้ป่วยที่มีความเสี่ยงสูงขึ้นได้แก่ ผู้ที่เริ่มใช้ยา (ในช่วง 4 สัปดาห์แรก) ผู้ที่มีภาวะไตเสื่อม ผู้ที่ใช้ allopurinol ในขนาดสูง และผู้ที่ใช้ยาขับปัสสาวะในกลุ่ม thiazide ร่วมด้วย",สำนักงานประสานการพัฒนาบัญชียาหลักแห่งชาติ — ปรับปรุงเมื่อวันที่ 23 พฤษภาคม 2555
Probenecid,,film coated tab,,,หมวดยา: Musculoskeletal and joint diseases | หมวดยา: Drugs used in rheumatic diseases and gout | หมวดยา: Drugs for treatment of gout and hyperuricaemia | ED: ก,ห้ามใช้รักษา acute gout,,สำนักงานประสานการพัฒนาบัญชียาหลักแห่งชาติ — ปรับปรุงเมื่อวันที่ 23 พฤษภาคม 2555
Benzbromarone,,tab,,,หมวดยา: Musculoskeletal and joint diseases | หมวดยา: Drugs used in rheumatic diseases and gout | หมวดยา: Drugs for treatment of gout and hyperuricaemia | ED: ค,ห้ามใช้รักษา acute gout,ใช้ด้วยความระมัดระวัง เนื่องจากมีรายงานการเกิด cytolytic liver damage  ทำให้ผู้ป่วยถึงแก่ชีวิต หรือต้องเปลี่ยนตับ,สำนักงานประสานการพัฒนาบัญชียาหลักแห่งชาติ — ปรับปรุงเมื่อวันที่ 23 พฤษภาคม 2555
Pyridostigmine bromide,,tab,,,หมวดยา: Musculoskeletal and joint diseases | หมวดยา: Drugs used in neuromuscular disorders | หมวดยา: Drugs which enhance neuromuscular transmission | ED: ก,,,สำนักงานประสานการพัฒนาบัญชียาหลักแห่งชาติ — ปรับปรุงเมื่อวันที่ 23 พฤษภาคม 2555
Neostigmine methylsulfate,,sterile sol,,,หมวดยา: Musculoskeletal and joint diseases | หมวดยา: Drugs used in neuromuscular disorders | หมวดยา: Drugs which enhance neuromuscular transmission | ED: ข,,,สำนักงานประสานการพัฒนาบัญชียาหลักแห่งชาติ — ปรับปรุงเมื่อวันที่ 23 พฤษภาคม 2555
Diazepam,,"cap, tab, sterile sol",,,"หมวดยา: Musculoskeletal and joint diseases | หมวดยา: Drugs used in neuromuscular disorders | หมวดยา: Skeletal muscle relaxants | รายละเอียดกลุ่ม 3: 1. ยากลุ่มนี้ใช้บรรเทาการหดเกร็งของกล้ามเนื้อที่เป็นรุนแรงในโรคบางชนิด เช่น บาดทะยัก การบาดเจ็บของไขสันหลัง  และ multiple sclerosis
2. ไม่ใช้ยากลุ่มนี้กับอาการหดเกร็งกล้ามเนื้อจากการเล่นกีฬาหรือการบาดเจ็บ
3. ควรใช้ยากลุ่มนี้ด้วยความระมัดระวัง เนื่องจากการลด muscle tone อาจเพิ่ม disability ให้กับผู้ป่วย | ED: ก",,,สำนักงานประสานการพัฒนาบัญชียาหลักแห่งชาติ — ปรับปรุงเมื่อวันที่ 23 พฤษภาคม 2555
Baclofen,,tab,,,"หมวดยา: Musculoskeletal and joint diseases | หมวดยา: Drugs used in neuromuscular disorders | หมวดยา: Skeletal muscle relaxants | รายละเอียดกลุ่ม 3: 1. ยากลุ่มนี้ใช้บรรเทาการหดเกร็งของกล้ามเนื้อที่เป็นรุนแรงในโรคบางชนิด เช่น บาดทะยัก การบาดเจ็บของไขสันหลัง  และ multiple sclerosis
2. ไม่ใช้ยากลุ่มนี้กับอาการหดเกร็งกล้ามเนื้อจากการเล่นกีฬาหรือการบาดเจ็บ
3. ควรใช้ยากลุ่มนี้ด้วยความระมัดระวัง เนื่องจากการลด muscle tone อาจเพิ่ม disability ให้กับผู้ป่วย | ED: ข",,,สำนักงานประสานการพัฒนาบัญชียาหลักแห่งชาติ — ปรับปรุงเมื่อวันที่ 23 พฤษภาคม 2555
Tizanidine hydrochloride,,tab,,,"หมวดยา: Musculoskeletal and joint diseases | หมวดยา: Drugs used in neuromuscular disorders | หมวดยา: Skeletal muscle relaxants | รายละเอียดกลุ่ม 3: 1. ยากลุ่มนี้ใช้บรรเทาการหดเกร็งของกล้ามเนื้อที่เป็นรุนแรงในโรคบางชนิด เช่น บาดทะยัก การบาดเจ็บของไขสันหลัง  และ multiple sclerosis
2. ไม่ใช้ยากลุ่มนี้กับอาการหดเกร็งกล้ามเนื้อจากการเล่นกีฬาหรือการบาดเจ็บ
3. ควรใช้ยากลุ่มนี้ด้วยความระมัดระวัง เนื่องจากการลด muscle tone อาจเพิ่ม disability ให้กับผู้ป่วย | ED: ข",,,สำนักงานประสานการพัฒนาบัญชียาหลักแห่งชาติ — ปรับปรุงเมื่อวันที่ 23 พฤษภาคม 2555
Methyl salicylate cream compound,,cream (hosp),,,หมวดยา: Musculoskeletal and joint diseases | หมวดยา: Drugs for relief of soft-tissue inflammation | หมวดยา: Rubifacients | ED: ก,,,สำนักงานประสานการพัฒนาบัญชียาหลักแห่งชาติ — ปรับปรุงเมื่อวันที่ 23 พฤษภาคม 2555
Methyl salicylate ointment compound,,oint (hosp),,,หมวดยา: Musculoskeletal and joint diseases | หมวดยา: Drugs for relief of soft-tissue inflammation | หมวดยา: Rubifacients | ชื่อพ้อง: Analgesic Balm | ED: ก,,,สำนักงานประสานการพัฒนาบัญชียาหลักแห่งชาติ — ปรับปรุงเมื่อวันที่ 23 พฤษภาคม 2555
Boric acid,,eye wash sol,,,"หมวดยา: Eye | หมวดยา: Anti-infective eye preparations | หมวดยา: Antibacterials and eye wash solution | รายละเอียดกลุ่ม 3: 1. ใช้เป็นยาสำหรับการติดเชื้อแบคทีเรียเท่านั้น
2. ควรใช้ยาให้เหมาะสมกับชนิดของเชื้อ เช่น ชนิดกรัมบวก หรือกรัมลบ | ED: ก",,,สำนักงานประสานการพัฒนาบัญชียาหลักแห่งชาติ — ปรับปรุงเมื่อวันที่ 23 พฤษภาคม 2555
Chloramphenicol,,"eye drop, eye oint",,,"หมวดยา: Eye | หมวดยา: Anti-infective eye preparations | หมวดยา: Antibacterials and eye wash solution | รายละเอียดกลุ่ม 3: 1. ใช้เป็นยาสำหรับการติดเชื้อแบคทีเรียเท่านั้น
2. ควรใช้ยาให้เหมาะสมกับชนิดของเชื้อ เช่น ชนิดกรัมบวก หรือกรัมลบ | ED: ก",,,สำนักงานประสานการพัฒนาบัญชียาหลักแห่งชาติ — ปรับปรุงเมื่อวันที่ 23 พฤษภาคม 2555
Tetracycline hydrochloride,,eye oint,,,"หมวดยา: Eye | หมวดยา: Anti-infective eye preparations | หมวดยา: Antibacterials and eye wash solution | รายละเอียดกลุ่ม 3: 1. ใช้เป็นยาสำหรับการติดเชื้อแบคทีเรียเท่านั้น
2. ควรใช้ยาให้เหมาะสมกับชนิดของเชื้อ เช่น ชนิดกรัมบวก หรือกรัมลบ | ED: ก",,,สำนักงานประสานการพัฒนาบัญชียาหลักแห่งชาติ — ปรับปรุงเมื่อวันที่ 23 พฤษภาคม 2555
Gentamicin sulfate,,"eye drop, eye oint",,,"หมวดยา: Eye | หมวดยา: Anti-infective eye preparations | หมวดยา: Antibacterials and eye wash solution | รายละเอียดกลุ่ม 3: 1. ใช้เป็นยาสำหรับการติดเชื้อแบคทีเรียเท่านั้น
2. ควรใช้ยาให้เหมาะสมกับชนิดของเชื้อ เช่น ชนิดกรัมบวก หรือกรัมลบ | ED: ค | หมายเหตุ: ประสิทธิผลของ gentamicin ไม่แตกต่างจาก tobramycin",,,สำนักงานประสานการพัฒนาบัญชียาหลักแห่งชาติ — ปรับปรุงเมื่อวันที่ 23 พฤษภาคม 2555
Polymyxin B sulfate + Neomycin sulfate + Gramicidin,,eye drop,,,"หมวดยา: Eye | หมวดยา: Anti-infective eye preparations | หมวดยา: Antibacterials and eye wash solution | รายละเอียดกลุ่ม 3: 1. ใช้เป็นยาสำหรับการติดเชื้อแบคทีเรียเท่านั้น
2. ควรใช้ยาให้เหมาะสมกับชนิดของเชื้อ เช่น ชนิดกรัมบวก หรือกรัมลบ | ED: ค | หมายเหตุ: ยาที่มีส่วนผสมของ polymyxin B อาจส่งผลให้เกิดการดื้อของเชื้อในทาง systemic จึงต้องใช้อย่างระมัดระวังเฉพาะกรณีที่มีความจำเป็นเท่านั้น",,,สำนักงานประสานการพัฒนาบัญชียาหลักแห่งชาติ — ปรับปรุงเมื่อวันที่ 23 พฤษภาคม 2555
Cyclosporine,,eye drop (hosp),,,"หมวดยา: Eye | หมวดยา: Anti-infective eye preparations | หมวดยา: Antibacterials and eye wash solution | รายละเอียดกลุ่ม 3: 1.  ใช้เป็นยาสำหรับการติดเชื้อแบคทีเรียเท่านั้น
 2.  ควรใช้ยาให้เหมาะสมกับชนิดของเชื้อ เช่น ชนิดกรัมบวก หรือกรัมลบ | ED: ง",ใช้กับผู้ป่วย Keratoconjuctivitis sicca ที่มีอาการตาแห้งร่วมกับการอักเสบของพื้นผิวกระจกตา,,สำนักงานประสานการพัฒนาบัญชียาหลักแห่งชาติ — ปรับปรุงเมื่อวันที่ 23 พฤษภาคม 2555
Fusidic acid,,eye drop (in gel base),,,"หมวดยา: Eye | หมวดยา: Anti-infective eye preparations | หมวดยา: Antibacterials and eye wash solution | รายละเอียดกลุ่ม 3: 1. ใช้เป็นยาสำหรับการติดเชื้อแบคทีเรียเท่านั้น
2. ควรใช้ยาให้เหมาะสมกับชนิดของเชื้อ เช่น ชนิดกรัมบวก หรือกรัมลบ | ED: ง | หมายเหตุ: ยาเปลี่ยนเป็นของเหลวเมื่อยาสัมผัสถูกตา",ใช้สำหรับหนังตาอักเสบ (blepharitis) ในกรณีที่ใช้ chloramphenicol หรือ gentamicin แล้ว แพ้หรือไม่ได้ผล,,สำนักงานประสานการพัฒนาบัญชียาหลักแห่งชาติ — ปรับปรุงเมื่อวันที่ 23 พฤษภาคม 2555
Dexamethasone sodium phosphate +  Neomycin sulfate,,eye drop,,,"หมวดยา: Eye | หมวดยา: Anti-infective eye preparations | หมวดยา: Antibacterials with corticosteroids | รายละเอียดกลุ่ม 3: 1. การใช้ยากลุ่มนี้ควรอยู่ในการดูแลของผู้เชี่ยวชาญ เพราะยามีที่ใช้จำกัด หากใช้ยาไม่ถูกต้องอาจไม่ปลอดภัย
2. ห้ามใช้ในอาการตาแดงที่ยังมิได้รับการตรวจวินิจฉัยสาเหตุที่ชัดเจน เพราะอาจเกิดอันตรายได้ เช่น การใช้ในอาการตาแดงที่เกิดจากเชื้อ herpes simplex virus อาจทำให้เกิดแผลที่กระจกตาไปจนถึงตาบอดได้ เป็นต้น
3. ใช้สำหรับการอักเสบรุนแรงในลูกตาส่วนหน้าหรือหลังผ่าตัด และป้องกันการติดเชื้อแบคทีเรียในกลุ่มเสี่ยง | ED: ค",,,สำนักงานประสานการพัฒนาบัญชียาหลักแห่งชาติ — ปรับปรุงเมื่อวันที่ 23 พฤษภาคม 2555
Dexamethasone sodium phosphate + Chloramphenicol + Tetrahydrozoline hydrochloride,,eye drop,,,"หมวดยา: Eye | หมวดยา: Anti-infective eye preparations | หมวดยา: Antibacterials with corticosteroids | รายละเอียดกลุ่ม 3: 1. การใช้ยากลุ่มนี้ควรอยู่ในการดูแลของผู้เชี่ยวชาญ เพราะยามีที่ใช้จำกัด หากใช้ยาไม่ถูกต้องอาจไม่ปลอดภัย
2. ห้ามใช้ในอาการตาแดงที่ยังมิได้รับการตรวจวินิจฉัยสาเหตุที่ชัดเจน เพราะอาจเกิดอันตรายได้ เช่น การใช้ในอาการตาแดงที่เกิดจากเชื้อ herpes simplex virus อาจทำให้เกิดแผลที่กระจกตาไปจนถึงตาบอดได้ เป็นต้น
3. ใช้สำหรับการอักเสบรุนแรงในลูกตาส่วนหน้าหรือหลังผ่าตัด และป้องกันการติดเชื้อแบคทีเรียในกลุ่มเสี่ยง | ED: ค",,,สำนักงานประสานการพัฒนาบัญชียาหลักแห่งชาติ — ปรับปรุงเมื่อวันที่ 23 พฤษภาคม 2555
Dexamethasone + Neomycin sulfate + Polymyxin B sulfate,,eye oint,,,"หมวดยา: Eye | หมวดยา: Anti-infective eye preparations | หมวดยา: Antibacterials with corticosteroids | รายละเอียดกลุ่ม 3: 1. การใช้ยากลุ่มนี้ควรอยู่ในการดูแลของผู้เชี่ยวชาญ เพราะยามีที่ใช้จำกัด หากใช้ยาไม่ถูกต้องอาจไม่ปลอดภัย
2. ห้ามใช้ในอาการตาแดงที่ยังมิได้รับการตรวจวินิจฉัยสาเหตุที่ชัดเจน เพราะอาจเกิดอันตรายได้ เช่น การใช้ในอาการตาแดงที่เกิดจากเชื้อ herpes simplex virus อาจทำให้เกิดแผลที่กระจกตาไปจนถึงตาบอดได้ เป็นต้น
3. ใช้สำหรับการอักเสบรุนแรงในลูกตาส่วนหน้าหรือหลังผ่าตัด และป้องกันการติดเชื้อแบคทีเรียในกลุ่มเสี่ยง | ED: ค | หมายเหตุ: ยาที่มีส่วนผสมของ polymyxin B อาจส่งผลให้เกิดการดื้อของเชื้อในทาง systemic จึงต้องใช้อย่างระมัดระวังเฉพาะกรณีที่มีความจำเป็นเท่านั้น",,,สำนักงานประสานการพัฒนาบัญชียาหลักแห่งชาติ — ปรับปรุงเมื่อวันที่ 23 พฤษภาคม 2555
Natamycin,,eye susp,,,หมวดยา: Eye | หมวดยา: Anti-infective eye preparations | หมวดยา: Antifungals | ED: ง,ใช้สำหรับการติดเชื้อราที่แผลกระจกตา,,สำนักงานประสานการพัฒนาบัญชียาหลักแห่งชาติ — ปรับปรุงเมื่อวันที่ 23 พฤษภาคม 2555
Aciclovir,,eye oint,,,หมวดยา: Eye | หมวดยา: Anti-infective eye preparations | หมวดยา: Antivirals | ชื่อพ้อง: Acyclovir | ED: ค,,,สำนักงานประสานการพัฒนาบัญชียาหลักแห่งชาติ — ปรับปรุงเมื่อวันที่ 23 พฤษภาคม 2555
Antazoline hydrochloride + Tetrahydrozoline hydrochloride,,eye drop,,,หมวดยา: Eye | หมวดยา: Corticosteroids and other anti-inflammatory preparations | ED: ก,,,สำนักงานประสานการพัฒนาบัญชียาหลักแห่งชาติ — ปรับปรุงเมื่อวันที่ 23 พฤษภาคม 2555
Fluorometholone,,eye susp (as base),,,หมวดยา: Eye | หมวดยา: Corticosteroids and other anti-inflammatory preparations | ED: ค | หมายเหตุ: การใช้ยานี้ต้องระวังการติดเชื้อราที่กระจกตา การเกิด steroid glaucoma และการใช้ยาติดต่อกันเป็นเวลานาน อาจทำให้เกิด steroid cataract,ใช้รักษาเยื่อบุตาอักเสบที่ไม่ได้เกิดจากการติดเชื้อ เช่น ภูมิแพ้ การระคายเคือง เป็นต้น,,สำนักงานประสานการพัฒนาบัญชียาหลักแห่งชาติ — ปรับปรุงเมื่อวันที่ 23 พฤษภาคม 2555
Prednisolone acetate,,eye susp,,,หมวดยา: Eye | หมวดยา: Corticosteroids and other anti-inflammatory preparations | ED: ค | หมายเหตุ: การใช้ยานี้ต้องระวังการติดเชื้อราที่กระจกตา การเกิด steroid glaucoma และการใช้ยาติดต่อกันเป็นเวลานาน อาจทำให้เกิด steroid cataract,"1. ใช้รักษาม่านตาอักเสบและ/หรือหลังผ่าตัดตา
2. ใช้รักษากระจกตาอักเสบหลังจากการติดเชื้อไวรัสที่ชั้น stroma หรือชั้นชั้นเยื่อบุโพรงตา (endothelium)",,สำนักงานประสานการพัฒนาบัญชียาหลักแห่งชาติ — ปรับปรุงเมื่อวันที่ 23 พฤษภาคม 2555
Sodium cromoglicate,,eye drop,,,หมวดยา: Eye | หมวดยา: Corticosteroids and other anti-inflammatory preparations | ชื่อพ้อง: Cromolyn sodium | ED: ค,,,สำนักงานประสานการพัฒนาบัญชียาหลักแห่งชาติ — ปรับปรุงเมื่อวันที่ 23 พฤษภาคม 2555
Atropine sulfate,,eye drop,,,หมวดยา: Eye | หมวดยา: Mydriatics and cycloplegics | ED: ค,,,สำนักงานประสานการพัฒนาบัญชียาหลักแห่งชาติ — ปรับปรุงเมื่อวันที่ 23 พฤษภาคม 2555
Cyclopentolate hydrochloride,,eye drop,,,หมวดยา: Eye | หมวดยา: Mydriatics and cycloplegics | ED: ค,,,สำนักงานประสานการพัฒนาบัญชียาหลักแห่งชาติ — ปรับปรุงเมื่อวันที่ 23 พฤษภาคม 2555
Phenylephrine hydrochloride,,eye drop,,,หมวดยา: Eye | หมวดยา: Mydriatics and cycloplegics | ED: ค,,,สำนักงานประสานการพัฒนาบัญชียาหลักแห่งชาติ — ปรับปรุงเมื่อวันที่ 23 พฤษภาคม 2555
Tropicamide,,eye drop,,,หมวดยา: Eye | หมวดยา: Mydriatics and cycloplegics | ED: ค,,,สำนักงานประสานการพัฒนาบัญชียาหลักแห่งชาติ — ปรับปรุงเมื่อวันที่ 23 พฤษภาคม 2555
Glycerol,,oral sol (hosp),,,หมวดยา: Eye | หมวดยา: Drugs for treatment of glaucoma | ED: ก,,,สำนักงานประสานการพัฒนาบัญชียาหลักแห่งชาติ — ปรับปรุงเมื่อวันที่ 23 พฤษภาคม 2555
Acetazolamide,,tab,,,หมวดยา: Eye | หมวดยา: Drugs for treatment of glaucoma | ED: ก,,,สำนักงานประสานการพัฒนาบัญชียาหลักแห่งชาติ — ปรับปรุงเมื่อวันที่ 23 พฤษภาคม 2555
Pilocarpine,,eye drop (as hydrochloride or nitrate),,,หมวดยา: Eye | หมวดยา: Drugs for treatment of glaucoma | ED: ก,,,สำนักงานประสานการพัฒนาบัญชียาหลักแห่งชาติ — ปรับปรุงเมื่อวันที่ 23 พฤษภาคม 2555
Timolol maleate,,eye drop,,,หมวดยา: Eye | หมวดยา: Drugs for treatment of glaucoma | ED: ก,,,สำนักงานประสานการพัฒนาบัญชียาหลักแห่งชาติ — ปรับปรุงเมื่อวันที่ 23 พฤษภาคม 2555
Betaxolol hydrochloride,,"eye susp, eye sol",,,หมวดยา: Eye | หมวดยา: Drugs for treatment of glaucoma | ED: ค,,,สำนักงานประสานการพัฒนาบัญชียาหลักแห่งชาติ — ปรับปรุงเมื่อวันที่ 23 พฤษภาคม 2555
Brimonidine tartrate,,eye drop,,,หมวดยา: Eye | หมวดยา: Drugs for treatment of glaucoma | ED: ค,"1. ใช้รักษาต้อหินในกรณีที่มีข้อห้ามใช้ topical beta-blockers
2. ใช้เป็นยาเสริม (adjunct therapy) เพื่อให้ได้ระดับความดันในลูกตาที่ปลอดภัย",,สำนักงานประสานการพัฒนาบัญชียาหลักแห่งชาติ — ปรับปรุงเมื่อวันที่ 23 พฤษภาคม 2555
Brinzolamide,,eye susp,,,หมวดยา: Eye | หมวดยา: Drugs for treatment of glaucoma | ED: ค,,,สำนักงานประสานการพัฒนาบัญชียาหลักแห่งชาติ — ปรับปรุงเมื่อวันที่ 23 พฤษภาคม 2555
Bimatoprost,,eye drop,,,หมวดยา: Eye | หมวดยา: Drugs for treatment of glaucoma | ED: ง | หมายเหตุ: ราคายา Bimatoprost ความแรง 0.03%w/v ที่ต่อรองได้ ขนาด 3 ml ขวดละไม่เกิน 139.00 บาท (ราคารวมภาษีมูลค่าเพิ่ม) กำหนดยืนราคา 730 วัน  นับจากวันถัดจากวันประกาศในราชกิจจานุเบกษา เงื่อนไขและรายละเอียดอื่นๆ ให้ดูตามแบบเสนอยาในเว็บไซต์ www.nlem.in.th,ใช้เฉพาะกรณีที่ใช้ยารักษาต้อหินชนิดอื่นแล้วความดันในลูกตายังไม่ลดลงอยู่ในขั้นที่ปลอดภัย,,สำนักงานประสานการพัฒนาบัญชียาหลักแห่งชาติ — ปรับปรุงเมื่อวันที่ 23 พฤษภาคม 2555
Tetracaine hydrochloride,,eye drop,,,หมวดยา: Eye | หมวดยา: Local anaesthetics | ED: ก,ห้ามให้ผู้ป่วยนำกลับบ้าน,,สำนักงานประสานการพัฒนาบัญชียาหลักแห่งชาติ — ปรับปรุงเมื่อวันที่ 23 พฤษภาคม 2555
Hypromellose  (with preservative),,eye drop,,,"หมวดยา: Eye | หมวดยา: Tear deficiency, ocular lubricants and astringents | ED: ก",,,สำนักงานประสานการพัฒนาบัญชียาหลักแห่งชาติ — ปรับปรุงเมื่อวันที่ 23 พฤษภาคม 2555
"Carbomer  (with preservative, with/without sorbitol)",,eye gel,,,"หมวดยา: Eye | หมวดยา: Tear deficiency, ocular lubricants and astringents | ED: ข",,,สำนักงานประสานการพัฒนาบัญชียาหลักแห่งชาติ — ปรับปรุงเมื่อวันที่ 23 พฤษภาคม 2555
White petrolatum + Mineral oil + Liquid lanolin anhydrous   (preservative free),,eye oint,,,"หมวดยา: Eye | หมวดยา: Tear deficiency, ocular lubricants and astringents | ED: ค",ใช้กับผู้ป่วยตาแห้งปานกลางถึงตาแห้งมาก ที่ใช้น้ำตาเทียมที่มี preservative ไม่ได้,,สำนักงานประสานการพัฒนาบัญชียาหลักแห่งชาติ — ปรับปรุงเมื่อวันที่ 23 พฤษภาคม 2555
Hypromellose + Dextran 70 (preservative free),,eye drop,,,"หมวดยา: Eye | หมวดยา: Tear deficiency, ocular lubricants and astringents | ED: ง",ใช้เฉพาะกับผู้ป่วยตาแห้งมาก ที่ใช้น้ำตาเทียมที่มี preservative ไม่ได้,,สำนักงานประสานการพัฒนาบัญชียาหลักแห่งชาติ — ปรับปรุงเมื่อวันที่ 23 พฤษภาคม 2555
Acetylcysteine,,eye drop,,,"หมวดยา: Eye | หมวดยา: Tear deficiency, ocular lubricants and astringents | ชื่อพ้อง: N-acetylcysteine | ED: ง",ใช้สำหรับละลาย mucus ของน้ำตาในผู้ป่วยโรคกระจกตาที่มี mucus ผิดปกติ,,สำนักงานประสานการพัฒนาบัญชียาหลักแห่งชาติ — ปรับปรุงเมื่อวันที่ 23 พฤษภาคม 2555
Dried protein-free dialysate of calf blood,,eye gel,,,"หมวดยา: Eye | หมวดยา: Tear deficiency, ocular lubricants and astringents | ED: ง",ใช้เพิ่มการสมานของแผลที่กระจกตา,,สำนักงานประสานการพัฒนาบัญชียาหลักแห่งชาติ — ปรับปรุงเมื่อวันที่ 23 พฤษภาคม 2555
Balance salt,,"sol for ocular irrigation , sol for intraocular irrigation",,,หมวดยา: Eye | หมวดยา: Ocular diagnostic and peri-operative preparations and photodynamic treatment | ED: ค,,,สำนักงานประสานการพัฒนาบัญชียาหลักแห่งชาติ — ปรับปรุงเมื่อวันที่ 23 พฤษภาคม 2555
Carbachol,,sterile sol for intraocular  use,,,หมวดยา: Eye | หมวดยา: Ocular diagnostic and peri-operative preparations and photodynamic treatment | ED: ค,ใช้หดม่านตาระหว่างการผ่าตัด,,สำนักงานประสานการพัฒนาบัญชียาหลักแห่งชาติ — ปรับปรุงเมื่อวันที่ 23 พฤษภาคม 2555
Diclofenac sodium with preservative,,eye drop,,,หมวดยา: Eye | หมวดยา: Ocular diagnostic and peri-operative preparations and photodynamic treatment | ED: ค,,,สำนักงานประสานการพัฒนาบัญชียาหลักแห่งชาติ — ปรับปรุงเมื่อวันที่ 23 พฤษภาคม 2555
Fluorescein sodium,,sterile sol for inj,,,หมวดยา: Eye | หมวดยา: Ocular diagnostic and peri-operative preparations and photodynamic treatment | ED: ค,,,สำนักงานประสานการพัฒนาบัญชียาหลักแห่งชาติ — ปรับปรุงเมื่อวันที่ 23 พฤษภาคม 2555
Sodium chondroitin sulfate + Sodium hyaluronate,,sterile sol for intraocular use,,,หมวดยา: Eye | หมวดยา: Ocular diagnostic and peri-operative preparations and photodynamic treatment | ED: ค,,,สำนักงานประสานการพัฒนาบัญชียาหลักแห่งชาติ — ปรับปรุงเมื่อวันที่ 23 พฤษภาคม 2555
Sodium hyaluronate,,sterile sol for intraocular use,,,หมวดยา: Eye | หมวดยา: Ocular diagnostic and peri-operative preparations and photodynamic treatment | ED: ค,,,สำนักงานประสานการพัฒนาบัญชียาหลักแห่งชาติ — ปรับปรุงเมื่อวันที่ 23 พฤษภาคม 2555
Bevacizumab,,sterile sol,,,หมวดยา: Eye | หมวดยา: Ocular diagnostic and peri-operative preparations and photodynamic treatment | ED: จ(2),"1. ใช้สำหรับ age-related macular degeneration (AMD) โดยมีแนวทางกำกับการใช้ยาเป็นไปตามรายละเอียดในภาคผนวก 3 
2. ใช้สำหรับ diabetic macular edema (DME) โดยมีแนวทางกำกับการใช้ยาเป็นไปตามรายละเอียดในภาคผนวก 3",,สำนักงานประสานการพัฒนาบัญชียาหลักแห่งชาติ — ปรับปรุงเมื่อวันที่ 23 พฤษภาคม 2555
Chloramphenicol,,ear drop,,,"หมวดยา: Ear, nose, oropharynx  and oral cavity | หมวดยา: Drugs acting on the ear | หมวดยา: Otitis externa and otitis media | ED: ก",,,สำนักงานประสานการพัฒนาบัญชียาหลักแห่งชาติ — ปรับปรุงเมื่อวันที่ 23 พฤษภาคม 2555
Dexamethasone + Framycetin sulfate + Gramicidin,,ear drop/ear oint (เฉพาะ 0.5 mg+5 mg+0.05 mg in 1 ml or 1 g),,,"หมวดยา: Ear, nose, oropharynx  and oral cavity | หมวดยา: Drugs acting on the ear | หมวดยา: Otitis externa and otitis media | ED: ค",,,สำนักงานประสานการพัฒนาบัญชียาหลักแห่งชาติ — ปรับปรุงเมื่อวันที่ 23 พฤษภาคม 2555
Hydrocortisone + Neomycin sulfate + Polymyxin B sulfate,,ear drop (เฉพาะ 10 mg + 3400 U + 10000 U in 1 ml),,,"หมวดยา: Ear, nose, oropharynx  and oral cavity | หมวดยา: Drugs acting on the ear | หมวดยา: Otitis externa and otitis media | ED: ค",,,สำนักงานประสานการพัฒนาบัญชียาหลักแห่งชาติ — ปรับปรุงเมื่อวันที่ 23 พฤษภาคม 2555
Acetic acid,,ear drop (hosp) (เฉพาะ 2% in aqueous และ 2% in 70% isopropyl alcohol),,,"หมวดยา: Ear, nose, oropharynx  and oral cavity | หมวดยา: Drugs acting on the ear | หมวดยา: Drugs used in otomycosis | ED: ก",,ห้ามใช้ในผู้ป่วยที่แก้วหูทะลุ,สำนักงานประสานการพัฒนาบัญชียาหลักแห่งชาติ — ปรับปรุงเมื่อวันที่ 23 พฤษภาคม 2555
Boric acid,,ear drop (hosp) (เฉพาะ 3% in isopropyl alcohol),,,"หมวดยา: Ear, nose, oropharynx  and oral cavity | หมวดยา: Drugs acting on the ear | หมวดยา: Drugs used in otomycosis | ED: ก",,ห้ามใช้ในผู้ป่วยที่แก้วหูทะลุ,สำนักงานประสานการพัฒนาบัญชียาหลักแห่งชาติ — ปรับปรุงเมื่อวันที่ 23 พฤษภาคม 2555
Gentian violet,,sol (hosp),,,"หมวดยา: Ear, nose, oropharynx  and oral cavity | หมวดยา: Drugs acting on the ear | หมวดยา: Drugs used in otomycosis | ED: ก",,ห้ามใช้ในผู้ป่วยที่แก้วหูทะลุ,สำนักงานประสานการพัฒนาบัญชียาหลักแห่งชาติ — ปรับปรุงเมื่อวันที่ 23 พฤษภาคม 2555
Clotrimazole,,ear drop,,,"หมวดยา: Ear, nose, oropharynx  and oral cavity | หมวดยา: Drugs acting on the ear | หมวดยา: Drugs used in otomycosis | ED: ข",,,สำนักงานประสานการพัฒนาบัญชียาหลักแห่งชาติ — ปรับปรุงเมื่อวันที่ 23 พฤษภาคม 2555
Ofloxacin,,ear drop,,,"หมวดยา: Ear, nose, oropharynx  and oral cavity | หมวดยา: Drugs acting on the ear | หมวดยา: Other drugs acting on the ear | ED: ค | หมายเหตุ: ควรมี guideline ที่ชัดเจนกำกับการใช้ยานี้ เพราะการใช้ยาอาจส่งผลให้เกิดปัญหาเชื้อดื้อยากลุ่ม quinolones",ใช้สำหรับหูน้ำหนวกเรื้อรังที่แก้วหูทะลุ ที่ใช้ Chloramphenicol ไม่ได้ผล,,สำนักงานประสานการพัฒนาบัญชียาหลักแห่งชาติ — ปรับปรุงเมื่อวันที่ 23 พฤษภาคม 2555
Sodium bicarbonate,,ear drop (hosp),,,"หมวดยา: Ear, nose, oropharynx  and oral cavity | หมวดยา: Drugs acting on the ear | หมวดยา: Other drugs acting on the ear | ED: ก",,,สำนักงานประสานการพัฒนาบัญชียาหลักแห่งชาติ — ปรับปรุงเมื่อวันที่ 23 พฤษภาคม 2555
Budesonide,,nasal spray,,,"หมวดยา: Ear, nose, oropharynx  and oral cavity | หมวดยา: Drugs acting on the nose | หมวดยา: Drugs used in nasal allergy | ED: ข",ใช้กับผู้ป่วยอายุ 6 ปีขึ้นไป,,สำนักงานประสานการพัฒนาบัญชียาหลักแห่งชาติ — ปรับปรุงเมื่อวันที่ 23 พฤษภาคม 2555
Fluticasone furoate,,nasal spray,,,"หมวดยา: Ear, nose, oropharynx  and oral cavity | หมวดยา: Drugs acting on the nose | หมวดยา: Drugs used in nasal allergy | ED: ง | หมายเหตุ: ราคายา Fluticasone furoate ความแรง 27.5 mcg/dose  ที่ต่อรองได้ ขนาด 120 dose ขวดละไม่เกิน 240.75 บาท (ราคารวมภาษีมูลค่าเพิ่ม) กำหนดยืนราคา 730 วัน  นับจากวันถัดจากวันประกาศในราชกิจจานุเบกษา เงื่อนไขและรายละเอียดอื่นๆ ให้ดูตามแบบเสนอยาในเว็บไซต์ www.nlem.in.th",ใช้กับผู้ป่วยอายุ 2 ปีขึ้นไปในข้อบ่งใช้ 1.  โพรงจมูกอักเสบจากภูมิแพ้ที่เกิดตามฤดูกาลและตลอดปี 2.  เยื่อบุตาอักเสบจากภูมิแพ้,,สำนักงานประสานการพัฒนาบัญชียาหลักแห่งชาติ — ปรับปรุงเมื่อวันที่ 23 พฤษภาคม 2555
Ephedrine hydrochloride,วัตถุที่ออกฤทธิ์ต่อจิตและประสาทประเภท 2,nasal drop (hosp) (เฉพาะ 0.5-3%),,,"หมวดยา: Ear, nose, oropharynx  and oral cavity | หมวดยา: Drugs acting on the nose | หมวดยา: Topical nasal decongestants | ED: ก",,,สำนักงานประสานการพัฒนาบัญชียาหลักแห่งชาติ — ปรับปรุงเมื่อวันที่ 23 พฤษภาคม 2555
Sodium chloride,,sterile sol (for irrigation) (เฉพาะ 0.9%),,,"หมวดยา: Ear, nose, oropharynx  and oral cavity | หมวดยา: Drugs acting on the nose | หมวดยา: Topical nasal decongestants | ED: ก",,,สำนักงานประสานการพัฒนาบัญชียาหลักแห่งชาติ — ปรับปรุงเมื่อวันที่ 23 พฤษภาคม 2555
Oxymetazoline hydrochloride,,"nasal drop, nasal spray",,,"หมวดยา: Ear, nose, oropharynx  and oral cavity | หมวดยา: Drugs acting on the nose | หมวดยา: Topical nasal decongestants | ED: ข",,,สำนักงานประสานการพัฒนาบัญชียาหลักแห่งชาติ — ปรับปรุงเมื่อวันที่ 23 พฤษภาคม 2555
Borax (in glycerin),,"sol, sol (hosp)",,,"หมวดยา: Ear, nose, oropharynx  and oral cavity | หมวดยา: Drugs acting on the oropharynx and oral cavity | หมวดยา: Drugs used in treatment of oral ulcer | ED: ก",,,สำนักงานประสานการพัฒนาบัญชียาหลักแห่งชาติ — ปรับปรุงเมื่อวันที่ 23 พฤษภาคม 2555
Chlorhexidine gluconate,,mouthwash sol / mouthwash sol (hosp) (เฉพาะ 0.1-0.2% w/v),,,"หมวดยา: Ear, nose, oropharynx  and oral cavity | หมวดยา: Drugs acting on the oropharynx and oral cavity | หมวดยา: Drugs used in treatment of oral ulcer | ED: ก",,,สำนักงานประสานการพัฒนาบัญชียาหลักแห่งชาติ — ปรับปรุงเมื่อวันที่ 23 พฤษภาคม 2555
Fluocinolone acetonide,,"oral cream (hosp), oral gel  (hosp), sol (hosp)",,,"หมวดยา: Ear, nose, oropharynx  and oral cavity | หมวดยา: Drugs acting on the oropharynx and oral cavity | หมวดยา: Drugs used in treatment of oral ulcer | ED: ก",,,สำนักงานประสานการพัฒนาบัญชียาหลักแห่งชาติ — ปรับปรุงเมื่อวันที่ 23 พฤษภาคม 2555
Talbot's solution,,sol (hosp),,,"หมวดยา: Ear, nose, oropharynx  and oral cavity | หมวดยา: Drugs acting on the oropharynx and oral cavity | หมวดยา: Drugs used in treatment of oral ulcer | ED: ก",,,สำนักงานประสานการพัฒนาบัญชียาหลักแห่งชาติ — ปรับปรุงเมื่อวันที่ 23 พฤษภาคม 2555
"Iodine Paint, compound",,sol (hosp),,,"หมวดยา: Ear, nose, oropharynx  and oral cavity | หมวดยา: Drugs acting on the oropharynx and oral cavity | หมวดยา: Drugs used in treatment of oral ulcer | ED: ก",,,สำนักงานประสานการพัฒนาบัญชียาหลักแห่งชาติ — ปรับปรุงเมื่อวันที่ 23 พฤษภาคม 2555
Iodoform (in ether),,sol (hosp),,,"หมวดยา: Ear, nose, oropharynx  and oral cavity | หมวดยา: Drugs acting on the oropharynx and oral cavity | หมวดยา: Drugs used in treatment of oral ulcer | ED: ข",,,สำนักงานประสานการพัฒนาบัญชียาหลักแห่งชาติ — ปรับปรุงเมื่อวันที่ 23 พฤษภาคม 2555
Clotrimazole,,lozenge,,,"หมวดยา: Ear, nose, oropharynx  and oral cavity | หมวดยา: Drugs acting on the oropharynx and oral cavity | หมวดยา: Oropharyngeal antifungal drugs | ED: ก",,,สำนักงานประสานการพัฒนาบัญชียาหลักแห่งชาติ — ปรับปรุงเมื่อวันที่ 23 พฤษภาคม 2555
Miconazole nitrate,,oral gel,,,"หมวดยา: Ear, nose, oropharynx  and oral cavity | หมวดยา: Drugs acting on the oropharynx and oral cavity | หมวดยา: Oropharyngeal antifungal drugs | ED: ก",,,สำนักงานประสานการพัฒนาบัญชียาหลักแห่งชาติ — ปรับปรุงเมื่อวันที่ 23 พฤษภาคม 2555
Nystatin,,oral susp,,,"หมวดยา: Ear, nose, oropharynx  and oral cavity | หมวดยา: Drugs acting on the oropharynx and oral cavity | หมวดยา: Oropharyngeal antifungal drugs | ED: ก",,,สำนักงานประสานการพัฒนาบัญชียาหลักแห่งชาติ — ปรับปรุงเมื่อวันที่ 23 พฤษภาคม 2555
Camphorated parachlorophenol,,sol (hosp),,,"หมวดยา: Ear, nose, oropharynx  and oral cavity | หมวดยา: Drugs acting on the oropharynx and oral cavity | หมวดยา: Antiseptics for root canal treatment | ED: ก",,,สำนักงานประสานการพัฒนาบัญชียาหลักแห่งชาติ — ปรับปรุงเมื่อวันที่ 23 พฤษภาคม 2555
Camphorated phenol,,sol (hosp),,,"หมวดยา: Ear, nose, oropharynx  and oral cavity | หมวดยา: Drugs acting on the oropharynx and oral cavity | หมวดยา: Antiseptics for root canal treatment | ED: ก",,,สำนักงานประสานการพัฒนาบัญชียาหลักแห่งชาติ — ปรับปรุงเมื่อวันที่ 23 พฤษภาคม 2555
Chlorhexidine gluconate,,sol (hosp) (เฉพาะ 2% ),,,"หมวดยา: Ear, nose, oropharynx  and oral cavity | หมวดยา: Drugs acting on the oropharynx and oral cavity | หมวดยา: Antiseptics for root canal treatment | ED: ก",,,สำนักงานประสานการพัฒนาบัญชียาหลักแห่งชาติ — ปรับปรุงเมื่อวันที่ 23 พฤษภาคม 2555
Clove oil,,oil,,,"หมวดยา: Ear, nose, oropharynx  and oral cavity | หมวดยา: Drugs acting on the oropharynx and oral cavity | หมวดยา: Antiseptics for root canal treatment | ED: ก",,,สำนักงานประสานการพัฒนาบัญชียาหลักแห่งชาติ — ปรับปรุงเมื่อวันที่ 23 พฤษภาคม 2555
EDTA,,sol (hosp) (เฉพาะ 14% หรือ 17% ),,,"หมวดยา: Ear, nose, oropharynx  and oral cavity | หมวดยา: Drugs acting on the oropharynx and oral cavity | หมวดยา: Antiseptics for root canal treatment | ED: ก",,,สำนักงานประสานการพัฒนาบัญชียาหลักแห่งชาติ — ปรับปรุงเมื่อวันที่ 23 พฤษภาคม 2555
Formocresol,,sol (hosp),,,"หมวดยา: Ear, nose, oropharynx  and oral cavity | หมวดยา: Drugs acting on the oropharynx and oral cavity | หมวดยา: Antiseptics for root canal treatment | ชื่อพ้อง: Cresolated formaldehyde, Formaldehyde and Cresol solution | ED: ก",,,สำนักงานประสานการพัฒนาบัญชียาหลักแห่งชาติ — ปรับปรุงเมื่อวันที่ 23 พฤษภาคม 2555
Sodium hypochlorite,,sol (hosp),,,"หมวดยา: Ear, nose, oropharynx  and oral cavity | หมวดยา: Drugs acting on the oropharynx and oral cavity | หมวดยา: Antiseptics for root canal treatment | ED: ก",,,สำนักงานประสานการพัฒนาบัญชียาหลักแห่งชาติ — ปรับปรุงเมื่อวันที่ 23 พฤษภาคม 2555
Chlorhexidine  gluconate,,mouthwash sol / mouthwash sol (hosp) (เฉพาะ 0.1-0.2%w/v),,,"หมวดยา: Ear, nose, oropharynx  and oral cavity | หมวดยา: Drugs acting on the oropharynx and oral cavity | หมวดยา: Drugs used in prevention and treatment of dental plaque and caries | ED: ก",,,สำนักงานประสานการพัฒนาบัญชียาหลักแห่งชาติ — ปรับปรุงเมื่อวันที่ 23 พฤษภาคม 2555
Sodium fluoride,,"tab, oral sol",,,"หมวดยา: Ear, nose, oropharynx  and oral cavity | หมวดยา: Drugs acting on the oropharynx and oral cavity | หมวดยา: Drugs used in prevention and treatment of dental plaque and caries | ED: ก | หมายเหตุ: ระวังการใช้ในพื้นที่ที่มีฟลูออไรด์สูง เพราะอาจทำให้เกิด fluorosis",,,สำนักงานประสานการพัฒนาบัญชียาหลักแห่งชาติ — ปรับปรุงเมื่อวันที่ 23 พฤษภาคม 2555
Epinephrine,,sterile sol,,,"หมวดยา: Ear, nose, oropharynx  and oral cavity | หมวดยา: Drugs acting on the oropharynx and oral cavity | หมวดยา: Other dental preparations | ชื่อพ้อง: Adrenaline | ED: ก",,,สำนักงานประสานการพัฒนาบัญชียาหลักแห่งชาติ — ปรับปรุงเมื่อวันที่ 23 พฤษภาคม 2555
Artificial saliva,,sol (hosp),,,"หมวดยา: Ear, nose, oropharynx  and oral cavity | หมวดยา: Drugs acting on the oropharynx and oral cavity | หมวดยา: Other dental preparations | ชื่อพ้อง: Saliva substitutes | ED: ก",,,สำนักงานประสานการพัฒนาบัญชียาหลักแห่งชาติ — ปรับปรุงเมื่อวันที่ 23 พฤษภาคม 2555
Hydrogen peroxide,,mouthwash sol (1.5% w/v ),,,"หมวดยา: Ear, nose, oropharynx  and oral cavity | หมวดยา: Drugs acting on the oropharynx and oral cavity | หมวดยา: Other dental preparations | ED: ก",,,สำนักงานประสานการพัฒนาบัญชียาหลักแห่งชาติ — ปรับปรุงเมื่อวันที่ 23 พฤษภาคม 2555
Sodium chloride,,sterile sol,,,"หมวดยา: Ear, nose, oropharynx  and oral cavity | หมวดยา: Drugs acting on the oropharynx and oral cavity | หมวดยา: Other dental preparations | ED: ก",,,สำนักงานประสานการพัฒนาบัญชียาหลักแห่งชาติ — ปรับปรุงเมื่อวันที่ 23 พฤษภาคม 2555
Special mouthwash,,mouthwash sol (hosp),ที่มีตัวยาสำคัญคือ chloroxylenol,,"หมวดยา: Ear, nose, oropharynx  and oral cavity | หมวดยา: Drugs acting on the oropharynx and oral cavity | หมวดยา: Other dental preparations | ED: ก",,,สำนักงานประสานการพัฒนาบัญชียาหลักแห่งชาติ — ปรับปรุงเมื่อวันที่ 23 พฤษภาคม 2555
Tincture of iodine,,"sol, sol (hosp)",,,"หมวดยา: Ear, nose, oropharynx  and oral cavity | หมวดยา: Drugs acting on the oropharynx and oral cavity | หมวดยา: Other dental preparations | ชื่อพ้อง: lodine in alcohol | ED: ก",,,สำนักงานประสานการพัฒนาบัญชียาหลักแห่งชาติ — ปรับปรุงเมื่อวันที่ 23 พฤษภาคม 2555
Zinc oxide,,pwdr (hosp),,,"หมวดยา: Ear, nose, oropharynx  and oral cavity | หมวดยา: Drugs acting on the oropharynx and oral cavity | หมวดยา: Other dental preparations | ED: ก | หมายเหตุ: ใช้อุดคลองรากฟันที่ใช้บดเคี้ยวหรือใช้สำหรับอุดฟันชั่วคราวที่ต้องการให้ remove ออกได้ง่าย",,,สำนักงานประสานการพัฒนาบัญชียาหลักแห่งชาติ — ปรับปรุงเมื่อวันที่ 23 พฤษภาคม 2555
Zinc oxide with zinc acetate,,pwdr (hosp),,,"หมวดยา: Ear, nose, oropharynx  and oral cavity | หมวดยา: Drugs acting on the oropharynx and oral cavity | หมวดยา: Other dental preparations | ED: ก | หมายเหตุ: ใช้สำหรับอุดคลองรากฟันและอุดชั่วคราวที่ต้องการความแข็งแรงมาก",,,สำนักงานประสานการพัฒนาบัญชียาหลักแห่งชาติ — ปรับปรุงเมื่อวันที่ 23 พฤษภาคม 2555
Carnoy's solution,,sol (hosp),,,"หมวดยา: Ear, nose, oropharynx  and oral cavity | หมวดยา: Drugs acting on the oropharynx and oral cavity | หมวดยา: Other dental preparations | ED: ค",,,สำนักงานประสานการพัฒนาบัญชียาหลักแห่งชาติ — ปรับปรุงเมื่อวันที่ 23 พฤษภาคม 2555
White head varnish,,varnish (hosp),,,"หมวดยา: Ear, nose, oropharynx  and oral cavity | หมวดยา: Drugs acting on the oropharynx and oral cavity | หมวดยา: Other dental preparations | ED: ค",,,สำนักงานประสานการพัฒนาบัญชียาหลักแห่งชาติ — ปรับปรุงเมื่อวันที่ 23 พฤษภาคม 2555
Sulfadiazine silver,,cream,,,หมวดยา: Skin | หมวดยา: Anti-infective skin preparations | หมวดยา: Antibacterial preparations | ชื่อพ้อง: Silver sulfadiazine | ED: ก,,,สำนักงานประสานการพัฒนาบัญชียาหลักแห่งชาติ — ปรับปรุงเมื่อวันที่ 23 พฤษภาคม 2555
Fusidic acid,,cream,,,หมวดยา: Skin | หมวดยา: Anti-infective skin preparations | หมวดยา: Antibacterial preparations | ED: ข,,,สำนักงานประสานการพัฒนาบัญชียาหลักแห่งชาติ — ปรับปรุงเมื่อวันที่ 23 พฤษภาคม 2555
Sodium fusidate,,oint,,,หมวดยา: Skin | หมวดยา: Anti-infective skin preparations | หมวดยา: Antibacterial preparations | ED: ข,,,สำนักงานประสานการพัฒนาบัญชียาหลักแห่งชาติ — ปรับปรุงเมื่อวันที่ 23 พฤษภาคม 2555
Mupirocin,,oint,,,หมวดยา: Skin | หมวดยา: Anti-infective skin preparations | หมวดยา: Antibacterial preparations | ED: ข,จำกัดการใช้เฉพาะ Methicillin-resistant S.aureus (MRSA),,สำนักงานประสานการพัฒนาบัญชียาหลักแห่งชาติ — ปรับปรุงเมื่อวันที่ 23 พฤษภาคม 2555
Benzoic acid + Salicylic acid,,"oint, oint (hosp)",,,หมวดยา: Skin | หมวดยา: Anti-infective skin preparations | หมวดยา: Antifungal preparations | ชื่อพ้อง: Whitfield’s ointment | ED: ก,,,สำนักงานประสานการพัฒนาบัญชียาหลักแห่งชาติ — ปรับปรุงเมื่อวันที่ 23 พฤษภาคม 2555
Sodium thiosulfate,,"sol, sol (hosp)",,,หมวดยา: Skin | หมวดยา: Anti-infective skin preparations | หมวดยา: Antifungal preparations | ED: ก,,,สำนักงานประสานการพัฒนาบัญชียาหลักแห่งชาติ — ปรับปรุงเมื่อวันที่ 23 พฤษภาคม 2555
Clotrimazole,,cream,,,หมวดยา: Skin | หมวดยา: Anti-infective skin preparations | หมวดยา: Antifungal preparations | ED: ก,,,สำนักงานประสานการพัฒนาบัญชียาหลักแห่งชาติ — ปรับปรุงเมื่อวันที่ 23 พฤษภาคม 2555
Ketoconazole,,cream,,,หมวดยา: Skin | หมวดยา: Anti-infective skin preparations | หมวดยา: Antifungal preparations | ED: ก,,,สำนักงานประสานการพัฒนาบัญชียาหลักแห่งชาติ — ปรับปรุงเมื่อวันที่ 23 พฤษภาคม 2555
Benzyl benzoate,,emulsion/lotion (เฉพาะ 25%),,,หมวดยา: Skin | หมวดยา: Anti-infective skin preparations | หมวดยา: Parasiticidal preparations | ED: ก,,,สำนักงานประสานการพัฒนาบัญชียาหลักแห่งชาติ — ปรับปรุงเมื่อวันที่ 23 พฤษภาคม 2555
Sulfur,,oint,,,หมวดยา: Skin | หมวดยา: Anti-infective skin preparations | หมวดยา: Parasiticidal preparations | ชื่อพ้อง: Sulphur | ED: ก,,,สำนักงานประสานการพัฒนาบัญชียาหลักแห่งชาติ — ปรับปรุงเมื่อวันที่ 23 พฤษภาคม 2555
Permethrin,ยากำพร้า,cream (เฉพาะ 5%),,,หมวดยา: Skin | หมวดยา: Anti-infective skin preparations | หมวดยา: Parasiticidal preparations | ED: ก | หมายเหตุ: เป็นยากำพร้าอยู่ระหว่างการแก้ไขปัญหาการขาดแคลนยา,ใช้ในหิด และโลน,,สำนักงานประสานการพัฒนาบัญชียาหลักแห่งชาติ — ปรับปรุงเมื่อวันที่ 23 พฤษภาคม 2555
Aluminium acetate,,sol (hosp),,,หมวดยา: Skin | หมวดยา: Emollient and barrier preparations | ชื่อพ้อง: Aluminium subacetate | ED: ก,,,สำนักงานประสานการพัฒนาบัญชียาหลักแห่งชาติ — ปรับปรุงเมื่อวันที่ 23 พฤษภาคม 2555
Mineral oil,,oil (hosp),,,หมวดยา: Skin | หมวดยา: Emollient and barrier preparations | ED: ก,,,สำนักงานประสานการพัฒนาบัญชียาหลักแห่งชาติ — ปรับปรุงเมื่อวันที่ 23 พฤษภาคม 2555
Olive oil,,oil,,,หมวดยา: Skin | หมวดยา: Emollient and barrier preparations | ED: ก,,,สำนักงานประสานการพัฒนาบัญชียาหลักแห่งชาติ — ปรับปรุงเมื่อวันที่ 23 พฤษภาคม 2555
Urea,,"cream (hosp), oint (hosp)",,,หมวดยา: Skin | หมวดยา: Emollient and barrier preparations | ED: ก,,,สำนักงานประสานการพัฒนาบัญชียาหลักแห่งชาติ — ปรับปรุงเมื่อวันที่ 23 พฤษภาคม 2555
White petrolatum,,oint (hosp),,,หมวดยา: Skin | หมวดยา: Emollient and barrier preparations | ED: ก,,,สำนักงานประสานการพัฒนาบัญชียาหลักแห่งชาติ — ปรับปรุงเมื่อวันที่ 23 พฤษภาคม 2555
Zinc oxide,,"oint (hosp), paste (hosp)",,,หมวดยา: Skin | หมวดยา: Emollient and barrier preparations | ED: ก,,,สำนักงานประสานการพัฒนาบัญชียาหลักแห่งชาติ — ปรับปรุงเมื่อวันที่ 23 พฤษภาคม 2555
Zinc sulfate,,lotion (hosp),,,หมวดยา: Skin | หมวดยา: Emollient and barrier preparations | ED: ก,,,สำนักงานประสานการพัฒนาบัญชียาหลักแห่งชาติ — ปรับปรุงเมื่อวันที่ 23 พฤษภาคม 2555
Calamine,,"lotion, lotion (hosp)",,,หมวดยา: Skin | หมวดยา: Topical antipruritics | ED: ก | หมายเหตุ: หากในสูตรตำรับยามี phenol เป็นส่วนประกอบ ต้องมีความเข้มข้นของ phenol ไม่เกิน 0.5 - 1%,,,สำนักงานประสานการพัฒนาบัญชียาหลักแห่งชาติ — ปรับปรุงเมื่อวันที่ 23 พฤษภาคม 2555
Menthol + Phenol + Camphor,,ทุก topical dosage form (hosp),,,หมวดยา: Skin | หมวดยา: Topical antipruritics | ED: ก,,,สำนักงานประสานการพัฒนาบัญชียาหลักแห่งชาติ — ปรับปรุงเมื่อวันที่ 23 พฤษภาคม 2555
Hydrocortisone acetate,,cream,,,หมวดยา: Skin | หมวดยา: Topical corticosteroids | ED: ก,,,สำนักงานประสานการพัฒนาบัญชียาหลักแห่งชาติ — ปรับปรุงเมื่อวันที่ 23 พฤษภาคม 2555
Prednisolone,,cream,,,หมวดยา: Skin | หมวดยา: Topical corticosteroids | ED: ก,,,สำนักงานประสานการพัฒนาบัญชียาหลักแห่งชาติ — ปรับปรุงเมื่อวันที่ 23 พฤษภาคม 2555
Betamethasone dipropionate,,"cream, oint",,,หมวดยา: Skin | หมวดยา: Topical corticosteroids | ED: ก,,,สำนักงานประสานการพัฒนาบัญชียาหลักแห่งชาติ — ปรับปรุงเมื่อวันที่ 23 พฤษภาคม 2555
Betamethasone valerate,,cream,,,หมวดยา: Skin | หมวดยา: Topical corticosteroids | ED: ก,,,สำนักงานประสานการพัฒนาบัญชียาหลักแห่งชาติ — ปรับปรุงเมื่อวันที่ 23 พฤษภาคม 2555
Triamcinolone acetonide,,"cream, lotion",,,หมวดยา: Skin | หมวดยา: Topical corticosteroids | ED: ก,,,สำนักงานประสานการพัฒนาบัญชียาหลักแห่งชาติ — ปรับปรุงเมื่อวันที่ 23 พฤษภาคม 2555
Clobetasol propionate,,cream,,,หมวดยา: Skin | หมวดยา: Topical corticosteroids | ED: ก,,,สำนักงานประสานการพัฒนาบัญชียาหลักแห่งชาติ — ปรับปรุงเมื่อวันที่ 23 พฤษภาคม 2555
Betamethasone valerate,,"lotion, sol",,,หมวดยา: Skin | หมวดยา: Topical corticosteroids | ED: ข,,,สำนักงานประสานการพัฒนาบัญชียาหลักแห่งชาติ — ปรับปรุงเมื่อวันที่ 23 พฤษภาคม 2555
Desoximetasone,,cream,,,หมวดยา: Skin | หมวดยา: Topical corticosteroids | ชื่อพ้อง: Desoxymethasone | ED: ข,,,สำนักงานประสานการพัฒนาบัญชียาหลักแห่งชาติ — ปรับปรุงเมื่อวันที่ 23 พฤษภาคม 2555
Betamethasone dipropionate + Salicylic acid,,oint (เฉพาะ 0.05% + 3%),,,หมวดยา: Skin | หมวดยา: Topical corticosteroids | ED: ค,1. ใช้สำหรับ chronic eczema  2. ใช้สำหรับโรคสะเก็ดเงิน (psoriasis),,สำนักงานประสานการพัฒนาบัญชียาหลักแห่งชาติ — ปรับปรุงเมื่อวันที่ 23 พฤษภาคม 2555
Clobetasol propionate,,oint,,,หมวดยา: Skin | หมวดยา: Topical corticosteroids | ED: ค,ใช้สำหรับโรคผิวหนังเรื้อรังที่ไม่ตอบสนองต่อยาอื่น เช่น โรคสะเก็ดเงินที่เล็บซึ่งเป็นบริเวณที่หนาและต้องใช้ยาที่เพิ่มการดูดซึมเพื่อให้เกิดประสิทธิผลในการรักษา,,สำนักงานประสานการพัฒนาบัญชียาหลักแห่งชาติ — ปรับปรุงเมื่อวันที่ 23 พฤษภาคม 2555
Clobetasol propionate,,lotion,,,หมวดยา: Skin | หมวดยา: Topical corticosteroids | ED: ง,ใช้สำหรับโรคผิวหนังเรื้อรังที่ไม่ตอบสนองต่อยาอื่น,,สำนักงานประสานการพัฒนาบัญชียาหลักแห่งชาติ — ปรับปรุงเมื่อวันที่ 23 พฤษภาคม 2555
Mometasone furoate,,cream,,,หมวดยา: Skin | หมวดยา: Topical corticosteroids | ED: ง,ใช้กรณีต้องใช้ยาเป็นเวลานาน,,สำนักงานประสานการพัฒนาบัญชียาหลักแห่งชาติ — ปรับปรุงเมื่อวันที่ 23 พฤษภาคม 2555
Coal tar,,ทุก topical dosage form (hosp),,,หมวดยา: Skin | หมวดยา: Other preparations for psoriasis (excluding topical corticosteroids) | ED: ก,,,สำนักงานประสานการพัฒนาบัญชียาหลักแห่งชาติ — ปรับปรุงเมื่อวันที่ 23 พฤษภาคม 2555
Salicylic acid,,"lotion (hosp) , oint (hosp) , paste (hosp)",,,หมวดยา: Skin | หมวดยา: Other preparations for psoriasis (excluding topical corticosteroids) | ED: ก,,,สำนักงานประสานการพัฒนาบัญชียาหลักแห่งชาติ — ปรับปรุงเมื่อวันที่ 23 พฤษภาคม 2555
Dithranol,,paste (hosp),,,หมวดยา: Skin | หมวดยา: Other preparations for psoriasis (excluding topical corticosteroids) | ชื่อพ้อง: Anthralin | ED: ก,,,สำนักงานประสานการพัฒนาบัญชียาหลักแห่งชาติ — ปรับปรุงเมื่อวันที่ 23 พฤษภาคม 2555
Methotrexate,,tab (as base or sodium),,,หมวดยา: Skin | หมวดยา: Other preparations for psoriasis (excluding topical corticosteroids) | ED: ข,ใช้สำหรับสะเก็ดเงินชนิดปานกลางถึงรุนแรงที่ดื้อต่อยาอื่น,,สำนักงานประสานการพัฒนาบัญชียาหลักแห่งชาติ — ปรับปรุงเมื่อวันที่ 23 พฤษภาคม 2555
Methoxsalen,,"tab, topical sol (paint)",,,หมวดยา: Skin | หมวดยา: Other preparations for psoriasis (excluding topical corticosteroids) | ED: ค,,,สำนักงานประสานการพัฒนาบัญชียาหลักแห่งชาติ — ปรับปรุงเมื่อวันที่ 23 พฤษภาคม 2555
Calcipotriol,,oint,,,หมวดยา: Skin | หมวดยา: Other preparations for psoriasis (excluding topical corticosteroids) | ED: ง,ใช้ในกรณีที่ไม่ตอบสนองหรือเกิดผลข้างเคียงต่อ coal tar หรือ topical steroid,,สำนักงานประสานการพัฒนาบัญชียาหลักแห่งชาติ — ปรับปรุงเมื่อวันที่ 23 พฤษภาคม 2555
Acitretin,,cap,,,หมวดยา: Skin | หมวดยา: Other preparations for psoriasis (excluding topical corticosteroids) | ED: ง,"1. ใช้สำหรับสะเก็ดเงินชนิดปานกลางถึงรุนแรง ที่ไม่ตอบสนองต่อยาอื่นหรือมีข้อห้ามในการใช้ methotrexate
2. ใช้โดยแพทย์ผู้เชี่ยวชาญด้านตจวิทยา สำหรับรักษาโรคผิวหนังเรื้อรังอื่นๆ ที่ไม่ตอบสนองต่อการรักษาทั่วไป",ห้ามใช้ในหญิงตั้งครรภ์ และหลังจากหยุดยานี้แล้วให้คุมกำเนิดเป็นระยะเวลาอย่างน้อย 3 ปี,สำนักงานประสานการพัฒนาบัญชียาหลักแห่งชาติ — ปรับปรุงเมื่อวันที่ 23 พฤษภาคม 2555
Ciclosporin,,"cap, oral sol",,,หมวดยา: Skin | หมวดยา: Other preparations for psoriasis (excluding topical corticosteroids) | ชื่อพ้อง: Cyclosporin | ED: ง,"1. ใช้สำหรับสะเก็ดเงินชนิดปานกลางถึงรุนแรง ที่ไม่ตอบสนองต่อยาอื่นหรือมีข้อห้ามในการใช้ methotrexate
2. ใช้สำหรับ atopic dermatitis ชนิดรุนแรง
3. ใช้โดยแพทย์ผู้เชี่ยวชาญด้านตจวิทยา สำหรับรักษาโรคผิวหนังเรื้อรังอื่นๆ ที่ไม่ตอบสนองต่อการรักษาทั่วไป",,สำนักงานประสานการพัฒนาบัญชียาหลักแห่งชาติ — ปรับปรุงเมื่อวันที่ 23 พฤษภาคม 2555
Podophyllin,,"paint, paint (hosp)",,,หมวดยา: Skin | หมวดยา: Preparations for warts and calluses | ชื่อพ้อง: Podophyllum resin | ED: ก,,,สำนักงานประสานการพัฒนาบัญชียาหลักแห่งชาติ — ปรับปรุงเมื่อวันที่ 23 พฤษภาคม 2555
Salicylic acid,,"oint (hosp), paste (hosp)",,,หมวดยา: Skin | หมวดยา: Preparations for warts and calluses | ED: ก,,,สำนักงานประสานการพัฒนาบัญชียาหลักแห่งชาติ — ปรับปรุงเมื่อวันที่ 23 พฤษภาคม 2555
Silver nitrate,,"sol (hosp),crystal (hosp),stick (hosp)",,,หมวดยา: Skin | หมวดยา: Preparations for warts and calluses | ED: ก,,,สำนักงานประสานการพัฒนาบัญชียาหลักแห่งชาติ — ปรับปรุงเมื่อวันที่ 23 พฤษภาคม 2555
Trichloroacetic acid,,sol (hosp),,,หมวดยา: Skin | หมวดยา: Preparations for warts and calluses | ED: ก,,,สำนักงานประสานการพัฒนาบัญชียาหลักแห่งชาติ — ปรับปรุงเมื่อวันที่ 23 พฤษภาคม 2555
Salicylic acid + Lactic acid,,colloidal sol,,,หมวดยา: Skin | หมวดยา: Preparations for warts and calluses | ED: ข,,,สำนักงานประสานการพัฒนาบัญชียาหลักแห่งชาติ — ปรับปรุงเมื่อวันที่ 23 พฤษภาคม 2555
"Anti-D immunoglobulin, human",ยากำพร้า,inj,,,หมวดยา: Immunological products and vaccines | ED: ก,,,สำนักงานประสานการพัฒนาบัญชียาหลักแห่งชาติ — ปรับปรุงเมื่อวันที่ 23 พฤษภาคม 2555
BCG vaccine,,inj,,,หมวดยา: Immunological products and vaccines | ชื่อพ้อง: Bacillus Calmette-Guérin | ED: ก,,,สำนักงานประสานการพัฒนาบัญชียาหลักแห่งชาติ — ปรับปรุงเมื่อวันที่ 23 พฤษภาคม 2555
Diphtheria antitoxin,ยากำพร้า,inj,,,หมวดยา: Immunological products and vaccines | ชื่อพ้อง: DAT | ED: ก,,,สำนักงานประสานการพัฒนาบัญชียาหลักแห่งชาติ — ปรับปรุงเมื่อวันที่ 23 พฤษภาคม 2555
Diphtheria-Tetanus vaccine ทั้งชนิด DT(children type)และ dT (adult type),,inj,,,หมวดยา: Immunological products and vaccines | ED: ก,,,สำนักงานประสานการพัฒนาบัญชียาหลักแห่งชาติ — ปรับปรุงเมื่อวันที่ 23 พฤษภาคม 2555
Diphtheria-Tetanus-Pertussis vaccine (whole cell),,inj,,,หมวดยา: Immunological products and vaccines | ชื่อพ้อง: DTPw | ED: ก,,,สำนักงานประสานการพัฒนาบัญชียาหลักแห่งชาติ — ปรับปรุงเมื่อวันที่ 23 พฤษภาคม 2555
Diphtheria-Tetanus-Pertussis-Hepatitis B vaccine,,inj,,,หมวดยา: Immunological products and vaccines | ชื่อพ้อง: DTP-HB | ED: ก,,,สำนักงานประสานการพัฒนาบัญชียาหลักแห่งชาติ — ปรับปรุงเมื่อวันที่ 23 พฤษภาคม 2555
Hepatitis B vaccine,,inj,,,หมวดยา: Immunological products and vaccines | ชื่อพ้อง: HB | ED: ก,,,สำนักงานประสานการพัฒนาบัญชียาหลักแห่งชาติ — ปรับปรุงเมื่อวันที่ 23 พฤษภาคม 2555
Influenza vaccine ชนิดวัคซีนรวม 3 สายพันธุ์ (trivalent) ตามที่องค์การอนามัยโลกกำหนดในแต่ละปี,,,,,หมวดยา: Immunological products and vaccines | ED: ก,"1. ผู้สูงอายุที่มีอายุมากกว่า 65 ปี ทุกราย
2. ผู้ป่วยที่มีโรคเรื้อรังร่วมด้วย 7 โรค ได้แก่ โรคหอบหืด โรคปอดอุดกั้นเรื้อรัง โรคไตวาย โรคหัวใจ โรคเบาหวาน โรคหลอดเลือดสมอง และผู้ป่วยมะเร็งที่ได้รับการรักษาด้วยวิธีเคมีบำบัด
3. สำหรับบุคลากรด้านสาธารณสุขที่มีความเสี่ยง",,สำนักงานประสานการพัฒนาบัญชียาหลักแห่งชาติ — ปรับปรุงเมื่อวันที่ 23 พฤษภาคม 2555
Influenza vaccine ชนิด pandemic Influenza สายพันธุ์ตามที่องค์การอนามัยโลกกำหนดในแต่ละปี,,,,,หมวดยา: Immunological products and vaccines | ED: ก,,,สำนักงานประสานการพัฒนาบัญชียาหลักแห่งชาติ — ปรับปรุงเมื่อวันที่ 23 พฤษภาคม 2555
Measles-Mumps-Rubella vaccine,,inj,,,หมวดยา: Immunological products and vaccines | ชื่อพ้อง: MMR | ED: ก,,,สำนักงานประสานการพัฒนาบัญชียาหลักแห่งชาติ — ปรับปรุงเมื่อวันที่ 23 พฤษภาคม 2555
Measles  vaccine,,inj,,,หมวดยา: Immunological products and vaccines | ED: ก,,,สำนักงานประสานการพัฒนาบัญชียาหลักแห่งชาติ — ปรับปรุงเมื่อวันที่ 23 พฤษภาคม 2555
"Poliomyelitis vaccine, live attenuated",,"oral sol, oral susp",,,หมวดยา: Immunological products and vaccines | ชื่อพ้อง: OPV | ED: ก,,,สำนักงานประสานการพัฒนาบัญชียาหลักแห่งชาติ — ปรับปรุงเมื่อวันที่ 23 พฤษภาคม 2555
"Rabies immunoglobulin, horse",,inj,,,หมวดยา: Immunological products and vaccines | ชื่อพ้อง: ERIG | ED: ก,,,สำนักงานประสานการพัฒนาบัญชียาหลักแห่งชาติ — ปรับปรุงเมื่อวันที่ 23 พฤษภาคม 2555
Rabies vaccines ยกเว้นชนิด human diploid cell vaccine,,inj,,,หมวดยา: Immunological products and vaccines | ชื่อพ้อง: HDCV | ED: ก,"1. ใช้สำหรับ post-exposure protection
2. ใช้สำหรับ pre-exposure protection ในประชากรกลุ่มที่มีความเสี่ยงสูง",,สำนักงานประสานการพัฒนาบัญชียาหลักแห่งชาติ — ปรับปรุงเมื่อวันที่ 23 พฤษภาคม 2555
Rubella vaccine,,inj,,,หมวดยา: Immunological products and vaccines | ED: ก,,,สำนักงานประสานการพัฒนาบัญชียาหลักแห่งชาติ — ปรับปรุงเมื่อวันที่ 23 พฤษภาคม 2555
"Tetanus antitoxin, horse",,inj,,,หมวดยา: Immunological products and vaccines | ED: ก,,,สำนักงานประสานการพัฒนาบัญชียาหลักแห่งชาติ — ปรับปรุงเมื่อวันที่ 23 พฤษภาคม 2555
Tetanus vaccine,,inj,,,หมวดยา: Immunological products and vaccines | ชื่อพ้อง: Tetanus toxoid | ED: ก,,,สำนักงานประสานการพัฒนาบัญชียาหลักแห่งชาติ — ปรับปรุงเมื่อวันที่ 23 พฤษภาคม 2555
"Japanese encephalitis vaccine, inactivated",,inj,,,หมวดยา: Immunological products and vaccines | ชื่อพ้อง: (inactivated JE vaccine) | ED: ก,,,สำนักงานประสานการพัฒนาบัญชียาหลักแห่งชาติ — ปรับปรุงเมื่อวันที่ 23 พฤษภาคม 2555
"Japanese encephalitis vaccine, live attenuated",,inj,,,หมวดยา: Immunological products and vaccines | ชื่อพ้อง: Live Attenuated JE vaccine | ED: ข,ใช้ในกรณีที่ inactivated Japanese encephalitis vaccine ขาดแคลน และเป็นไปตามข้อกำหนดของสำนักงานคณะกรรมการอาหารและยา และคณะกรรมการวัคซีนแห่งชาติ,,สำนักงานประสานการพัฒนาบัญชียาหลักแห่งชาติ — ปรับปรุงเมื่อวันที่ 23 พฤษภาคม 2555
"Rabies immunoglobulin, human",,inj,,,หมวดยา: Immunological products and vaccines | ชื่อพ้อง: HRIG | ED: ข,"ใช้สำหรับผู้ที่แพ้ rabies immunoglobulin, horse (ERIG)",,สำนักงานประสานการพัฒนาบัญชียาหลักแห่งชาติ — ปรับปรุงเมื่อวันที่ 23 พฤษภาคม 2555
"Tetanus antitoxin, human",,inj,,,"หมวดยา: Immunological products and vaccines | ชื่อพ้อง: Anti-tetanus immunoglobulin, human | ED: ข","ใช้สำหรับผู้ที่แพ้ tetanus antitoxin, horse",,สำนักงานประสานการพัฒนาบัญชียาหลักแห่งชาติ — ปรับปรุงเมื่อวันที่ 23 พฤษภาคม 2555
"Hepatitis B immunoglobulin, human",,inj,,,หมวดยา: Immunological products and vaccines | ชื่อพ้อง: HBIG | ED: ค | หมายเหตุ: ในทารกแรกเกิดซึ่งมารดามีอายุครรภ์ปกติ การให้วัคซีนภายใน 24 ชั่วโมง สามารถป้องกันการติดเชื้อได้มากอยู่แล้ว การให้ HBIG ไม่ทำให้การป้องกันสูงขึ้น,"ใช้ร่วมกับการฉีด hepatitis B vaccine เฉพาะในกรณีดังต่อไปนี้
1. ทารกแรกเกิดที่มารดามี HBsAg เป็นบวก
2. เมื่อผิวหนังหรือเยื่อเมือกสัมผัสกับเลือดหรือสารคัดหลั่งที่มีผล HBsAg เป็นบวก เช่น บุคลากรทางการแพทย์ที่เกิดอุบัติเหตุสัมผัสโรคจากการทำงานตามแนวปฏิบัติของสถานพยาบาลนั้นๆ หรือผู้ที่ถูกข่มขืน
3. ป้องกันผู้ป่วยจากการกลับเป็นโรคตับอักเสบบีซ้ำหลังจากได้รับการเปลี่ยนตับแล้ว",,สำนักงานประสานการพัฒนาบัญชียาหลักแห่งชาติ — ปรับปรุงเมื่อวันที่ 23 พฤษภาคม 2555
Etomidate,,sterile emulsion,,,หมวดยา: Anesthesia | หมวดยา: General anesthesia | หมวดยา: Intravenous anesthetics | ED: ค,ใช้สำหรับนำสลบ (Induction of general anesthesia) ในผู้สูงอายุหรือผู้ป่วยที่มีปัญหาด้านหัวใจและหลอดเลือด,,สำนักงานประสานการพัฒนาบัญชียาหลักแห่งชาติ — ปรับปรุงเมื่อวันที่ 23 พฤษภาคม 2555
Propofol,,sterile emulsion,,,หมวดยา: Anesthesia | หมวดยา: General anesthesia | หมวดยา: Intravenous anesthetics | ED: ค,,,สำนักงานประสานการพัฒนาบัญชียาหลักแห่งชาติ — ปรับปรุงเมื่อวันที่ 23 พฤษภาคม 2555
Thiopental sodium,,sterile pwdr,,,หมวดยา: Anesthesia | หมวดยา: General anesthesia | หมวดยา: Intravenous anesthetics | ชื่อพ้อง: Thiopentone sodium | ED: ค,,,สำนักงานประสานการพัฒนาบัญชียาหลักแห่งชาติ — ปรับปรุงเมื่อวันที่ 23 พฤษภาคม 2555
Ketamine hydrochloride,วัตถุออกฤทธิ์ต่อจิตและประสาทประเภท 2,sterile sol,,,หมวดยา: Anesthesia | หมวดยา: General anesthesia | หมวดยา: Intravenous anesthetics | ED: ง,"1. ใช้ฉีดเข้ากล้ามเนื้อกับผู้ป่วยที่หาเส้นเลือดสำหรับให้น้ำเกลือไม่ได้ และใช้ในกรณีที่ผู้ป่วยมีความดันเลือดต่ำ
2. ใช้ในการระงับความรู้สึกสำหรับการทำหัตถการที่ใช้ระยะเวลาสั้นๆ
3. ใช้เป็นยาเสริม (adjunct therapy) เพื่อระงับอาการปวดรุนแรง (intractable pain)",,สำนักงานประสานการพัฒนาบัญชียาหลักแห่งชาติ — ปรับปรุงเมื่อวันที่ 23 พฤษภาคม 2555
Halothane,,volatile liquid,,,หมวดยา: Anesthesia | หมวดยา: General anesthesia | หมวดยา: Inhalational anesthetics | ED: ค,,,สำนักงานประสานการพัฒนาบัญชียาหลักแห่งชาติ — ปรับปรุงเมื่อวันที่ 23 พฤษภาคม 2555
Isoflurane,,volatile liquid,,,หมวดยา: Anesthesia | หมวดยา: General anesthesia | หมวดยา: Inhalational anesthetics | ED: ค,,,สำนักงานประสานการพัฒนาบัญชียาหลักแห่งชาติ — ปรับปรุงเมื่อวันที่ 23 พฤษภาคม 2555
Sevoflurane,,volatile liquid,,,หมวดยา: Anesthesia | หมวดยา: General anesthesia | หมวดยา: Inhalational anesthetics | ED: ค,,,สำนักงานประสานการพัฒนาบัญชียาหลักแห่งชาติ — ปรับปรุงเมื่อวันที่ 23 พฤษภาคม 2555
Atracurium besilate,,sterile sol,,,หมวดยา: Anesthesia | หมวดยา: General anesthesia | หมวดยา: Muscle relaxants (Neuromuscular blocking drugs) | ED: ค,,,สำนักงานประสานการพัฒนาบัญชียาหลักแห่งชาติ — ปรับปรุงเมื่อวันที่ 23 พฤษภาคม 2555
Cisatracurium besilate,,sterile sol,,,หมวดยา: Anesthesia | หมวดยา: General anesthesia | หมวดยา: Muscle relaxants (Neuromuscular blocking drugs) | ED: ค,,,สำนักงานประสานการพัฒนาบัญชียาหลักแห่งชาติ — ปรับปรุงเมื่อวันที่ 23 พฤษภาคม 2555
Pancuronium bromide,,sterile sol,,,หมวดยา: Anesthesia | หมวดยา: General anesthesia | หมวดยา: Muscle relaxants (Neuromuscular blocking drugs) | ED: ค,,,สำนักงานประสานการพัฒนาบัญชียาหลักแห่งชาติ — ปรับปรุงเมื่อวันที่ 23 พฤษภาคม 2555
Rocuronium bromide,,sterile sol,,,หมวดยา: Anesthesia | หมวดยา: General anesthesia | หมวดยา: Muscle relaxants (Neuromuscular blocking drugs) | ED: ค,,,สำนักงานประสานการพัฒนาบัญชียาหลักแห่งชาติ — ปรับปรุงเมื่อวันที่ 23 พฤษภาคม 2555
Suxamethonium chloride,,"sterile pwdr, sterile sol",,,หมวดยา: Anesthesia | หมวดยา: General anesthesia | หมวดยา: Muscle relaxants (Neuromuscular blocking drugs) | ชื่อพ้อง: Succinylcholine chloride | ED: ค,,,สำนักงานประสานการพัฒนาบัญชียาหลักแห่งชาติ — ปรับปรุงเมื่อวันที่ 23 พฤษภาคม 2555
Vecuronium bromide,,sterile pwdr,,,หมวดยา: Anesthesia | หมวดยา: General anesthesia | หมวดยา: Muscle relaxants (Neuromuscular blocking drugs) | ED: ค,,,สำนักงานประสานการพัฒนาบัญชียาหลักแห่งชาติ — ปรับปรุงเมื่อวันที่ 23 พฤษภาคม 2555
Diazepam,วัตถุออกฤทธิ์ต่อจิตและประสาทประเภท 4,"cap, tab, sterile sol",,,หมวดยา: Anesthesia | หมวดยา: General anesthesia | หมวดยา: Sedative and analgesic peri-operative drugs | ED: ก,,,สำนักงานประสานการพัฒนาบัญชียาหลักแห่งชาติ — ปรับปรุงเมื่อวันที่ 23 พฤษภาคม 2555
Fentanyl citrate,ยาเสพติดให้โทษประเภท 2,sterile sol,,,หมวดยา: Anesthesia | หมวดยา: General anesthesia | หมวดยา: Sedative and analgesic peri-operative drugs | ED: ค,,,สำนักงานประสานการพัฒนาบัญชียาหลักแห่งชาติ — ปรับปรุงเมื่อวันที่ 23 พฤษภาคม 2555
Morphine sulfate,ยาเสพติดให้โทษประเภท 2,sterile sol,,,หมวดยา: Anesthesia | หมวดยา: General anesthesia | หมวดยา: Sedative and analgesic peri-operative drugs | ED: ค,,,สำนักงานประสานการพัฒนาบัญชียาหลักแห่งชาติ — ปรับปรุงเมื่อวันที่ 23 พฤษภาคม 2555
Pethidine hydrochloride,ยาเสพติดให้โทษประเภท 2,sterile sol,,,หมวดยา: Anesthesia | หมวดยา: General anesthesia | หมวดยา: Sedative and analgesic peri-operative drugs | ED: ค,,,สำนักงานประสานการพัฒนาบัญชียาหลักแห่งชาติ — ปรับปรุงเมื่อวันที่ 23 พฤษภาคม 2555
Midazolam hydrochloride,วัตถุออกฤทธิ์ต่อจิตและประสาทประเภท 2,sterile sol,,,หมวดยา: Anesthesia | หมวดยา: General anesthesia | หมวดยา: Sedative and analgesic peri-operative drugs | ED: ง,ใช้เสริมยาระงับความรู้สึกทั่วตัว และใช้รักษาผู้ป่วยที่มีอาการกระวนกระวายหรือชัก หลังให้ยาระงับความรู้สึก,,สำนักงานประสานการพัฒนาบัญชียาหลักแห่งชาติ — ปรับปรุงเมื่อวันที่ 23 พฤษภาคม 2555
Midazolam maleate,วัตถุออกฤทธิ์ต่อจิตและประสาทประเภท 2,tab,,,หมวดยา: Anesthesia | หมวดยา: General anesthesia | หมวดยา: Sedative and analgesic peri-operative drugs | ED: ง,ใช้เตรียมผู้ป่วยก่อนให้ยาระงับความรู้สึก (premedication) เท่านั้น โดยเบิกได้วันละไม่เกิน 2 เม็ดต่อผู้ป่วยหนึ่งราย,,สำนักงานประสานการพัฒนาบัญชียาหลักแห่งชาติ — ปรับปรุงเมื่อวันที่ 23 พฤษภาคม 2555
Atropine sulfate,,sterile sol,,,หมวดยา: Anesthesia | หมวดยา: General anesthesia | หมวดยา: Anticholinesterases and antimuscarinic drugs used in anesthesia | ED: ก,ใช้แก้ฤทธิ์ยาหย่อนกล้ามเนื้อ,,สำนักงานประสานการพัฒนาบัญชียาหลักแห่งชาติ — ปรับปรุงเมื่อวันที่ 23 พฤษภาคม 2555
Neostigmine methylsulfate,,sterile sol,,,หมวดยา: Anesthesia | หมวดยา: General anesthesia | หมวดยา: Anticholinesterases and antimuscarinic drugs used in anesthesia | ED: ก,ใช้แก้ฤทธิ์ยาหย่อนกล้ามเนื้อ,,สำนักงานประสานการพัฒนาบัญชียาหลักแห่งชาติ — ปรับปรุงเมื่อวันที่ 23 พฤษภาคม 2555
Dantrolene sodium,ยากำพร้า,sterile pwdr,,,หมวดยา: Anesthesia | หมวดยา: General anesthesia | หมวดยา: Drugs for malignant hyperthermia | ED: ง,ใช้สำหรับ malignant hyperthermia,,สำนักงานประสานการพัฒนาบัญชียาหลักแห่งชาติ — ปรับปรุงเมื่อวันที่ 23 พฤษภาคม 2555
Benzocaine,,"gel, oint",,,หมวดยา: Anesthesia | หมวดยา: Local anesthesia | ED: ก,,,สำนักงานประสานการพัฒนาบัญชียาหลักแห่งชาติ — ปรับปรุงเมื่อวันที่ 23 พฤษภาคม 2555
Lidocaine hydrochloride,,"gel, oint, spray, sterile sol (dental cartridge), sterile sol (local infiltration), viscous sol",,,หมวดยา: Anesthesia | หมวดยา: Local anesthesia | ED: ก,,,สำนักงานประสานการพัฒนาบัญชียาหลักแห่งชาติ — ปรับปรุงเมื่อวันที่ 23 พฤษภาคม 2555
Lidocaine + Prilocaine,,cream,,,หมวดยา: Anesthesia | หมวดยา: Local anesthesia | ED: ก,,,สำนักงานประสานการพัฒนาบัญชียาหลักแห่งชาติ — ปรับปรุงเมื่อวันที่ 23 พฤษภาคม 2555
Lidocaine hydrochloride + Epinephrine,,"sterile sol (local infiltration), sterile sol (dental cartridge)",,,หมวดยา: Anesthesia | หมวดยา: Local anesthesia | ED: ก,,,สำนักงานประสานการพัฒนาบัญชียาหลักแห่งชาติ — ปรับปรุงเมื่อวันที่ 23 พฤษภาคม 2555
Mepivaciane hydrochloride,,sterile sol (dental cartridge),,,หมวดยา: Anesthesia | หมวดยา: Local anesthesia | ED: ก,,,สำนักงานประสานการพัฒนาบัญชียาหลักแห่งชาติ — ปรับปรุงเมื่อวันที่ 23 พฤษภาคม 2555
Mepivaciane hydrochloride + Epinephrine,,sterile sol (dental cartridge),,,หมวดยา: Anesthesia | หมวดยา: Local anesthesia | ED: ก,,,สำนักงานประสานการพัฒนาบัญชียาหลักแห่งชาติ — ปรับปรุงเมื่อวันที่ 23 พฤษภาคม 2555
Bupivacaine hydrochloride,,sterile sol,,,หมวดยา: Anesthesia | หมวดยา: Local anesthesia | ED: ข | หมายเหตุ: ใช้ในกรณี local infiltration,,อาจทำให้เกิดพิษต่อหัวใจ,สำนักงานประสานการพัฒนาบัญชียาหลักแห่งชาติ — ปรับปรุงเมื่อวันที่ 23 พฤษภาคม 2555
Bupivacaine hydrochloride,,sterile sol,,,หมวดยา: Anesthesia | หมวดยา: Local anesthesia | ED: ค | หมายเหตุ: ใช้ในกรณี regional anesthesia และ analgesia,,อาจทำให้เกิดพิษต่อหัวใจ,สำนักงานประสานการพัฒนาบัญชียาหลักแห่งชาติ — ปรับปรุงเมื่อวันที่ 23 พฤษภาคม 2555
Lidocaine hydrochloride,,sterile sol,,,หมวดยา: Anesthesia | หมวดยา: Local anesthesia | ED: ค | หมายเหตุ: ใช้ในกรณี regional anesthesia,,,สำนักงานประสานการพัฒนาบัญชียาหลักแห่งชาติ — ปรับปรุงเมื่อวันที่ 23 พฤษภาคม 2555
Lidocaine hydrochloride + Epinephrine,,sterile sol,,,หมวดยา: Anesthesia | หมวดยา: Local anesthesia | ED: ค | หมายเหตุ: ใช้ในกรณี regional anesthesia,,,สำนักงานประสานการพัฒนาบัญชียาหลักแห่งชาติ — ปรับปรุงเมื่อวันที่ 23 พฤษภาคม 2555
Acetylcysteine,,sterile sol,,,"หมวดยา: Antidotes | รายละเอียดกลุ่ม 1: ยาในกลุ่มนี้หลายชนิดไม่ปรากฎเป็นยาในบัญชีนี้ เนื่องจากเป็นยากำพร้า (orphan drugs) ที่มีปัญหาการจัดหาและไม่มีทะเบียนตำรับยา แต่ควรส่งเสริมให้มีการจัดหามาใช้และควรอนุมัติให้เบิกค่ายาได้ 
หมายเลขโทรศัพท์ของศูนย์พิษวิทยา เช่น ศูนย์พิษวิทยา ร.พ.รามาธิบดี โทร. 0 2201 1083  ศูนย์พิษวิทยา ร.พ.ศิริราช โทร. 0 2419 7007 | ชื่อพ้อง: N-acetylcysteine | ED: ก",ใช้แก้พิษที่เกิดจากการได้รับ paracetamol เกินขนาด,,สำนักงานประสานการพัฒนาบัญชียาหลักแห่งชาติ — ปรับปรุงเมื่อวันที่ 23 พฤษภาคม 2555
Antivenom sera,,inj,"- งูเห่า
 - งูจงอาง
 - งูสามเหลี่ยม
 - งูเขียวหางไหม้
 - งูแมวเซา
 - งูกะปะ
 - งูทับสมิงคลา",,"หมวดยา: Antidotes | รายละเอียดกลุ่ม 1: ยาในกลุ่มนี้หลายชนิดไม่ปรากฎเป็นยาในบัญชีนี้ เนื่องจากเป็นยากำพร้า (orphan drugs) ที่มีปัญหาการจัดหาและไม่มีทะเบียนตำรับยา แต่ควรส่งเสริมให้มีการจัดหามาใช้และควรอนุมัติให้เบิกค่ายาได้ 
หมายเลขโทรศัพท์ของศูนย์พิษวิทยา เช่น ศูนย์พิษวิทยา ร.พ.รามาธิบดี โทร. 0 2201 1083  ศูนย์พิษวิทยา ร.พ.ศิริราช โทร. 0 2419 7007 | ED: ก",,,สำนักงานประสานการพัฒนาบัญชียาหลักแห่งชาติ — ปรับปรุงเมื่อวันที่ 23 พฤษภาคม 2555
Polyvalent antivenom for hematotoxin,,inj,,,"หมวดยา: Antidotes | รายละเอียดกลุ่ม 1: ยาในกลุ่มนี้หลายชนิดไม่ปรากฎเป็นยาในบัญชีนี้ เนื่องจากเป็นยากำพร้า (orphan drugs) ที่มีปัญหาการจัดหาและไม่มีทะเบียนตำรับยา แต่ควรส่งเสริมให้มีการจัดหามาใช้และควรอนุมัติให้เบิกค่ายาได้ 
หมายเลขโทรศัพท์ของศูนย์พิษวิทยา เช่น ศูนย์พิษวิทยา ร.พ.รามาธิบดี โทร. 0 2201 1083  ศูนย์พิษวิทยา ร.พ.ศิริราช โทร. 0 2419 7007 | ED: ก",ใช้แก้พิษต่อระบบเลือดในรายที่ถูกงูไม่ทราบชนิดกัด,,สำนักงานประสานการพัฒนาบัญชียาหลักแห่งชาติ — ปรับปรุงเมื่อวันที่ 23 พฤษภาคม 2555
Polyvalent antivenom for neurotoxin,,inj,,,"หมวดยา: Antidotes | รายละเอียดกลุ่ม 1: ยาในกลุ่มนี้หลายชนิดไม่ปรากฎเป็นยาในบัญชีนี้ เนื่องจากเป็นยากำพร้า (orphan drugs) ที่มีปัญหาการจัดหาและไม่มีทะเบียนตำรับยา แต่ควรส่งเสริมให้มีการจัดหามาใช้และควรอนุมัติให้เบิกค่ายาได้ 
หมายเลขโทรศัพท์ของศูนย์พิษวิทยา เช่น ศูนย์พิษวิทยา ร.พ.รามาธิบดี โทร. 0 2201 1083  ศูนย์พิษวิทยา ร.พ.ศิริราช โทร. 0 2419 7007 | ED: ก",ใช้แก้พิษต่อระบบประสาทในรายที่ถูกงูไม่ทราบชนิดกัด,,สำนักงานประสานการพัฒนาบัญชียาหลักแห่งชาติ — ปรับปรุงเมื่อวันที่ 23 พฤษภาคม 2555
Atropine sulfate,,sterile sol,,,"หมวดยา: Antidotes | รายละเอียดกลุ่ม 1: ยาในกลุ่มนี้หลายชนิดไม่ปรากฎเป็นยาในบัญชีนี้ เนื่องจากเป็นยากำพร้า (orphan drugs) ที่มีปัญหาการจัดหาและไม่มีทะเบียนตำรับยา แต่ควรส่งเสริมให้มีการจัดหามาใช้และควรอนุมัติให้เบิกค่ายาได้ 
หมายเลขโทรศัพท์ของศูนย์พิษวิทยา เช่น ศูนย์พิษวิทยา ร.พ.รามาธิบดี โทร. 0 2201 1083  ศูนย์พิษวิทยา ร.พ.ศิริราช โทร. 0 2419 7007 | ED: ก","ใช้ต้านพิษ cholinesterase inhibitors (เช่น organophosphates, carbamates) และภาวะ cholinergic crisis",,สำนักงานประสานการพัฒนาบัญชียาหลักแห่งชาติ — ปรับปรุงเมื่อวันที่ 23 พฤษภาคม 2555
Benzatropine mesilate,,sterile sol,,,"หมวดยา: Antidotes | รายละเอียดกลุ่ม 1: ยาในกลุ่มนี้หลายชนิดไม่ปรากฎเป็นยาในบัญชีนี้ เนื่องจากเป็นยากำพร้า (orphan drugs) ที่มีปัญหาการจัดหาและไม่มีทะเบียนตำรับยา แต่ควรส่งเสริมให้มีการจัดหามาใช้และควรอนุมัติให้เบิกค่ายาได้ 
หมายเลขโทรศัพท์ของศูนย์พิษวิทยา เช่น ศูนย์พิษวิทยา ร.พ.รามาธิบดี โทร. 0 2201 1083  ศูนย์พิษวิทยา ร.พ.ศิริราช โทร. 0 2419 7007 | ชื่อพ้อง: Benztropine mesylate | ED: ก",ใช้บำบัดภาวะ dystonia เนื่องจากยา,,สำนักงานประสานการพัฒนาบัญชียาหลักแห่งชาติ — ปรับปรุงเมื่อวันที่ 23 พฤษภาคม 2555
Calcium gluconate,,sterile sol,,,"หมวดยา: Antidotes | รายละเอียดกลุ่ม 1: ยาในกลุ่มนี้หลายชนิดไม่ปรากฎเป็นยาในบัญชีนี้ เนื่องจากเป็นยากำพร้า (orphan drugs) ที่มีปัญหาการจัดหาและไม่มีทะเบียนตำรับยา แต่ควรส่งเสริมให้มีการจัดหามาใช้และควรอนุมัติให้เบิกค่ายาได้ 
หมายเลขโทรศัพท์ของศูนย์พิษวิทยา เช่น ศูนย์พิษวิทยา ร.พ.รามาธิบดี โทร. 0 2201 1083  ศูนย์พิษวิทยา ร.พ.ศิริราช โทร. 0 2419 7007 | ED: ก | หมายเหตุ: ให้ฉีดเข้าเส้นเลือดอย่างช้าๆ การฉีดเร็วอาจทำให้ผู้ป่วยเสียชีวิตได้",ใช้บำบัดพิษที่เกิดจาก hydrofluoric acid และ calcium channel blockers,,สำนักงานประสานการพัฒนาบัญชียาหลักแห่งชาติ — ปรับปรุงเมื่อวันที่ 23 พฤษภาคม 2555
"Charcoal, activated",,pwdr,,,"หมวดยา: Antidotes | รายละเอียดกลุ่ม 1: ยาในกลุ่มนี้หลายชนิดไม่ปรากฎเป็นยาในบัญชีนี้ เนื่องจากเป็นยากำพร้า (orphan drugs) ที่มีปัญหาการจัดหาและไม่มีทะเบียนตำรับยา แต่ควรส่งเสริมให้มีการจัดหามาใช้และควรอนุมัติให้เบิกค่ายาได้ 
หมายเลขโทรศัพท์ของศูนย์พิษวิทยา เช่น ศูนย์พิษวิทยา ร.พ.รามาธิบดี โทร. 0 2201 1083  ศูนย์พิษวิทยา ร.พ.ศิริราช โทร. 0 2419 7007 | ED: ก",ใช้ดูดซับสารพิษทั่วไป,,สำนักงานประสานการพัฒนาบัญชียาหลักแห่งชาติ — ปรับปรุงเมื่อวันที่ 23 พฤษภาคม 2555
Diazepam,วัตถุที่ออกฤทธิ์ต่อจิตและประสาทประเภท 4,sterile sol,,,"หมวดยา: Antidotes | รายละเอียดกลุ่ม 1: ยาในกลุ่มนี้หลายชนิดไม่ปรากฎเป็นยาในบัญชีนี้ เนื่องจากเป็นยากำพร้า (orphan drugs) ที่มีปัญหาการจัดหาและไม่มีทะเบียนตำรับยา แต่ควรส่งเสริมให้มีการจัดหามาใช้และควรอนุมัติให้เบิกค่ายาได้ 
หมายเลขโทรศัพท์ของศูนย์พิษวิทยา เช่น ศูนย์พิษวิทยา ร.พ.รามาธิบดี โทร. 0 2201 1083  ศูนย์พิษวิทยา ร.พ.ศิริราช โทร. 0 2419 7007 | ED: ก",ใช้บำบัดอาการชักที่เกิดจากยาหรือ สารพิษ,,สำนักงานประสานการพัฒนาบัญชียาหลักแห่งชาติ — ปรับปรุงเมื่อวันที่ 23 พฤษภาคม 2555
Diphenhydramine hydrochloride,ยากำพร้า,"cap, sterile sol",,,"หมวดยา: Antidotes | รายละเอียดกลุ่ม 1: ยาในกลุ่มนี้หลายชนิดไม่ปรากฎเป็นยาในบัญชีนี้ เนื่องจากเป็นยากำพร้า (orphan drugs) ที่มีปัญหาการจัดหาและไม่มีทะเบียนตำรับยา แต่ควรส่งเสริมให้มีการจัดหามาใช้และควรอนุมัติให้เบิกค่ายาได้ 
หมายเลขโทรศัพท์ของศูนย์พิษวิทยา เช่น ศูนย์พิษวิทยา ร.พ.รามาธิบดี โทร. 0 2201 1083  ศูนย์พิษวิทยา ร.พ.ศิริราช โทร. 0 2419 7007 | ED: ก",ใช้บำบัดภาวะ dystonia เนื่องจากยาในเด็กและในผู้ใหญ่,,สำนักงานประสานการพัฒนาบัญชียาหลักแห่งชาติ — ปรับปรุงเมื่อวันที่ 23 พฤษภาคม 2555
Ethanol,ยากำพร้า,"sterile sol, sterile sol (hosp)",,,"หมวดยา: Antidotes | รายละเอียดกลุ่ม 1: ยาในกลุ่มนี้หลายชนิดไม่ปรากฎเป็นยาในบัญชีนี้ เนื่องจากเป็นยากำพร้า (orphan drugs) ที่มีปัญหาการจัดหาและไม่มีทะเบียนตำรับยา แต่ควรส่งเสริมให้มีการจัดหามาใช้และควรอนุมัติให้เบิกค่ายาได้ 
หมายเลขโทรศัพท์ของศูนย์พิษวิทยา เช่น ศูนย์พิษวิทยา ร.พ.รามาธิบดี โทร. 0 2201 1083  ศูนย์พิษวิทยา ร.พ.ศิริราช โทร. 0 2419 7007 | ED: ก",ใช้บำบัดพิษจาก methanol และ ethylene glycol,,สำนักงานประสานการพัฒนาบัญชียาหลักแห่งชาติ — ปรับปรุงเมื่อวันที่ 23 พฤษภาคม 2555
Macrogols  with electrolytes,,"oral pwdr , oral pwdr (hosp)",,,"หมวดยา: Antidotes | รายละเอียดกลุ่ม 1: ยาในกลุ่มนี้หลายชนิดไม่ปรากฎเป็นยาในบัญชีนี้ เนื่องจากเป็นยากำพร้า (orphan drugs) ที่มีปัญหาการจัดหาและไม่มีทะเบียนตำรับยา แต่ควรส่งเสริมให้มีการจัดหามาใช้และควรอนุมัติให้เบิกค่ายาได้ 
หมายเลขโทรศัพท์ของศูนย์พิษวิทยา เช่น ศูนย์พิษวิทยา ร.พ.รามาธิบดี โทร. 0 2201 1083  ศูนย์พิษวิทยา ร.พ.ศิริราช โทร. 0 2419 7007 | ชื่อพ้อง: Polyethylene glycol, PEG | ED: ก",ใช้ทำหัตถการล้างกระเพาะและลำไส้ (whole bowel irrigation) กรณีได้รับสารพิษ หรือล้างผิวหนังกรณีสัมผัส phenol,,สำนักงานประสานการพัฒนาบัญชียาหลักแห่งชาติ — ปรับปรุงเมื่อวันที่ 23 พฤษภาคม 2555
Naloxone hydrochloride,,sterile sol,,,"หมวดยา: Antidotes | รายละเอียดกลุ่ม 1: ยาในกลุ่มนี้หลายชนิดไม่ปรากฎเป็นยาในบัญชีนี้ เนื่องจากเป็นยากำพร้า (orphan drugs) ที่มีปัญหาการจัดหาและไม่มีทะเบียนตำรับยา แต่ควรส่งเสริมให้มีการจัดหามาใช้และควรอนุมัติให้เบิกค่ายาได้ 
หมายเลขโทรศัพท์ของศูนย์พิษวิทยา เช่น ศูนย์พิษวิทยา ร.พ.รามาธิบดี โทร. 0 2201 1083  ศูนย์พิษวิทยา ร.พ.ศิริราช โทร. 0 2419 7007 | ED: ก","1. ใช้บำบัดอาการพิษจากสารกลุ่ม opioids และ clonidine 
2. ใช้บำบัดภาวะกดการหายใจที่ไม่ทราบสาเหตุ",,สำนักงานประสานการพัฒนาบัญชียาหลักแห่งชาติ — ปรับปรุงเมื่อวันที่ 23 พฤษภาคม 2555
Pralidoxime chloride,,sterile pwdr,,,"หมวดยา: Antidotes | รายละเอียดกลุ่ม 1: ยาในกลุ่มนี้หลายชนิดไม่ปรากฎเป็นยาในบัญชีนี้ เนื่องจากเป็นยากำพร้า (orphan drugs) ที่มีปัญหาการจัดหาและไม่มีทะเบียนตำรับยา แต่ควรส่งเสริมให้มีการจัดหามาใช้และควรอนุมัติให้เบิกค่ายาได้ 
หมายเลขโทรศัพท์ของศูนย์พิษวิทยา เช่น ศูนย์พิษวิทยา ร.พ.รามาธิบดี โทร. 0 2201 1083  ศูนย์พิษวิทยา ร.พ.ศิริราช โทร. 0 2419 7007 | ชื่อพ้อง: 2-PAM | ED: ก",ใช้บำบัดพิษที่เกิดจาก organophosphates,,สำนักงานประสานการพัฒนาบัญชียาหลักแห่งชาติ — ปรับปรุงเมื่อวันที่ 23 พฤษภาคม 2555
Sodium bicarbonate,,sterile sol (เฉพาะ 44.6 mEq),,,"หมวดยา: Antidotes | รายละเอียดกลุ่ม 1: ยาในกลุ่มนี้หลายชนิดไม่ปรากฎเป็นยาในบัญชีนี้ เนื่องจากเป็นยากำพร้า (orphan drugs) ที่มีปัญหาการจัดหาและไม่มีทะเบียนตำรับยา แต่ควรส่งเสริมให้มีการจัดหามาใช้และควรอนุมัติให้เบิกค่ายาได้ 
หมายเลขโทรศัพท์ของศูนย์พิษวิทยา เช่น ศูนย์พิษวิทยา ร.พ.รามาธิบดี โทร. 0 2201 1083  ศูนย์พิษวิทยา ร.พ.ศิริราช โทร. 0 2419 7007 | ED: ก","1. ใช้บำบัดภาวะ hyperkalemia และพิษที่เกิดจากสาร  tricyclic antidepressants, antiarrythmics type I   
2. ใช้ปรับปัสสาวะให้เป็นด่าง เพื่อเร่งการกำจัดสารพิษ เช่น salicylates, metformin, phenformin เป็นต้น",,สำนักงานประสานการพัฒนาบัญชียาหลักแห่งชาติ — ปรับปรุงเมื่อวันที่ 23 พฤษภาคม 2555
Vitamin K1,,sterile sol,,,"หมวดยา: Antidotes | รายละเอียดกลุ่ม 1: ยาในกลุ่มนี้หลายชนิดไม่ปรากฎเป็นยาในบัญชีนี้ เนื่องจากเป็นยากำพร้า (orphan drugs) ที่มีปัญหาการจัดหาและไม่มีทะเบียนตำรับยา แต่ควรส่งเสริมให้มีการจัดหามาใช้และควรอนุมัติให้เบิกค่ายาได้ 
หมายเลขโทรศัพท์ของศูนย์พิษวิทยา เช่น ศูนย์พิษวิทยา ร.พ.รามาธิบดี โทร. 0 2201 1083  ศูนย์พิษวิทยา ร.พ.ศิริราช โทร. 0 2419 7007 | ชื่อพ้อง: Phytomenadione | ED: ก",ใช้บำบัดพิษจากยา anticoagulants (coumarin derivatives),,สำนักงานประสานการพัฒนาบัญชียาหลักแห่งชาติ — ปรับปรุงเมื่อวันที่ 23 พฤษภาคม 2555
Cyclophosphamide,,sterile pwdr,,,"หมวดยา: Antidotes | รายละเอียดกลุ่ม 1: ยาในกลุ่มนี้หลายชนิดไม่ปรากฎเป็นยาในบัญชีนี้ เนื่องจากเป็นยากำพร้า (orphan drugs) ที่มีปัญหาการจัดหาและไม่มีทะเบียนตำรับยา แต่ควรส่งเสริมให้มีการจัดหามาใช้และควรอนุมัติให้เบิกค่ายาได้ 
หมายเลขโทรศัพท์ของศูนย์พิษวิทยา เช่น ศูนย์พิษวิทยา ร.พ.รามาธิบดี โทร. 0 2201 1083  ศูนย์พิษวิทยา ร.พ.ศิริราช โทร. 0 2419 7007 | ED: ค",ใช้บำบัดพิษจากสาร paraquat ภายใต้การกำกับดูแลของศูนย์พิษวิทยา,,สำนักงานประสานการพัฒนาบัญชียาหลักแห่งชาติ — ปรับปรุงเมื่อวันที่ 23 พฤษภาคม 2555
Deferoxamine mesilate,,sterile pwdr,,,"หมวดยา: Antidotes | รายละเอียดกลุ่ม 1: ยาในกลุ่มนี้หลายชนิดไม่ปรากฎเป็นยาในบัญชีนี้ เนื่องจากเป็นยากำพร้า (orphan drugs) ที่มีปัญหาการจัดหาและไม่มีทะเบียนตำรับยา แต่ควรส่งเสริมให้มีการจัดหามาใช้และควรอนุมัติให้เบิกค่ายาได้ 
หมายเลขโทรศัพท์ของศูนย์พิษวิทยา เช่น ศูนย์พิษวิทยา ร.พ.รามาธิบดี โทร. 0 2201 1083  ศูนย์พิษวิทยา ร.พ.ศิริราช โทร. 0 2419 7007 | ชื่อพ้อง: Desferrioxamine mesilate | ED: ค",ใช้กำจัดพิษจากภาวะธาตุเหล็กสูงผิดปกติเฉียบพลัน และเรื้อรัง,,สำนักงานประสานการพัฒนาบัญชียาหลักแห่งชาติ — ปรับปรุงเมื่อวันที่ 23 พฤษภาคม 2555
Dimercaprol,ยากำพร้า,sterile oil solution for IM use,,,"หมวดยา: Antidotes | รายละเอียดกลุ่ม 1: ยาในกลุ่มนี้หลายชนิดไม่ปรากฎเป็นยาในบัญชีนี้ เนื่องจากเป็นยากำพร้า (orphan drugs) ที่มีปัญหาการจัดหาและไม่มีทะเบียนตำรับยา แต่ควรส่งเสริมให้มีการจัดหามาใช้และควรอนุมัติให้เบิกค่ายาได้ 
หมายเลขโทรศัพท์ของศูนย์พิษวิทยา เช่น ศูนย์พิษวิทยา ร.พ.รามาธิบดี โทร. 0 2201 1083  ศูนย์พิษวิทยา ร.พ.ศิริราช โทร. 0 2419 7007 | ชื่อพ้อง: British Anti-Lewisite, BAL | ED: ค",ใช้บำบัดพิษเฉียบพลันจากปรอท ทอง และสารหนู และใช้ร่วมกับ sodium calcium edetate ในกรณีบำบัดพิษเฉียบพลันจากตะกั่ว,ห้ามใช้ในผู้ป่วยที่มีประวัติแพ้ถั่วลิสงเนื่องจากยานี้มีส่วนผสมของน้ำมันถั่วลิสง,สำนักงานประสานการพัฒนาบัญชียาหลักแห่งชาติ — ปรับปรุงเมื่อวันที่ 23 พฤษภาคม 2555
Penicillamine,,"cap , tab",,,"หมวดยา: Antidotes | รายละเอียดกลุ่ม 1: ยาในกลุ่มนี้หลายชนิดไม่ปรากฎเป็นยาในบัญชีนี้ เนื่องจากเป็นยากำพร้า (orphan drugs) ที่มีปัญหาการจัดหาและไม่มีทะเบียนตำรับยา แต่ควรส่งเสริมให้มีการจัดหามาใช้และควรอนุมัติให้เบิกค่ายาได้ 
หมายเลขโทรศัพท์ของศูนย์พิษวิทยา เช่น ศูนย์พิษวิทยา ร.พ.รามาธิบดี โทร. 0 2201 1083  ศูนย์พิษวิทยา ร.พ.ศิริราช โทร. 0 2419 7007 | ชื่อพ้อง: D-Penicillamine | ED: ค",ใช้บำบัดอาการพิษจากสารทองแดง ตะกั่ว ปรอท และสารหนู,ระวังการใช้กับหญิงตั้งครรภ์เพราะเป็นสารก่อวิรูป (teratogen),สำนักงานประสานการพัฒนาบัญชียาหลักแห่งชาติ — ปรับปรุงเมื่อวันที่ 23 พฤษภาคม 2555
Protamine sulfate,,sterile sol,,,"หมวดยา: Antidotes | รายละเอียดกลุ่ม 1: ยาในกลุ่มนี้หลายชนิดไม่ปรากฎเป็นยาในบัญชีนี้ เนื่องจากเป็นยากำพร้า (orphan drugs) ที่มีปัญหาการจัดหาและไม่มีทะเบียนตำรับยา แต่ควรส่งเสริมให้มีการจัดหามาใช้และควรอนุมัติให้เบิกค่ายาได้ 
หมายเลขโทรศัพท์ของศูนย์พิษวิทยา เช่น ศูนย์พิษวิทยา ร.พ.รามาธิบดี โทร. 0 2201 1083  ศูนย์พิษวิทยา ร.พ.ศิริราช โทร. 0 2419 7007 | ED: ค",ใช้ในกรณีที่มีเลือดออกมากผิดปกติจากการได้รับ heparin เกินขนาด,,สำนักงานประสานการพัฒนาบัญชียาหลักแห่งชาติ — ปรับปรุงเมื่อวันที่ 23 พฤษภาคม 2555
Sodium calcium edetate,ยากำพร้า,sterile sol,,,"หมวดยา: Antidotes | รายละเอียดกลุ่ม 1: ยาในกลุ่มนี้หลายชนิดไม่ปรากฎเป็นยาในบัญชีนี้ เนื่องจากเป็นยากำพร้า (orphan drugs) ที่มีปัญหาการจัดหาและไม่มีทะเบียนตำรับยา แต่ควรส่งเสริมให้มีการจัดหามาใช้และควรอนุมัติให้เบิกค่ายาได้ 
หมายเลขโทรศัพท์ของศูนย์พิษวิทยา เช่น ศูนย์พิษวิทยา ร.พ.รามาธิบดี โทร. 0 2201 1083  ศูนย์พิษวิทยา ร.พ.ศิริราช โทร. 0 2419 7007 | ชื่อพ้อง: Edetate calcium disodium, Calcium EDTA | ED: ค",ใช้บำบัดพิษจากตะกั่ว สังกะสี และแมงกานีส,,สำนักงานประสานการพัฒนาบัญชียาหลักแห่งชาติ — ปรับปรุงเมื่อวันที่ 23 พฤษภาคม 2555
Sodium nitrite,ยากำพร้า,"sterile sol , sterile sol (hosp)",,,"หมวดยา: Antidotes | รายละเอียดกลุ่ม 1: ยาในกลุ่มนี้หลายชนิดไม่ปรากฎเป็นยาในบัญชีนี้ เนื่องจากเป็นยากำพร้า (orphan drugs) ที่มีปัญหาการจัดหาและไม่มีทะเบียนตำรับยา แต่ควรส่งเสริมให้มีการจัดหามาใช้และควรอนุมัติให้เบิกค่ายาได้ 
หมายเลขโทรศัพท์ของศูนย์พิษวิทยา เช่น ศูนย์พิษวิทยา ร.พ.รามาธิบดี โทร. 0 2201 1083  ศูนย์พิษวิทยา ร.พ.ศิริราช โทร. 0 2419 7007 | ED: ค",ใช้บำบัดพิษจากไซยาไนด์  และไฮโดรเจนซัลไฟด์,"การใช้ยาปริมาณมากเกินไปอาจทำให้เกิดภาวะ cardiovascular collapse, methaemoglobinaemia และอาจถึงตายได้",สำนักงานประสานการพัฒนาบัญชียาหลักแห่งชาติ — ปรับปรุงเมื่อวันที่ 23 พฤษภาคม 2555
Sodium thiosulfate,ยากำพร้า,"sterile sol , sterile sol (hosp)",,,"หมวดยา: Antidotes | รายละเอียดกลุ่ม 1: ยาในกลุ่มนี้หลายชนิดไม่ปรากฎเป็นยาในบัญชีนี้ เนื่องจากเป็นยากำพร้า (orphan drugs) ที่มีปัญหาการจัดหาและไม่มีทะเบียนตำรับยา แต่ควรส่งเสริมให้มีการจัดหามาใช้และควรอนุมัติให้เบิกค่ายาได้ 
หมายเลขโทรศัพท์ของศูนย์พิษวิทยา เช่น ศูนย์พิษวิทยา ร.พ.รามาธิบดี โทร. 0 2201 1083  ศูนย์พิษวิทยา ร.พ.ศิริราช โทร. 0 2419 7007 | ED: ค",ใช้บำบัดพิษจากไซยาไนด์,,สำนักงานประสานการพัฒนาบัญชียาหลักแห่งชาติ — ปรับปรุงเมื่อวันที่ 23 พฤษภาคม 2555
Vitamin B6,,sterile sol (เฉพาะ 50 mg),,,"หมวดยา: Antidotes | รายละเอียดกลุ่ม 1: ยาในกลุ่มนี้หลายชนิดไม่ปรากฎเป็นยาในบัญชีนี้ เนื่องจากเป็นยากำพร้า (orphan drugs) ที่มีปัญหาการจัดหาและไม่มีทะเบียนตำรับยา แต่ควรส่งเสริมให้มีการจัดหามาใช้และควรอนุมัติให้เบิกค่ายาได้ 
หมายเลขโทรศัพท์ของศูนย์พิษวิทยา เช่น ศูนย์พิษวิทยา ร.พ.รามาธิบดี โทร. 0 2201 1083  ศูนย์พิษวิทยา ร.พ.ศิริราช โทร. 0 2419 7007 | ชื่อพ้อง: Pyridoxine hydrochloride | ED: ค",ใช้บำบัดพิษจากยา Isoniazid และเห็ดสมองวัว (Gyromitra spp.),,สำนักงานประสานการพัฒนาบัญชียาหลักแห่งชาติ — ปรับปรุงเมื่อวันที่ 23 พฤษภาคม 2555
Botulinum antitoxin,ยากำพร้า,inj,,,"หมวดยา: Antidotes | รายละเอียดกลุ่ม 1: ยาในกลุ่มนี้หลายชนิดไม่ปรากฎเป็นยาในบัญชีนี้ เนื่องจากเป็นยากำพร้า (orphan drugs) ที่มีปัญหาการจัดหาและไม่มีทะเบียนตำรับยา แต่ควรส่งเสริมให้มีการจัดหามาใช้และควรอนุมัติให้เบิกค่ายาได้ 
หมายเลขโทรศัพท์ของศูนย์พิษวิทยา เช่น ศูนย์พิษวิทยา ร.พ.รามาธิบดี โทร. 0 2201 1083  ศูนย์พิษวิทยา ร.พ.ศิริราช โทร. 0 2419 7007 | ED: ง",ใช้บำบัดพิษ Botulism,,สำนักงานประสานการพัฒนาบัญชียาหลักแห่งชาติ — ปรับปรุงเมื่อวันที่ 23 พฤษภาคม 2555
Calcium folinate,,"cap, tab, sterile pwdr, sterile sol",,,"หมวดยา: Antidotes | รายละเอียดกลุ่ม 1: ยาในกลุ่มนี้หลายชนิดไม่ปรากฎเป็นยาในบัญชีนี้ เนื่องจากเป็นยากำพร้า (orphan drugs) ที่มีปัญหาการจัดหาและไม่มีทะเบียนตำรับยา แต่ควรส่งเสริมให้มีการจัดหามาใช้และควรอนุมัติให้เบิกค่ายาได้ 
หมายเลขโทรศัพท์ของศูนย์พิษวิทยา เช่น ศูนย์พิษวิทยา ร.พ.รามาธิบดี โทร. 0 2201 1083  ศูนย์พิษวิทยา ร.พ.ศิริราช โทร. 0 2419 7007 | ชื่อพ้อง: Leucovorin calcium | ED: ง","1. ใช้บำบัดพิษจากสาร folic acid antagonists, methotrexate, trimethoprim และ pyrimethamine 
2. ใช้ป้องกันพิษจาก methotrexate เฉพาะกรณีใช้ยานี้ในขนาดสูง 
3. ให้ร่วมกับ fluorouracil (5-FU) ในการบำบัดมะเร็งลำไส้",,สำนักงานประสานการพัฒนาบัญชียาหลักแห่งชาติ — ปรับปรุงเมื่อวันที่ 23 พฤษภาคม 2555
Flumazenil,,sterile sol,,,"หมวดยา: Antidotes | รายละเอียดกลุ่ม 1: ยาในกลุ่มนี้หลายชนิดไม่ปรากฎเป็นยาในบัญชีนี้ เนื่องจากเป็นยากำพร้า (orphan drugs) ที่มีปัญหาการจัดหาและไม่มีทะเบียนตำรับยา แต่ควรส่งเสริมให้มีการจัดหามาใช้และควรอนุมัติให้เบิกค่ายาได้ 
หมายเลขโทรศัพท์ของศูนย์พิษวิทยา เช่น ศูนย์พิษวิทยา ร.พ.รามาธิบดี โทร. 0 2201 1083  ศูนย์พิษวิทยา ร.พ.ศิริราช โทร. 0 2419 7007 | ED: ง",ใช้บำบัดอาการสงบประสาทที่เกิดจากการใช้ยาในกลุ่ม benzodiazepines เกินขนาด,,สำนักงานประสานการพัฒนาบัญชียาหลักแห่งชาติ — ปรับปรุงเมื่อวันที่ 23 พฤษภาคม 2555
Mesna,,sterile sol,,,"หมวดยา: Antidotes | รายละเอียดกลุ่ม 1: ยาในกลุ่มนี้หลายชนิดไม่ปรากฎเป็นยาในบัญชีนี้ เนื่องจากเป็นยากำพร้า (orphan drugs) ที่มีปัญหาการจัดหาและไม่มีทะเบียนตำรับยา แต่ควรส่งเสริมให้มีการจัดหามาใช้และควรอนุมัติให้เบิกค่ายาได้ 
หมายเลขโทรศัพท์ของศูนย์พิษวิทยา เช่น ศูนย์พิษวิทยา ร.พ.รามาธิบดี โทร. 0 2201 1083  ศูนย์พิษวิทยา ร.พ.ศิริราช โทร. 0 2419 7007 | ED: ง",ใช้เฉพาะกับผู้ป่วยที่ได้รับยา ifosfamide หรือ cyclophosphamide ขนาดสูง (มากกว่า 1.5 g/m2) เพื่อป้องกันภาวะเลือดออกในทางเดินปัสสาวะ,,สำนักงานประสานการพัฒนาบัญชียาหลักแห่งชาติ — ปรับปรุงเมื่อวันที่ 23 พฤษภาคม 2555
Methylene blue,ยากำพร้า,"sterile sol , sterile sol (hosp)",,,"หมวดยา: Antidotes | รายละเอียดกลุ่ม 1: ยาในกลุ่มนี้หลายชนิดไม่ปรากฎเป็นยาในบัญชีนี้ เนื่องจากเป็นยากำพร้า (orphan drugs) ที่มีปัญหาการจัดหาและไม่มีทะเบียนตำรับยา แต่ควรส่งเสริมให้มีการจัดหามาใช้และควรอนุมัติให้เบิกค่ายาได้ 
หมายเลขโทรศัพท์ของศูนย์พิษวิทยา เช่น ศูนย์พิษวิทยา ร.พ.รามาธิบดี โทร. 0 2201 1083  ศูนย์พิษวิทยา ร.พ.ศิริราช โทร. 0 2419 7007 | ชื่อพ้อง: Methylthioninium chloride | ED: ง",ใช้บำบัด methemoglobinaemia,ควรใช้อย่างระมัดระวังในผู้ป่วยภาวะการทำงานของไตบกพร่องขั้นรุนแรง และในผู้ป่วยขาดเอนไชม์ G6PD,สำนักงานประสานการพัฒนาบัญชียาหลักแห่งชาติ — ปรับปรุงเมื่อวันที่ 23 พฤษภาคม 2555
Norepinephrine,,sterile sol (as bitartrate or hydrochloride),,,"หมวดยา: Antidotes | รายละเอียดกลุ่ม 1: ยาในกลุ่มนี้หลายชนิดไม่ปรากฎเป็นยาในบัญชีนี้ เนื่องจากเป็นยากำพร้า (orphan drugs) ที่มีปัญหาการจัดหาและไม่มีทะเบียนตำรับยา แต่ควรส่งเสริมให้มีการจัดหามาใช้และควรอนุมัติให้เบิกค่ายาได้ 
หมายเลขโทรศัพท์ของศูนย์พิษวิทยา เช่น ศูนย์พิษวิทยา ร.พ.รามาธิบดี โทร. 0 2201 1083  ศูนย์พิษวิทยา ร.พ.ศิริราช โทร. 0 2419 7007 | ชื่อพ้อง: Noradrenaline | ED: ง","ใช้บำบัดภาวะความดันเลือดตกเนื่องจากยา เช่น ยากลุ่ม beta-blockers, calcium channel blockers และ theophylline เป็นต้น",,สำนักงานประสานการพัฒนาบัญชียาหลักแห่งชาติ — ปรับปรุงเมื่อวันที่ 23 พฤษภาคม 2555
Phenobarbital sodium,วัตถุที่ออกฤทธิ์ต่อจิตและประสาทประเภท 4,"sterile pwdr, sterile sol",,,"หมวดยา: Antidotes | รายละเอียดกลุ่ม 1: ยาในกลุ่มนี้หลายชนิดไม่ปรากฎเป็นยาในบัญชีนี้ เนื่องจากเป็นยากำพร้า (orphan drugs) ที่มีปัญหาการจัดหาและไม่มีทะเบียนตำรับยา แต่ควรส่งเสริมให้มีการจัดหามาใช้และควรอนุมัติให้เบิกค่ายาได้ 
หมายเลขโทรศัพท์ของศูนย์พิษวิทยา เช่น ศูนย์พิษวิทยา ร.พ.รามาธิบดี โทร. 0 2201 1083  ศูนย์พิษวิทยา ร.พ.ศิริราช โทร. 0 2419 7007 | ชื่อพ้อง: Phenobarbitone sodium | ED: ง",ใช้บำบัดอาการชักที่เกิดจากยา,,สำนักงานประสานการพัฒนาบัญชียาหลักแห่งชาติ — ปรับปรุงเมื่อวันที่ 23 พฤษภาคม 2555
Succimer,ยากำพร้า,cap,,,"หมวดยา: Antidotes | รายละเอียดกลุ่ม 1: ยาในกลุ่มนี้หลายชนิดไม่ปรากฎเป็นยาในบัญชีนี้ เนื่องจากเป็นยากำพร้า (orphan drugs) ที่มีปัญหาการจัดหาและไม่มีทะเบียนตำรับยา แต่ควรส่งเสริมให้มีการจัดหามาใช้และควรอนุมัติให้เบิกค่ายาได้ 
หมายเลขโทรศัพท์ของศูนย์พิษวิทยา เช่น ศูนย์พิษวิทยา ร.พ.รามาธิบดี โทร. 0 2201 1083  ศูนย์พิษวิทยา ร.พ.ศิริราช โทร. 0 2419 7007 | ED: ง",ใช้บำบัดพิษจากตะกั่ว,,สำนักงานประสานการพัฒนาบัญชียาหลักแห่งชาติ — ปรับปรุงเมื่อวันที่ 23 พฤษภาคม 2555
Iopromide,,"sterile sol (เฉพาะ 300 mg/ml as iodine), (50 ml, 100 ml)  sterile sol (เฉพาะ 370 mg/ml as iodine), (100 ml)",,,"หมวดยา: Contrast media and Radiopharmaceuticals | หมวดยา: X-ray contrast media, iodinated | หมวดยา: Drugs used in urography and computed tomography | ED: ง | หมายเหตุ: 1. ขนาด 300 mg/ml ใช้กับเครื่องเอกซเรย์คอมพิวเตอร์ชนิด multi-slice CT ส่วน 370 mg/ml ใช้กับชนิด single-slice CT และการตรวจหลอดเลือดด้วยเครื่องเอกซเรย์คอมพิวเตอร์ (computed tomography angiography; CTA)
2. ราคายา Iopromide ความแรง 300 mg/ml (Iodine) ขนาด 50 ml ขวดละไม่เกิน 369.15 บาท (ราคารวมภาษีมูลค่าเพิ่ม)
3. ราคายา Iopromide ความแรง 300 mg/ml (Iodine) ขนาด 100 ml ขวดละไม่เกิน 738.30 บาท (ราคารวมภาษีมูลค่าเพิ่ม)
4. ราคายา Iopromide ความแรง 370 mg/ml (Iodine) ขนาด 100 ml ขวดละไม่เกิน 781.10 บาท (ราคารวมภาษีมูลค่าเพิ่ม)
ราคายาในข้อที่ 2-4 กำหนดยืนราคา 730 วัน  นับจากวันถัดจากวันประกาศในราชกิจจานุเบกษา เงื่อนไขและรายละเอียดอื่นๆ ให้ดูตามแบบเสนอยาในเว็บไซต์ www.nlem.in.th",ใช้สำหรับ urography และ computed tomography (CT),,สำนักงานประสานการพัฒนาบัญชียาหลักแห่งชาติ — ปรับปรุงเมื่อวันที่ 23 พฤษภาคม 2555
Iopamidol,,"sterile sol (เฉพาะ 300 mg/ml as iodine), (100 ml)",,,"หมวดยา: Contrast media and Radiopharmaceuticals | หมวดยา: X-ray contrast media, iodinated | หมวดยา: Drugs used in angiography | ED: ง | หมายเหตุ: ยา Iopamidol ความแรง 300 mg/ml (Iodine) ขนาด 100 ml มีผู้นำเข้ามากกว่า 1 ราย แต่มีผู้เสนอราคา 1 ราย ราคาที่ต่อรองได้ ขวดละไม่เกิน 791.80 บาท (ราคารวมภาษีมูลค่าเพิ่ม) กำหนดยืนราคา 740 วัน นับจากวันถัดจากวันประกาศในราชกิจจานุเบกษา เงื่อนไขและรายละเอียดอื่นๆ ให้ดูตามแบบเสนอยาในเว็บไซต์ www.nlem.in.th",ใช้สำหรับ interventional neuroradiology,,สำนักงานประสานการพัฒนาบัญชียาหลักแห่งชาติ — ปรับปรุงเมื่อวันที่ 23 พฤษภาคม 2555
Iopromide,,"sterile sol (เฉพาะ 300 และ 370 mg/ml as iodine), (100 ml)",,,"หมวดยา: Contrast media and Radiopharmaceuticals | หมวดยา: X-ray contrast media, iodinated | หมวดยา: Drugs used in angiography | ED: ง | หมายเหตุ: 1. ราคายา Iopromide ความแรง 300 mg/ml (Iodine) ขนาด 100 ml ขวดละไม่เกิน 738.30 บาท (ราคารวมภาษีมูลค่าเพิ่ม)
2. ราคายา Iopromide ความแรง 370 mg/ml (Iodine) ขนาด 100 ml ขวดละไม่เกิน 781.10 บาท (ราคารวมภาษีมูลค่าเพิ่ม)
ราคายาลำดับที่ 1 และ 2 กำหนดยืนราคา 730 วัน นับจากวันถัดจากวันประกาศในราชกิจจานุเบกษา เงื่อนไขและรายละเอียดอื่นๆ ให้ดูตามแบบเสนอยาในเว็บไซต์ www.nlem.in.th","1.  ขนาด 300 mg/ml as iodine ใช้สำหรับ diagnostic angiography และ body interventional radiology
2.  ขนาด 370 mg/ml as iodine ใช้สำหรับ body interventional radiology",,สำนักงานประสานการพัฒนาบัญชียาหลักแห่งชาติ — ปรับปรุงเมื่อวันที่ 23 พฤษภาคม 2555
Iopamidol,,"sterile sol (เฉพาะ 300 mg/ml as iodine), (10 ml)",,,"หมวดยา: Contrast media and Radiopharmaceuticals | หมวดยา: X-ray contrast media, iodinated | หมวดยา: Drugs used in myelography | ED: ง | หมายเหตุ: ราคายา Iopamidol ความแรง 300 mg/ml (Iodine) ขนาด 10 ml ที่ต่อรองได้ ขวดละไม่เกิน 403.39 บาท (ราคารวมภาษีมูลค่าเพิ่ม) กำหนดยืนราคา 740 วัน นับจากวันถัดจากวันประกาศในราชกิจจานุเบกษา เงื่อนไขและรายละเอียดอื่นๆ ให้ดูตามแบบเสนอยาในเว็บไซต์ www.nlem.in.th",ใช้สำหรับ myelography,,สำนักงานประสานการพัฒนาบัญชียาหลักแห่งชาติ — ปรับปรุงเมื่อวันที่ 23 พฤษภาคม 2555
Iopromide,,"sterile sol (เฉพาะ 300 และ 370 mg/ml as iodine), (50 ml, 100 ml)",,,"หมวดยา: Contrast media and Radiopharmaceuticals | หมวดยา: X-ray contrast media, iodinated | หมวดยา: Drugs used in cardiovascular catheterization | ED: ง | หมายเหตุ: 1. ราคายา Iopromide ความแรง 300 mg/ml (Iodine) ขนาด 50 ml ขวดละไม่เกิน 369.15 บาท (ราคารวมภาษีมูลค่าเพิ่ม)
2. ราคายา Iopromide ความแรง 300 mg/ml (Iodine) ขนาด 100 ml ขวดละไม่เกิน 738.30 บาท (ราคารวมภาษีมูลค่าเพิ่ม)
 3. ราคายา Iopromide ความแรง 370 mg/ml (Iodine) ขนาด 50 ml ขวดละไม่เกิน 390.55 บาท (ราคารวมภาษีมูลค่าเพิ่ม)
4. ราคายา Iopromide ความแรง 370 mg/ml (Iodine) ขนาด 100 ml ขวดละไม่เกิน 781.10 บาท (ราคารวมภาษีมูลค่าเพิ่ม)
ราคายาลำดับที่ 1-4 กำหนดยืนราคา 730 วัน  นับจากวันถัดจากวันประกาศในราชกิจจานุเบกษา เงื่อนไขและรายละเอียดอื่นๆ ให้ดูตามแบบเสนอยาในเว็บไซต์ www.nlem.in.th",ใช้สำหรับ cardiovascular catheterization เฉพาะผู้สูงอายุ ผู้ป่วยเด็ก ผู้ป่วยโรคหลอดเลือดแดงส่วนปลาย และผู้ป่วยโรคหัวใจล้มเหลว,,สำนักงานประสานการพัฒนาบัญชียาหลักแห่งชาติ — ปรับปรุงเมื่อวันที่ 23 พฤษภาคม 2555
Meglumine ioxitalamate + Sodium ioxitalamate,,"sterile sol (เฉพาะ 350 mg/ml as iodine), (50 ml, 100 ml)",,,"หมวดยา: Contrast media and Radiopharmaceuticals | หมวดยา: X-ray contrast media, iodinated | หมวดยา: Drugs used in Intracavitary, Hysterosalpingography (HSG), Urethrography, Voiding cysto-urethrography | ED: ง | หมายเหตุ: 1. ราคายา Meglumine ioxitalamate + Sodium ioxitalamate ความแรง 350 mg/ml (Iodine) ขนาด 50 ml ขวดละไม่เกิน 321.00 บาท (ราคารวมภาษีมูลค่าเพิ่ม) 
2. ราคายา Meglumine ioxitalamate + Sodium ioxitalamate ความแรง 350 mg/ml (Iodine) ขนาด 100 ml ขวดละไม่เกิน 620.60 บาท (ราคารวมภาษีมูลค่าเพิ่ม)
ราคายาลำดับที่ 1-2 กำหนดยืนราคา 730 วัน  นับจากวันถัดจากวันประกาศในราชกิจจานุเบกษา เงื่อนไขและรายละเอียดอื่นๆ ให้ดูตามแบบเสนอยาในเว็บไซต์ www.nlem.in.th","ใช้สำหรับ intracavitary, hysterosalpingography (HSG),  urethrography, voiding cysto-urethrography",,สำนักงานประสานการพัฒนาบัญชียาหลักแห่งชาติ — ปรับปรุงเมื่อวันที่ 23 พฤษภาคม 2555
Barium sulfate,,pwdr for oral susp,,,"หมวดยา: Contrast media and Radiopharmaceuticals | หมวดยา: X-ray contrast media, non-iodinated | ED: ก | หมายเหตุ: ต้องเป็น Barium sulfate ที่บริสุทธิ์และใช้ในทางการแพทย์สำหรับการตรวจวินิจฉัยโรคเท่านั้น",,,สำนักงานประสานการพัฒนาบัญชียาหลักแห่งชาติ — ปรับปรุงเมื่อวันที่ 23 พฤษภาคม 2555
Meglumine gadopentetate,,"sterile sol (เฉพาะ 469 mg/ml of gadopentetic acid ), (10 ml, 15 ml)",,,"หมวดยา: Contrast media and Radiopharmaceuticals | หมวดยา: Contrast media for magnetic resonance imaging  (MRI diagnostic agents) | ED: ง | หมายเหตุ: 1.  ใช้สำหรับ creatinine clearance (GFR) มากกว่า 60 ml/min/1.73 m2
2. ราคายา Meglumine gadopentetate ความแรง 469 mg/ml (gadopentetic acid) ขนาด 10 ml ขวดละไม่เกิน 631.30 บาท (ราคารวมภาษีมูลค่าเพิ่ม)
3. ราคายา Meglumine gadopentetate ความแรง 469 mg/ml (gadopentetic acid) ขนาด 15 ml ขวดละไม่เกิน 909.50 บาท (ราคารวมภาษีมูลค่าเพิ่ม)
ราคายาในข้อที่ 2 และ 3 กำหนดยืนราคา 730 วัน  นับจากวันถัดจากวันประกาศในราชกิจจานุเบกษา เงื่อนไขและรายละเอียดอื่นๆ ให้ดูตามแบบเสนอยาในเว็บไซต์ www.nlem.in.th",ใช้สำหรับ MRI,,สำนักงานประสานการพัฒนาบัญชียาหลักแห่งชาติ — ปรับปรุงเมื่อวันที่ 23 พฤษภาคม 2555
Meglumine gadoterate,,"sterile sol (เฉพาะ 377 mg/ml of gadoteric acid), (10 ml, 15 ml)",,,"หมวดยา: Contrast media and Radiopharmaceuticals | หมวดยา: Contrast media for magnetic resonance imaging  (MRI diagnostic agents) | ED: ง | หมายเหตุ: 1.  ใช้สำหรับ creatinine clearance (GFR) อยู่ระหว่าง 30 - 60 ml/min/1.73 m2
2.  ราคายา Meglumine gadoterate  ความแรง 377 mg/ml (gadoteric acid) ขนาด 10 ml ขวดละไม่เกิน 684.80 บาท (ราคารวมภาษีมูลค่าเพิ่ม) 
3. ราคายา Meglumine gadoterate  ความแรง 377 mg/ml (gadoteric acid) ขนาด 15 ml ขวดละไม่เกิน 984.40 บาท (ราคารวมภาษีมูลค่าเพิ่ม) 
ราคายาในข้อที่ 2 และ 3 กำหนดยืนราคา 730 วัน  นับจากวันถัดจากวันประกาศในราชกิจจานุเบกษา เงื่อนไขและรายละเอียดอื่นๆ ให้ดูตามแบบเสนอยาในเว็บไซต์ www.nlem.in.th",ใช้สำหรับ MRI,,สำนักงานประสานการพัฒนาบัญชียาหลักแห่งชาติ — ปรับปรุงเมื่อวันที่ 23 พฤษภาคม 2555
Tc-99m dextran,,sterile sol for inj (hosp),,,หมวดยา: Contrast media and Radiopharmaceuticals | หมวดยา: Radiopharmaceuticals | ED: ง,ใช้เพื่อการตรวจวินิจฉัยโรคการอุดกั้นของระบบทางเดินน้ำเหลือง (lymphatic obstruction),,สำนักงานประสานการพัฒนาบัญชียาหลักแห่งชาติ — ปรับปรุงเมื่อวันที่ 23 พฤษภาคม 2555
Tc-99m diethylene triamine penta acetic acid,,"sterile sol for inj (hosp), aerosol for inhalation (hosp)",,,หมวดยา: Contrast media and Radiopharmaceuticals | หมวดยา: Radiopharmaceuticals | ชื่อพ้อง: DTPA | ED: ง,1. ใช้เพื่อการคำนวณหาค่า glomerular filtration rate (GFR) 2. ใช้เพื่อการตรวจวินิจฉัยโรคทางเดินหายใจ (ventilation lung scan),,สำนักงานประสานการพัฒนาบัญชียาหลักแห่งชาติ — ปรับปรุงเมื่อวันที่ 23 พฤษภาคม 2555
Tc-99m dimercaptosuccinic acid,,sterile sol for inj (hosp),,,หมวดยา: Contrast media and Radiopharmaceuticals | หมวดยา: Radiopharmaceuticals | ชื่อพ้อง: DMSA | ED: ง,"1. ใช้เพื่อการตรวจวินิจฉัยโรคการอักเสบและแผลเป็นของเนื้อไต
2.  ใช้ประเมินการทำงานของไต",,สำนักงานประสานการพัฒนาบัญชียาหลักแห่งชาติ — ปรับปรุงเมื่อวันที่ 23 พฤษภาคม 2555
Tc-99m dimercaptosuccinic acid  V,,sterile sol for inj (hosp),,,หมวดยา: Contrast media and Radiopharmaceuticals | หมวดยา: Radiopharmaceuticals | ชื่อพ้อง: DMSA [V] | ED: ง,ใช้เพื่อการตรวจวินิจฉัยโรค medullary thyroid cancer,,สำนักงานประสานการพัฒนาบัญชียาหลักแห่งชาติ — ปรับปรุงเมื่อวันที่ 23 พฤษภาคม 2555
Tc-99m iminodiacetic acid,,sterile sol for inj (hosp),,,หมวดยา: Contrast media and Radiopharmaceuticals | หมวดยา: Radiopharmaceuticals | ชื่อพ้อง: IDA | ED: ง,ใช้เพื่อการตรวจวินิจฉัยโรคทางเดินน้ำดี,,สำนักงานประสานการพัฒนาบัญชียาหลักแห่งชาติ — ปรับปรุงเมื่อวันที่ 23 พฤษภาคม 2555
Tc-99m methylene diphosphonate,,sterile sol for inj (hosp),,,หมวดยา: Contrast media and Radiopharmaceuticals | หมวดยา: Radiopharmaceuticals | ชื่อพ้อง: MDP | ED: ง,ใช้เพื่อการตรวจวินิจฉัยโรคกระดูกและข้อ,,สำนักงานประสานการพัฒนาบัญชียาหลักแห่งชาติ — ปรับปรุงเมื่อวันที่ 23 พฤษภาคม 2555
Tc-99m phytate,,sterile sol for inj (hosp),,,หมวดยา: Contrast media and Radiopharmaceuticals | หมวดยา: Radiopharmaceuticals | ED: ง,ใช้เพื่อการตรวจวินิจฉัยโรคตับและม้าม,,สำนักงานประสานการพัฒนาบัญชียาหลักแห่งชาติ — ปรับปรุงเมื่อวันที่ 23 พฤษภาคม 2555
Tc-99m sulfur colloid,,sterile sol for inj (hosp),,,หมวดยา: Contrast media and Radiopharmaceuticals | หมวดยา: Radiopharmaceuticals | ED: ง,ใช้เพื่อการตรวจวินิจฉัยโรค reticuloendothelial system,,สำนักงานประสานการพัฒนาบัญชียาหลักแห่งชาติ — ปรับปรุงเมื่อวันที่ 23 พฤษภาคม 2555
